time,负载功率(kW),TOU计划功率(kW),逆变功率(kW),逆变设置功率(kW),逆变限制功率(kW),电池功率(kW),电池设置功率(kW),储能SOC(%),电网功率(kW),光伏功率(kW)
2026-02-26 00:00:00,60.0,0.0,0.0,0.0,125.0,0.0,0.0,60.0,60.0,0.0
2026-02-26 00:01:00,60.0,0.0,0.0,0.0,125.0,0.0,0.0,60.0,60.0,0.0
2026-02-26 00:02:00,60.0,0.0,0.0,0.0,125.0,0.0,0.0,60.0,60.0,0.0
2026-02-26 00:03:00,60.0,0.0,0.0,0.0,125.0,0.0,0.0,60.0,60.0,0.0
2026-02-26 00:04:00,60.0,0.0,0.0,0.0,125.0,0.0,0.0,60.0,60.0,0.0
2026-02-26 00:05:00,60.0,0.0,0.0,0.0,125.0,0.0,0.0,60.0,60.0,0.0
2026-02-26 00:06:00,60.0,0.0,0.0,0.0,125.0,0.0,0.0,60.0,60.0,0.0
2026-02-26 00:07:00,60.0,0.0,0.0,0.0,125.0,0.0,0.0,60.0,60.0,0.0
2026-02-26 00:08:00,60.0,0.0,0.0,0.0,125.0,0.0,0.0,60.0,60.0,0.0
2026-02-26 00:09:00,60.0,0.0,0.0,0.0,125.0,0.0,0.0,60.0,60.0,0.0
2026-02-26 00:10:00,60.0,0.0,0.0,0.0,125.0,0.0,0.0,60.0,60.0,0.0
2026-02-26 00:11:00,60.0,0.0,0.0,0.0,125.0,0.0,0.0,60.0,60.0,0.0
2026-02-26 00:12:00,60.0,0.0,0.0,0.0,125.0,0.0,0.0,60.0,60.0,0.0
2026-02-26 00:13:00,60.0,0.0,0.0,0.0,125.0,0.0,0.0,60.0,60.0,0.0
2026-02-26 00:14:00,60.0,0.0,0.0,0.0,125.0,0.0,0.0,60.0,60.0,0.0
2026-02-26 00:15:00,60.0,0.0,0.0,0.0,125.0,0.0,0.0,60.0,60.0,0.0
2026-02-26 00:16:00,60.0,0.0,0.0,0.0,125.0,0.0,0.0,60.0,60.0,0.0
2026-02-26 00:17:00,60.0,0.0,0.0,0.0,125.0,0.0,0.0,60.0,60.0,0.0
2026-02-26 00:18:00,60.0,0.0,0.0,0.0,125.0,0.0,0.0,60.0,60.0,0.0
2026-02-26 00:19:00,60.0,0.0,0.0,0.0,125.0,0.0,0.0,60.0,60.0,0.0
2026-02-26 00:20:00,60.0,0.0,0.0,0.0,125.0,0.0,0.0,60.0,60.0,0.0
2026-02-26 00:21:00,60.0,0.0,0.0,0.0,125.0,0.0,0.0,60.0,60.0,0.0
2026-02-26 00:22:00,60.0,0.0,0.0,0.0,125.0,0.0,0.0,60.0,60.0,0.0
2026-02-26 00:23:00,60.0,0.0,0.0,0.0,125.0,0.0,0.0,60.0,60.0,0.0
2026-02-26 00:24:00,60.0,0.0,0.0,0.0,125.0,0.0,0.0,60.0,60.0,0.0
2026-02-26 00:25:00,60.0,0.0,0.0,0.0,125.0,0.0,0.0,60.0,60.0,0.0
2026-02-26 00:26:00,60.0,0.0,0.0,0.0,125.0,0.0,0.0,60.0,60.0,0.0
2026-02-26 00:27:00,60.0,0.0,0.0,0.0,125.0,0.0,0.0,60.0,60.0,0.0
2026-02-26 00:28:00,60.0,0.0,0.0,0.0,125.0,0.0,0.0,60.0,60.0,0.0
2026-02-26 00:29:00,60.0,0.0,0.0,0.0,125.0,0.0,0.0,60.0,60.0,0.0
2026-02-26 00:30:00,60.0,0.0,0.0,0.0,125.0,0.0,0.0,60.0,60.0,0.0
2026-02-26 00:31:00,60.0,0.0,0.0,0.0,125.0,0.0,0.0,60.0,60.0,0.0
2026-02-26 00:32:00,60.0,0.0,0.0,0.0,125.0,0.0,0.0,60.0,60.0,0.0
2026-02-26 00:33:00,60.0,0.0,0.0,0.0,125.0,0.0,0.0,60.0,60.0,0.0
2026-02-26 00:34:00,60.0,0.0,0.0,0.0,125.0,0.0,0.0,60.0,60.0,0.0
2026-02-26 00:35:00,60.0,0.0,0.0,0.0,125.0,0.0,0.0,60.0,60.0,0.0
2026-02-26 00:36:00,60.0,0.0,0.0,0.0,125.0,0.0,0.0,60.0,60.0,0.0
2026-02-26 00:37:00,60.0,0.0,0.0,0.0,125.0,0.0,0.0,60.0,60.0,0.0
2026-02-26 00:38:00,60.0,0.0,0.0,0.0,125.0,0.0,0.0,60.0,60.0,0.0
2026-02-26 00:39:00,60.0,0.0,0.0,0.0,125.0,0.0,0.0,60.0,60.0,0.0
2026-02-26 00:40:00,60.0,0.0,0.0,0.0,125.0,0.0,0.0,60.0,60.0,0.0
2026-02-26 00:41:00,60.0,0.0,0.0,0.0,125.0,0.0,0.0,60.0,60.0,0.0
2026-02-26 00:42:00,60.0,0.0,0.0,0.0,125.0,0.0,0.0,60.0,60.0,0.0
2026-02-26 00:43:00,60.0,0.0,0.0,0.0,125.0,0.0,0.0,60.0,60.0,0.0
2026-02-26 00:44:00,60.0,0.0,0.0,0.0,125.0,0.0,0.0,60.0,60.0,0.0
2026-02-26 00:45:00,60.0,0.0,0.0,0.0,125.0,0.0,0.0,60.0,60.0,0.0
2026-02-26 00:46:00,60.0,0.0,0.0,0.0,125.0,0.0,0.0,60.0,60.0,0.0
2026-02-26 00:47:00,60.0,0.0,0.0,0.0,125.0,0.0,0.0,60.0,60.0,0.0
2026-02-26 00:48:00,60.0,0.0,0.0,0.0,125.0,0.0,0.0,60.0,60.0,0.0
2026-02-26 00:49:00,60.0,0.0,0.0,0.0,125.0,0.0,0.0,60.0,60.0,0.0
2026-02-26 00:50:00,60.0,0.0,0.0,0.0,125.0,0.0,0.0,60.0,60.0,0.0
2026-02-26 00:51:00,60.0,0.0,0.0,0.0,125.0,0.0,0.0,60.0,60.0,0.0
2026-02-26 00:52:00,60.0,0.0,0.0,0.0,125.0,0.0,0.0,60.0,60.0,0.0
2026-02-26 00:53:00,60.0,0.0,0.0,0.0,125.0,0.0,0.0,60.0,60.0,0.0
2026-02-26 00:54:00,60.0,0.0,0.0,0.0,125.0,0.0,0.0,60.0,60.0,0.0
2026-02-26 00:55:00,60.0,0.0,0.0,0.0,125.0,0.0,0.0,60.0,60.0,0.0
2026-02-26 00:56:00,60.0,0.0,0.0,0.0,125.0,0.0,0.0,60.0,60.0,0.0
2026-02-26 00:57:00,60.0,0.0,0.0,0.0,125.0,0.0,0.0,60.0,60.0,0.0
2026-02-26 00:58:00,60.0,0.0,0.0,0.0,125.0,0.0,0.0,60.0,60.0,0.0
2026-02-26 00:59:00,60.0,0.0,0.0,0.0,125.0,0.0,0.0,60.0,60.0,0.0
2026-02-26 01:00:00,60.0,0.0,0.0,0.0,125.0,0.0,0.0,60.0,60.0,0.0
2026-02-26 01:01:00,60.0,0.0,0.0,0.0,125.0,0.0,0.0,60.0,60.0,0.0
2026-02-26 01:02:00,60.0,0.0,0.0,0.0,125.0,0.0,0.0,60.0,60.0,0.0
2026-02-26 01:03:00,60.0,0.0,0.0,0.0,125.0,0.0,0.0,60.0,60.0,0.0
2026-02-26 01:04:00,60.0,0.0,0.0,0.0,125.0,0.0,0.0,60.0,60.0,0.0
2026-02-26 01:05:00,60.0,0.0,0.0,0.0,125.0,0.0,0.0,60.0,60.0,0.0
2026-02-26 01:06:00,60.0,0.0,0.0,0.0,125.0,0.0,0.0,60.0,60.0,0.0
2026-02-26 01:07:00,60.0,0.0,0.0,0.0,125.0,0.0,0.0,60.0,60.0,0.0
2026-02-26 01:08:00,60.0,0.0,0.0,0.0,125.0,0.0,0.0,60.0,60.0,0.0
2026-02-26 01:09:00,60.0,0.0,0.0,0.0,125.0,0.0,0.0,60.0,60.0,0.0
2026-02-26 01:10:00,60.0,0.0,0.0,0.0,125.0,0.0,0.0,60.0,60.0,0.0
2026-02-26 01:11:00,60.0,0.0,0.0,0.0,125.0,0.0,0.0,60.0,60.0,0.0
2026-02-26 01:12:00,60.0,0.0,0.0,0.0,125.0,0.0,0.0,60.0,60.0,0.0
2026-02-26 01:13:00,60.0,0.0,0.0,0.0,125.0,0.0,0.0,60.0,60.0,0.0
2026-02-26 01:14:00,60.0,0.0,0.0,0.0,125.0,0.0,0.0,60.0,60.0,0.0
2026-02-26 01:15:00,60.0,0.0,0.0,0.0,125.0,0.0,0.0,60.0,60.0,0.0
2026-02-26 01:16:00,60.0,0.0,0.0,0.0,125.0,0.0,0.0,60.0,60.0,0.0
2026-02-26 01:17:00,60.0,0.0,0.0,0.0,125.0,0.0,0.0,60.0,60.0,0.0
2026-02-26 01:18:00,60.0,0.0,0.0,0.0,125.0,0.0,0.0,60.0,60.0,0.0
2026-02-26 01:19:00,60.0,0.0,0.0,0.0,125.0,0.0,0.0,60.0,60.0,0.0
2026-02-26 01:20:00,60.0,0.0,0.0,0.0,125.0,0.0,0.0,60.0,60.0,0.0
2026-02-26 01:21:00,60.0,0.0,0.0,0.0,125.0,0.0,0.0,60.0,60.0,0.0
2026-02-26 01:22:00,60.0,0.0,0.0,0.0,125.0,0.0,0.0,60.0,60.0,0.0
2026-02-26 01:23:00,60.0,0.0,0.0,0.0,125.0,0.0,0.0,60.0,60.0,0.0
2026-02-26 01:24:00,60.0,0.0,0.0,0.0,125.0,0.0,0.0,60.0,60.0,0.0
2026-02-26 01:25:00,60.0,0.0,0.0,0.0,125.0,0.0,0.0,60.0,60.0,0.0
2026-02-26 01:26:00,60.0,0.0,0.0,0.0,125.0,0.0,0.0,60.0,60.0,0.0
2026-02-26 01:27:00,60.0,0.0,0.0,0.0,125.0,0.0,0.0,60.0,60.0,0.0
2026-02-26 01:28:00,60.0,0.0,0.0,0.0,125.0,0.0,0.0,60.0,60.0,0.0
2026-02-26 01:29:00,60.0,0.0,0.0,0.0,125.0,0.0,0.0,60.0,60.0,0.0
2026-02-26 01:30:00,60.0,0.0,0.0,0.0,125.0,0.0,0.0,60.0,60.0,0.0
2026-02-26 01:31:00,60.0,0.0,0.0,0.0,125.0,0.0,0.0,60.0,60.0,0.0
2026-02-26 01:32:00,60.0,0.0,0.0,0.0,125.0,0.0,0.0,60.0,60.0,0.0
2026-02-26 01:33:00,60.0,0.0,0.0,0.0,125.0,0.0,0.0,60.0,60.0,0.0
2026-02-26 01:34:00,60.0,0.0,0.0,0.0,125.0,0.0,0.0,60.0,60.0,0.0
2026-02-26 01:35:00,60.0,0.0,0.0,0.0,125.0,0.0,0.0,60.0,60.0,0.0
2026-02-26 01:36:00,60.0,0.0,0.0,0.0,125.0,0.0,0.0,60.0,60.0,0.0
2026-02-26 01:37:00,60.0,0.0,0.0,0.0,125.0,0.0,0.0,60.0,60.0,0.0
2026-02-26 01:38:00,60.0,0.0,0.0,0.0,125.0,0.0,0.0,60.0,60.0,0.0
2026-02-26 01:39:00,60.0,0.0,0.0,0.0,125.0,0.0,0.0,60.0,60.0,0.0
2026-02-26 01:40:00,60.0,0.0,0.0,0.0,125.0,0.0,0.0,60.0,60.0,0.0
2026-02-26 01:41:00,60.0,0.0,0.0,0.0,125.0,0.0,0.0,60.0,60.0,0.0
2026-02-26 01:42:00,60.0,0.0,0.0,0.0,125.0,0.0,0.0,60.0,60.0,0.0
2026-02-26 01:43:00,60.0,0.0,0.0,0.0,125.0,0.0,0.0,60.0,60.0,0.0
2026-02-26 01:44:00,60.0,0.0,0.0,0.0,125.0,0.0,0.0,60.0,60.0,0.0
2026-02-26 01:45:00,60.0,0.0,0.0,0.0,125.0,0.0,0.0,60.0,60.0,0.0
2026-02-26 01:46:00,60.0,0.0,0.0,0.0,125.0,0.0,0.0,60.0,60.0,0.0
2026-02-26 01:47:00,60.0,0.0,0.0,0.0,125.0,0.0,0.0,60.0,60.0,0.0
2026-02-26 01:48:00,60.0,0.0,0.0,0.0,125.0,0.0,0.0,60.0,60.0,0.0
2026-02-26 01:49:00,60.0,0.0,0.0,0.0,125.0,0.0,0.0,60.0,60.0,0.0
2026-02-26 01:50:00,60.0,0.0,0.0,0.0,125.0,0.0,0.0,60.0,60.0,0.0
2026-02-26 01:51:00,60.0,0.0,0.0,0.0,125.0,0.0,0.0,60.0,60.0,0.0
2026-02-26 01:52:00,60.0,0.0,0.0,0.0,125.0,0.0,0.0,60.0,60.0,0.0
2026-02-26 01:53:00,60.0,0.0,0.0,0.0,125.0,0.0,0.0,60.0,60.0,0.0
2026-02-26 01:54:00,60.0,0.0,0.0,0.0,125.0,0.0,0.0,60.0,60.0,0.0
2026-02-26 01:55:00,60.0,0.0,0.0,0.0,125.0,0.0,0.0,60.0,60.0,0.0
2026-02-26 01:56:00,60.0,0.0,0.0,0.0,125.0,0.0,0.0,60.0,60.0,0.0
2026-02-26 01:57:00,60.0,0.0,0.0,0.0,125.0,0.0,0.0,60.0,60.0,0.0
2026-02-26 01:58:00,60.0,0.0,0.0,0.0,125.0,0.0,0.0,60.0,60.0,0.0
2026-02-26 01:59:00,60.0,0.0,0.0,0.0,125.0,0.0,0.0,60.0,60.0,0.0
2026-02-26 02:00:00,60.0,-10.0,-10.0,-10.0,125.0,-10.0,-10.0,60.08,70.0,0.0
2026-02-26 02:01:00,60.0,-10.0,-10.0,-10.0,125.0,-10.0,-10.0,60.17,70.0,0.0
2026-02-26 02:02:00,60.0,-10.0,-10.0,-10.0,125.0,-10.0,-10.0,60.25,70.0,0.0
2026-02-26 02:03:00,60.0,-10.0,-10.0,-10.0,125.0,-10.0,-10.0,60.33,70.0,0.0
2026-02-26 02:04:00,60.0,-10.0,-10.0,-10.0,125.0,-10.0,-10.0,60.42,70.0,0.0
2026-02-26 02:05:00,60.0,-10.0,-10.0,-10.0,125.0,-10.0,-10.0,60.5,70.0,0.0
2026-02-26 02:06:00,60.0,-10.0,-10.0,-10.0,125.0,-10.0,-10.0,60.58,70.0,0.0
2026-02-26 02:07:00,60.0,-10.0,-10.0,-10.0,125.0,-10.0,-10.0,60.67,70.0,0.0
2026-02-26 02:08:00,60.0,-10.0,-10.0,-10.0,125.0,-10.0,-10.0,60.75,70.0,0.0
2026-02-26 02:09:00,60.0,-10.0,-10.0,-10.0,125.0,-10.0,-10.0,60.83,70.0,0.0
2026-02-26 02:10:00,60.0,-10.0,-10.0,-10.0,125.0,-10.0,-10.0,60.92,70.0,0.0
2026-02-26 02:11:00,60.0,-10.0,-10.0,-10.0,125.0,-10.0,-10.0,61.0,70.0,0.0
2026-02-26 02:12:00,60.0,-10.0,-10.0,-10.0,125.0,-10.0,-10.0,61.08,70.0,0.0
2026-02-26 02:13:00,60.0,-10.0,-10.0,-10.0,125.0,-10.0,-10.0,61.17,70.0,0.0
2026-02-26 02:14:00,60.0,-10.0,-10.0,-10.0,125.0,-10.0,-10.0,61.25,70.0,0.0
2026-02-26 02:15:00,60.0,-10.0,-10.0,-10.0,125.0,-10.0,-10.0,61.33,70.0,0.0
2026-02-26 02:16:00,60.0,-10.0,-10.0,-10.0,125.0,-10.0,-10.0,61.42,70.0,0.0
2026-02-26 02:17:00,60.0,-10.0,-10.0,-10.0,125.0,-10.0,-10.0,61.5,70.0,0.0
2026-02-26 02:18:00,60.0,-10.0,-10.0,-10.0,125.0,-10.0,-10.0,61.58,70.0,0.0
2026-02-26 02:19:00,60.0,-10.0,-10.0,-10.0,125.0,-10.0,-10.0,61.67,70.0,0.0
2026-02-26 02:20:00,60.0,-10.0,-10.0,-10.0,125.0,-10.0,-10.0,61.75,70.0,0.0
2026-02-26 02:21:00,60.0,-10.0,-10.0,-10.0,125.0,-10.0,-10.0,61.83,70.0,0.0
2026-02-26 02:22:00,60.0,-10.0,-10.0,-10.0,125.0,-10.0,-10.0,61.92,70.0,0.0
2026-02-26 02:23:00,60.0,-10.0,-10.0,-10.0,125.0,-10.0,-10.0,62.0,70.0,0.0
2026-02-26 02:24:00,60.0,-10.0,-10.0,-10.0,125.0,-10.0,-10.0,62.08,70.0,0.0
2026-02-26 02:25:00,60.0,-10.0,-10.0,-10.0,125.0,-10.0,-10.0,62.17,70.0,0.0
2026-02-26 02:26:00,60.0,-10.0,-10.0,-10.0,125.0,-10.0,-10.0,62.25,70.0,0.0
2026-02-26 02:27:00,60.0,-10.0,-10.0,-10.0,125.0,-10.0,-10.0,62.33,70.0,0.0
2026-02-26 02:28:00,60.0,-10.0,-10.0,-10.0,125.0,-10.0,-10.0,62.42,70.0,0.0
2026-02-26 02:29:00,60.0,-10.0,-10.0,-10.0,125.0,-10.0,-10.0,62.5,70.0,0.0
2026-02-26 02:30:00,60.0,-10.0,-10.0,-10.0,125.0,-10.0,-10.0,62.58,70.0,0.0
2026-02-26 02:31:00,60.0,-10.0,-10.0,-10.0,125.0,-10.0,-10.0,62.67,70.0,0.0
2026-02-26 02:32:00,60.0,-10.0,-10.0,-10.0,125.0,-10.0,-10.0,62.75,70.0,0.0
2026-02-26 02:33:00,60.0,-10.0,-10.0,-10.0,125.0,-10.0,-10.0,62.83,70.0,0.0
2026-02-26 02:34:00,60.0,-10.0,-10.0,-10.0,125.0,-10.0,-10.0,62.92,70.0,0.0
2026-02-26 02:35:00,60.0,-10.0,-10.0,-10.0,125.0,-10.0,-10.0,63.0,70.0,0.0
2026-02-26 02:36:00,60.0,-10.0,-10.0,-10.0,125.0,-10.0,-10.0,63.08,70.0,0.0
2026-02-26 02:37:00,60.0,-10.0,-10.0,-10.0,125.0,-10.0,-10.0,63.17,70.0,0.0
2026-02-26 02:38:00,60.0,-10.0,-10.0,-10.0,125.0,-10.0,-10.0,63.25,70.0,0.0
2026-02-26 02:39:00,60.0,-10.0,-10.0,-10.0,125.0,-10.0,-10.0,63.33,70.0,0.0
2026-02-26 02:40:00,60.0,-10.0,-10.0,-10.0,125.0,-10.0,-10.0,63.42,70.0,0.0
2026-02-26 02:41:00,60.0,-10.0,-10.0,-10.0,125.0,-10.0,-10.0,63.5,70.0,0.0
2026-02-26 02:42:00,60.0,-10.0,-10.0,-10.0,125.0,-10.0,-10.0,63.58,70.0,0.0
2026-02-26 02:43:00,60.0,-10.0,-10.0,-10.0,125.0,-10.0,-10.0,63.67,70.0,0.0
2026-02-26 02:44:00,60.0,-10.0,-10.0,-10.0,125.0,-10.0,-10.0,63.75,70.0,0.0
2026-02-26 02:45:00,60.0,-10.0,-10.0,-10.0,125.0,-10.0,-10.0,63.83,70.0,0.0
2026-02-26 02:46:00,60.0,-10.0,-10.0,-10.0,125.0,-10.0,-10.0,63.92,70.0,0.0
2026-02-26 02:47:00,60.0,-10.0,-10.0,-10.0,125.0,-10.0,-10.0,64.0,70.0,0.0
2026-02-26 02:48:00,60.0,-10.0,-10.0,-10.0,125.0,-10.0,-10.0,64.08,70.0,0.0
2026-02-26 02:49:00,60.0,-10.0,-10.0,-10.0,125.0,-10.0,-10.0,64.17,70.0,0.0
2026-02-26 02:50:00,60.0,-10.0,-10.0,-10.0,125.0,-10.0,-10.0,64.25,70.0,0.0
2026-02-26 02:51:00,60.0,-10.0,-10.0,-10.0,125.0,-10.0,-10.0,64.33,70.0,0.0
2026-02-26 02:52:00,60.0,-10.0,-10.0,-10.0,125.0,-10.0,-10.0,64.42,70.0,0.0
2026-02-26 02:53:00,60.0,-10.0,-10.0,-10.0,125.0,-10.0,-10.0,64.5,70.0,0.0
2026-02-26 02:54:00,60.0,-10.0,-10.0,-10.0,125.0,-10.0,-10.0,64.58,70.0,0.0
2026-02-26 02:55:00,60.0,-10.0,-10.0,-10.0,125.0,-10.0,-10.0,64.67,70.0,0.0
2026-02-26 02:56:00,60.0,-10.0,-10.0,-10.0,125.0,-10.0,-10.0,64.75,70.0,0.0
2026-02-26 02:57:00,60.0,-10.0,-10.0,-10.0,125.0,-10.0,-10.0,64.83,70.0,0.0
2026-02-26 02:58:00,60.0,-10.0,-10.0,-10.0,125.0,-10.0,-10.0,64.92,70.0,0.0
2026-02-26 02:59:00,60.0,-10.0,-10.0,-10.0,125.0,-10.0,-10.0,65.0,70.0,0.0
2026-02-26 03:00:00,60.0,-10.0,-10.0,-10.0,125.0,-10.0,-10.0,65.08,70.0,0.0
2026-02-26 03:01:00,60.0,-10.0,-10.0,-10.0,125.0,-10.0,-10.0,65.17,70.0,0.0
2026-02-26 03:02:00,60.0,-10.0,-10.0,-10.0,125.0,-10.0,-10.0,65.25,70.0,0.0
2026-02-26 03:03:00,60.0,-10.0,-10.0,-10.0,125.0,-10.0,-10.0,65.33,70.0,0.0
2026-02-26 03:04:00,60.0,-10.0,-10.0,-10.0,125.0,-10.0,-10.0,65.42,70.0,0.0
2026-02-26 03:05:00,60.0,-10.0,-10.0,-10.0,125.0,-10.0,-10.0,65.5,70.0,0.0
2026-02-26 03:06:00,60.0,-10.0,-10.0,-10.0,125.0,-10.0,-10.0,65.58,70.0,0.0
2026-02-26 03:07:00,60.0,-10.0,-10.0,-10.0,125.0,-10.0,-10.0,65.67,70.0,0.0
2026-02-26 03:08:00,60.0,-10.0,-10.0,-10.0,125.0,-10.0,-10.0,65.75,70.0,0.0
2026-02-26 03:09:00,60.0,-10.0,-10.0,-10.0,125.0,-10.0,-10.0,65.83,70.0,0.0
2026-02-26 03:10:00,60.0,-10.0,-10.0,-10.0,125.0,-10.0,-10.0,65.92,70.0,0.0
2026-02-26 03:11:00,60.0,-10.0,-10.0,-10.0,125.0,-10.0,-10.0,66.0,70.0,0.0
2026-02-26 03:12:00,60.0,-10.0,-10.0,-10.0,125.0,-10.0,-10.0,66.08,70.0,0.0
2026-02-26 03:13:00,60.0,-10.0,-10.0,-10.0,125.0,-10.0,-10.0,66.17,70.0,0.0
2026-02-26 03:14:00,60.0,-10.0,-10.0,-10.0,125.0,-10.0,-10.0,66.25,70.0,0.0
2026-02-26 03:15:00,60.0,-10.0,-10.0,-10.0,125.0,-10.0,-10.0,66.33,70.0,0.0
2026-02-26 03:16:00,60.0,-10.0,-10.0,-10.0,125.0,-10.0,-10.0,66.42,70.0,0.0
2026-02-26 03:17:00,60.0,-10.0,-10.0,-10.0,125.0,-10.0,-10.0,66.5,70.0,0.0
2026-02-26 03:18:00,60.0,-10.0,-10.0,-10.0,125.0,-10.0,-10.0,66.58,70.0,0.0
2026-02-26 03:19:00,60.0,-10.0,-10.0,-10.0,125.0,-10.0,-10.0,66.67,70.0,0.0
2026-02-26 03:20:00,60.0,-10.0,-10.0,-10.0,125.0,-10.0,-10.0,66.75,70.0,0.0
2026-02-26 03:21:00,60.0,-10.0,-10.0,-10.0,125.0,-10.0,-10.0,66.83,70.0,0.0
2026-02-26 03:22:00,60.0,-10.0,-10.0,-10.0,125.0,-10.0,-10.0,66.92,70.0,0.0
2026-02-26 03:23:00,60.0,-10.0,-10.0,-10.0,125.0,-10.0,-10.0,67.0,70.0,0.0
2026-02-26 03:24:00,60.0,-10.0,-10.0,-10.0,125.0,-10.0,-10.0,67.08,70.0,0.0
2026-02-26 03:25:00,60.0,-10.0,-10.0,-10.0,125.0,-10.0,-10.0,67.17,70.0,0.0
2026-02-26 03:26:00,60.0,-10.0,-10.0,-10.0,125.0,-10.0,-10.0,67.25,70.0,0.0
2026-02-26 03:27:00,60.0,-10.0,-10.0,-10.0,125.0,-10.0,-10.0,67.33,70.0,0.0
2026-02-26 03:28:00,60.0,-10.0,-10.0,-10.0,125.0,-10.0,-10.0,67.42,70.0,0.0
2026-02-26 03:29:00,60.0,-10.0,-10.0,-10.0,125.0,-10.0,-10.0,67.5,70.0,0.0
2026-02-26 03:30:00,60.0,-10.0,-10.0,-10.0,125.0,-10.0,-10.0,67.58,70.0,0.0
2026-02-26 03:31:00,60.0,-10.0,-10.0,-10.0,125.0,-10.0,-10.0,67.67,70.0,0.0
2026-02-26 03:32:00,60.0,-10.0,-10.0,-10.0,125.0,-10.0,-10.0,67.75,70.0,0.0
2026-02-26 03:33:00,60.0,-10.0,-10.0,-10.0,125.0,-10.0,-10.0,67.83,70.0,0.0
2026-02-26 03:34:00,60.0,-10.0,-10.0,-10.0,125.0,-10.0,-10.0,67.92,70.0,0.0
2026-02-26 03:35:00,60.0,-10.0,-10.0,-10.0,125.0,-10.0,-10.0,68.0,70.0,0.0
2026-02-26 03:36:00,60.0,-10.0,-10.0,-10.0,125.0,-10.0,-10.0,68.08,70.0,0.0
2026-02-26 03:37:00,60.0,-10.0,-10.0,-10.0,125.0,-10.0,-10.0,68.17,70.0,0.0
2026-02-26 03:38:00,60.0,-10.0,-10.0,-10.0,125.0,-10.0,-10.0,68.25,70.0,0.0
2026-02-26 03:39:00,60.0,-10.0,-10.0,-10.0,125.0,-10.0,-10.0,68.33,70.0,0.0
2026-02-26 03:40:00,60.0,-10.0,-10.0,-10.0,125.0,-10.0,-10.0,68.42,70.0,0.0
2026-02-26 03:41:00,60.0,-10.0,-10.0,-10.0,125.0,-10.0,-10.0,68.5,70.0,0.0
2026-02-26 03:42:00,60.0,-10.0,-10.0,-10.0,125.0,-10.0,-10.0,68.58,70.0,0.0
2026-02-26 03:43:00,60.0,-10.0,-10.0,-10.0,125.0,-10.0,-10.0,68.67,70.0,0.0
2026-02-26 03:44:00,60.0,-10.0,-10.0,-10.0,125.0,-10.0,-10.0,68.75,70.0,0.0
2026-02-26 03:45:00,60.0,-10.0,-10.0,-10.0,125.0,-10.0,-10.0,68.83,70.0,0.0
2026-02-26 03:46:00,60.0,-10.0,-10.0,-10.0,125.0,-10.0,-10.0,68.92,70.0,0.0
2026-02-26 03:47:00,60.0,-10.0,-10.0,-10.0,125.0,-10.0,-10.0,69.0,70.0,0.0
2026-02-26 03:48:00,60.0,-10.0,-10.0,-10.0,125.0,-10.0,-10.0,69.08,70.0,0.0
2026-02-26 03:49:00,60.0,-10.0,-10.0,-10.0,125.0,-10.0,-10.0,69.17,70.0,0.0
2026-02-26 03:50:00,60.0,-10.0,-10.0,-10.0,125.0,-10.0,-10.0,69.25,70.0,0.0
2026-02-26 03:51:00,60.0,-10.0,-10.0,-10.0,125.0,-10.0,-10.0,69.33,70.0,0.0
2026-02-26 03:52:00,60.0,-10.0,-10.0,-10.0,125.0,-10.0,-10.0,69.42,70.0,0.0
2026-02-26 03:53:00,60.0,-10.0,-10.0,-10.0,125.0,-10.0,-10.0,69.5,70.0,0.0
2026-02-26 03:54:00,60.0,-10.0,-10.0,-10.0,125.0,-10.0,-10.0,69.58,70.0,0.0
2026-02-26 03:55:00,60.001,-10.0,-10.0,-10.0,125.0,-10.0,-10.0,69.67,70.001,0.0
2026-02-26 03:56:00,60.001,-10.0,-10.0,-10.0,125.0,-10.0,-10.0,69.75,70.001,0.0
2026-02-26 03:57:00,60.001,-10.0,-10.0,-10.0,125.0,-10.0,-10.0,69.83,70.001,0.0
2026-02-26 03:58:00,60.001,-10.0,-10.0,-10.0,125.0,-10.0,-10.0,69.92,70.001,0.0
2026-02-26 03:59:00,60.001,-10.0,-10.0,-10.0,125.0,-10.0,-10.0,70.0,70.001,0.0
2026-02-26 04:00:00,60.001,-10.0,-10.0,-10.0,125.0,-10.0,-10.0,70.08,70.001,0.0
2026-02-26 04:01:00,60.001,-10.0,-10.0,-10.0,125.0,-10.0,-10.0,70.17,70.001,0.0
2026-02-26 04:02:00,60.001,-10.0,-10.0,-10.0,125.0,-10.0,-10.0,70.25,70.001,0.0
2026-02-26 04:03:00,60.001,-10.0,-10.0,-10.0,125.0,-10.0,-10.0,70.33,70.001,0.0
2026-02-26 04:04:00,60.001,-10.0,-10.0,-10.0,125.0,-10.0,-10.0,70.42,70.001,0.0
2026-02-26 04:05:00,60.001,-10.0,-10.0,-10.0,125.0,-10.0,-10.0,70.5,70.001,0.0
2026-02-26 04:06:00,60.001,-10.0,-10.0,-10.0,125.0,-10.0,-10.0,70.58,70.001,0.0
2026-02-26 04:07:00,60.001,-10.0,-10.0,-10.0,125.0,-10.0,-10.0,70.67,70.001,0.0
2026-02-26 04:08:00,60.001,-10.0,-10.0,-10.0,125.0,-10.0,-10.0,70.75,70.001,0.0
2026-02-26 04:09:00,60.001,-10.0,-10.0,-10.0,125.0,-10.0,-10.0,70.83,70.001,0.0
2026-02-26 04:10:00,60.001,-10.0,-10.0,-10.0,125.0,-10.0,-10.0,70.92,70.001,0.0
2026-02-26 04:11:00,60.001,-10.0,-10.0,-10.0,125.0,-10.0,-10.0,71.0,70.001,0.0
2026-02-26 04:12:00,60.001,-10.0,-10.0,-10.0,125.0,-10.0,-10.0,71.08,70.001,0.0
2026-02-26 04:13:00,60.002,-10.0,-10.0,-10.0,125.0,-10.0,-10.0,71.17,70.002,0.0
2026-02-26 04:14:00,60.002,-10.0,-10.0,-10.0,125.0,-10.0,-10.0,71.25,70.002,0.0
2026-02-26 04:15:00,60.002,-10.0,-10.0,-10.0,125.0,-10.0,-10.0,71.33,70.002,0.0
2026-02-26 04:16:00,60.002,-10.0,-10.0,-10.0,125.0,-10.0,-10.0,71.42,70.002,0.0
2026-02-26 04:17:00,60.002,-10.0,-10.0,-10.0,125.0,-10.0,-10.0,71.5,70.002,0.0
2026-02-26 04:18:00,60.002,-10.0,-10.0,-10.0,125.0,-10.0,-10.0,71.58,70.002,0.0
2026-02-26 04:19:00,60.002,-10.0,-10.0,-10.0,125.0,-10.0,-10.0,71.67,70.002,0.0
2026-02-26 04:20:00,60.002,-10.0,-10.0,-10.0,125.0,-10.0,-10.0,71.75,70.002,0.0
2026-02-26 04:21:00,60.002,-10.0,-10.0,-10.0,125.0,-10.0,-10.0,71.83,70.002,0.0
2026-02-26 04:22:00,60.003,-10.0,-10.0,-10.0,125.0,-10.0,-10.0,71.92,70.003,0.0
2026-02-26 04:23:00,60.003,-10.0,-10.0,-10.0,125.0,-10.0,-10.0,72.0,70.003,0.0
2026-02-26 04:24:00,60.003,-10.0,-10.0,-10.0,125.0,-10.0,-10.0,72.08,70.003,0.0
2026-02-26 04:25:00,60.003,-10.0,-10.0,-10.0,125.0,-10.0,-10.0,72.17,70.003,0.0
2026-02-26 04:26:00,60.003,-10.0,-10.0,-10.0,125.0,-10.0,-10.0,72.25,70.003,0.0
2026-02-26 04:27:00,60.003,-10.0,-10.0,-10.0,125.0,-10.0,-10.0,72.33,70.003,0.0
2026-02-26 04:28:00,60.003,-10.0,-10.0,-10.0,125.0,-10.0,-10.0,72.42,70.003,0.0
2026-02-26 04:29:00,60.004,-10.0,-10.0,-10.0,125.0,-10.0,-10.0,72.5,70.004,0.0
2026-02-26 04:30:00,60.004,-10.0,-10.0,-10.0,125.0,-10.0,-10.0,72.58,70.004,0.0
2026-02-26 04:31:00,60.004,-10.0,-10.0,-10.0,125.0,-10.0,-10.0,72.67,70.004,0.0
2026-02-26 04:32:00,60.004,-10.0,-10.0,-10.0,125.0,-10.0,-10.0,72.75,70.004,0.0
2026-02-26 04:33:00,60.005,-10.0,-10.0,-10.0,125.0,-10.0,-10.0,72.83,70.005,0.0
2026-02-26 04:34:00,60.005,-10.0,-10.0,-10.0,125.0,-10.0,-10.0,72.92,70.005,0.0
2026-02-26 04:35:00,60.005,-10.0,-10.0,-10.0,125.0,-10.0,-10.0,73.0,70.005,0.0
2026-02-26 04:36:00,60.005,-10.0,-10.0,-10.0,125.0,-10.0,-10.0,73.08,70.005,0.0
2026-02-26 04:37:00,60.006,-10.0,-10.0,-10.0,125.0,-10.0,-10.0,73.17,70.006,0.0
2026-02-26 04:38:00,60.006,-10.0,-10.0,-10.0,125.0,-10.0,-10.0,73.25,70.006,0.0
2026-02-26 04:39:00,60.006,-10.0,-10.0,-10.0,125.0,-10.0,-10.0,73.33,70.006,0.0
2026-02-26 04:40:00,60.007,-10.0,-10.0,-10.0,125.0,-10.0,-10.0,73.42,70.007,0.0
2026-02-26 04:41:00,60.007,-10.0,-10.0,-10.0,125.0,-10.0,-10.0,73.5,70.007,0.0
2026-02-26 04:42:00,60.007,-10.0,-10.0,-10.0,125.0,-10.0,-10.0,73.58,70.007,0.0
2026-02-26 04:43:00,60.008,-10.0,-10.0,-10.0,125.0,-10.0,-10.0,73.67,70.008,0.0
2026-02-26 04:44:00,60.008,-10.0,-10.0,-10.0,125.0,-10.0,-10.0,73.75,70.008,0.0
2026-02-26 04:45:00,60.009,-10.0,-10.0,-10.0,125.0,-10.0,-10.0,73.83,70.009,0.0
2026-02-26 04:46:00,60.009,-10.0,-10.0,-10.0,125.0,-10.0,-10.0,73.92,70.009,0.0
2026-02-26 04:47:00,60.01,-10.0,-10.0,-10.0,125.0,-10.0,-10.0,74.0,70.01,0.0
2026-02-26 04:48:00,60.01,-10.0,-10.0,-10.0,125.0,-10.0,-10.0,74.08,70.01,0.0
2026-02-26 04:49:00,60.011,-10.0,-10.0,-10.0,125.0,-10.0,-10.0,74.17,70.011,0.0
2026-02-26 04:50:00,60.011,-10.0,-10.0,-10.0,125.0,-10.0,-10.0,74.25,70.011,0.0
2026-02-26 04:51:00,60.012,-10.0,-10.0,-10.0,125.0,-10.0,-10.0,74.33,70.012,0.0
2026-02-26 04:52:00,60.012,-10.0,-10.0,-10.0,125.0,-10.0,-10.0,74.42,70.012,0.0
2026-02-26 04:53:00,60.013,-10.0,-10.0,-10.0,125.0,-10.0,-10.0,74.5,70.013,0.0
2026-02-26 04:54:00,60.014,-10.0,-10.0,-10.0,125.0,-10.0,-10.0,74.58,70.014,0.0
2026-02-26 04:55:00,60.014,-10.0,-10.0,-10.0,125.0,-10.0,-10.0,74.67,70.014,0.0
2026-02-26 04:56:00,60.015,-10.0,-10.0,-10.0,125.0,-10.0,-10.0,74.75,70.015,0.0
2026-02-26 04:57:00,60.016,-10.0,-10.0,-10.0,125.0,-10.0,-10.0,74.83,70.016,0.0
2026-02-26 04:58:00,60.017,-10.0,-10.0,-10.0,125.0,-10.0,-10.0,74.92,70.017,0.0
2026-02-26 04:59:00,60.018,-10.0,-10.0,-10.0,125.0,-10.0,-10.0,75.0,70.018,0.0
2026-02-26 05:00:00,60.018,-10.0,-10.0,-10.0,125.0,-10.0,-10.0,75.08,70.018,0.0
2026-02-26 05:01:00,60.019,-10.0,-10.0,-10.0,125.0,-10.0,-10.0,75.17,70.019,0.0
2026-02-26 05:02:00,60.02,-10.0,-10.0,-10.0,125.0,-10.0,-10.0,75.25,70.02,0.0
2026-02-26 05:03:00,60.021,-10.0,-10.0,-10.0,125.0,-10.0,-10.0,75.33,70.021,0.0
2026-02-26 05:04:00,60.022,-10.0,-10.0,-10.0,125.0,-10.0,-10.0,75.42,70.022,0.0
2026-02-26 05:05:00,60.023,-10.0,-10.0,-10.0,125.0,-10.0,-10.0,75.5,70.023,0.0
2026-02-26 05:06:00,60.025,-10.0,-10.0,-10.0,125.0,-10.0,-10.0,75.58,70.025,0.0
2026-02-26 05:07:00,60.026,-10.0,-10.0,-10.0,125.0,-10.0,-10.0,75.67,70.026,0.0
2026-02-26 05:08:00,60.027,-10.0,-10.0,-10.0,125.0,-10.0,-10.0,75.75,70.027,0.0
2026-02-26 05:09:00,60.028,-10.0,-10.0,-10.0,125.0,-10.0,-10.0,75.83,70.028,0.0
2026-02-26 05:10:00,60.03,-10.0,-10.0,-10.0,125.0,-10.0,-10.0,75.92,70.03,0.0
2026-02-26 05:11:00,60.031,-10.0,-10.0,-10.0,125.0,-10.0,-10.0,76.0,70.031,0.0
2026-02-26 05:12:00,60.033,-10.0,-10.0,-10.0,125.0,-10.0,-10.0,76.08,70.033,0.0
2026-02-26 05:13:00,60.034,-10.0,-10.0,-10.0,125.0,-10.0,-10.0,76.17,70.034,0.0
2026-02-26 05:14:00,60.036,-10.0,-10.0,-10.0,125.0,-10.0,-10.0,76.25,70.036,0.0
2026-02-26 05:15:00,60.038,-10.0,-10.0,-10.0,125.0,-10.0,-10.0,76.33,70.038,0.0
2026-02-26 05:16:00,60.04,-10.0,-10.0,-10.0,125.0,-10.0,-10.0,76.42,70.04,0.0
2026-02-26 05:17:00,60.042,-10.0,-10.0,-10.0,125.0,-10.0,-10.0,76.5,70.042,0.0
2026-02-26 05:18:00,60.044,-10.0,-10.0,-10.0,125.0,-10.0,-10.0,76.58,70.044,0.0
2026-02-26 05:19:00,60.046,-10.0,-10.0,-10.0,125.0,-10.0,-10.0,76.67,70.046,0.0
2026-02-26 05:20:00,60.048,-10.0,-10.0,-10.0,125.0,-10.0,-10.0,76.75,70.048,0.0
2026-02-26 05:21:00,60.05,-10.0,-10.0,-10.0,125.0,-10.0,-10.0,76.83,70.05,0.0
2026-02-26 05:22:00,60.052,-10.0,-10.0,-10.0,125.0,-10.0,-10.0,76.92,70.052,0.0
2026-02-26 05:23:00,60.055,-10.0,-10.0,-10.0,125.0,-10.0,-10.0,77.0,70.055,0.0
2026-02-26 05:24:00,60.057,-10.0,-10.0,-10.0,125.0,-10.0,-10.0,77.08,70.057,0.0
2026-02-26 05:25:00,60.06,-10.0,-10.0,-10.0,125.0,-10.0,-10.0,77.17,70.06,0.0
2026-02-26 05:26:00,60.063,-10.0,-10.0,-10.0,125.0,-10.0,-10.0,77.25,70.063,0.0
2026-02-26 05:27:00,60.066,-10.0,-10.0,-10.0,125.0,-10.0,-10.0,77.33,70.066,0.0
2026-02-26 05:28:00,60.069,-10.0,-10.0,-10.0,125.0,-10.0,-10.0,77.42,70.069,0.0
2026-02-26 05:29:00,60.072,-10.0,-10.0,-10.0,125.0,-10.0,-10.0,77.5,70.072,0.0
2026-02-26 05:30:00,60.075,-10.0,-10.0,-10.0,125.0,-10.0,-10.0,77.58,70.075,0.0
2026-02-26 05:31:00,60.078,-10.0,-10.0,-10.0,125.0,-10.0,-10.0,77.67,70.078,0.0
2026-02-26 05:32:00,60.082,-10.0,-10.0,-10.0,125.0,-10.0,-10.0,77.75,70.082,0.0
2026-02-26 05:33:00,60.086,-10.0,-10.0,-10.0,125.0,-10.0,-10.0,77.83,70.086,0.0
2026-02-26 05:34:00,60.089,-10.0,-10.0,-10.0,125.0,-10.0,-10.0,77.92,70.089,0.0
2026-02-26 05:35:00,60.093,-10.0,-10.0,-10.0,125.0,-10.0,-10.0,78.0,70.093,0.0
2026-02-26 05:36:00,60.098,-10.0,-10.0,-10.0,125.0,-10.0,-10.0,78.08,70.098,0.0
2026-02-26 05:37:00,60.102,-10.0,-10.0,-10.0,125.0,-10.0,-10.0,78.17,70.102,0.0
2026-02-26 05:38:00,60.106,-10.0,-10.0,-10.0,125.0,-10.0,-10.0,78.25,70.106,0.0
2026-02-26 05:39:00,60.111,-10.0,-10.0,-10.0,125.0,-10.0,-10.0,78.33,70.111,0.0
2026-02-26 05:40:00,60.116,-10.0,-10.0,-10.0,125.0,-10.0,-10.0,78.42,70.116,0.0
2026-02-26 05:41:00,60.121,-10.0,-10.0,-10.0,125.0,-10.0,-10.0,78.5,70.121,0.0
2026-02-26 05:42:00,60.126,-10.0,-10.0,-10.0,125.0,-10.0,-10.0,78.58,70.126,0.0
2026-02-26 05:43:00,60.132,-10.0,-10.0,-10.0,125.0,-10.0,-10.0,78.67,70.132,0.0
2026-02-26 05:44:00,60.137,-10.0,-10.0,-10.0,125.0,-10.0,-10.0,78.75,70.137,0.0
2026-02-26 05:45:00,60.143,-10.0,-10.0,-10.0,125.0,-10.0,-10.0,78.83,70.143,0.0
2026-02-26 05:46:00,60.149,-10.0,-10.0,-10.0,125.0,-10.0,-10.0,78.92,70.149,0.0
2026-02-26 05:47:00,60.156,-10.0,-10.0,-10.0,125.0,-10.0,-10.0,79.0,70.156,0.0
2026-02-26 05:48:00,60.162,-10.0,-10.0,-10.0,125.0,-10.0,-10.0,79.08,70.162,0.0
2026-02-26 05:49:00,60.169,-10.0,-10.0,-10.0,125.0,-10.0,-10.0,79.17,70.169,0.0
2026-02-26 05:50:00,60.176,-10.0,-10.0,-10.0,125.0,-10.0,-10.0,79.25,70.176,0.0
2026-02-26 05:51:00,60.184,-10.0,-10.0,-10.0,125.0,-10.0,-10.0,79.33,70.184,0.0
2026-02-26 05:52:00,60.191,-10.0,-10.0,-10.0,125.0,-10.0,-10.0,79.42,70.191,0.0
2026-02-26 05:53:00,60.199,-10.0,-10.0,-10.0,125.0,-10.0,-10.0,79.5,70.199,0.0
2026-02-26 05:54:00,60.208,-10.0,-10.0,-10.0,125.0,-10.0,-10.0,79.58,70.208,0.0
2026-02-26 05:55:00,60.216,-10.0,-10.0,-10.0,125.0,-10.0,-10.0,79.67,70.216,0.0
2026-02-26 05:56:00,60.225,-10.0,-10.0,-10.0,125.0,-10.0,-10.0,79.75,70.225,0.0
2026-02-26 05:57:00,60.234,-10.0,-10.0,-10.0,125.0,-10.0,-10.0,79.83,70.234,0.0
2026-02-26 05:58:00,60.244,-10.0,-10.0,-10.0,125.0,-10.0,-10.0,79.92,70.244,0.0
2026-02-26 05:59:00,60.254,-10.0,-10.0,-10.0,125.0,-10.0,-10.0,80.0,70.254,0.0
2026-02-26 06:00:00,60.264,-10.0,-10.0,-10.0,125.0,-10.0,-10.0,80.08,70.264,0.0
2026-02-26 06:01:00,60.274,-10.0,-9.607,-9.607,125.0,-10.0,-10.0,80.17,69.882,0.393
2026-02-26 06:02:00,60.285,-10.0,-9.215,-9.215,125.0,-10.0,-10.0,80.25,69.5,0.785
2026-02-26 06:03:00,60.297,-10.0,-8.822,-8.822,125.0,-10.0,-10.0,80.33,69.119,1.178
2026-02-26 06:04:00,60.308,-10.0,-8.429,-8.429,125.0,-10.0,-10.0,80.42,68.738,1.571
2026-02-26 06:05:00,60.321,-10.0,-8.037,-8.037,125.0,-10.0,-10.0,80.5,68.357,1.963
2026-02-26 06:06:00,60.333,-10.0,-7.644,-7.644,125.0,-10.0,-10.0,80.58,67.977,2.356
2026-02-26 06:07:00,60.346,-10.0,-7.252,-7.252,125.0,-10.0,-10.0,80.67,67.598,2.748
2026-02-26 06:08:00,60.36,-10.0,-6.859,-6.859,125.0,-10.0,-10.0,80.75,67.219,3.141
2026-02-26 06:09:00,60.374,-10.0,-6.467,-6.467,125.0,-10.0,-10.0,80.83,66.84,3.533
2026-02-26 06:10:00,60.388,-10.0,-6.074,-6.074,125.0,-10.0,-10.0,80.92,66.462,3.926
2026-02-26 06:11:00,60.403,-10.0,-5.682,-5.682,125.0,-10.0,-10.0,81.0,66.085,4.318
2026-02-26 06:12:00,60.419,-10.0,-5.29,-5.29,125.0,-10.0,-10.0,81.08,65.708,4.71
2026-02-26 06:13:00,60.434,-10.0,-4.898,-4.898,125.0,-10.0,-10.0,81.17,65.332,5.102
2026-02-26 06:14:00,60.451,-10.0,-4.506,-4.506,125.0,-10.0,-10.0,81.25,64.957,5.494
2026-02-26 06:15:00,60.468,-10.0,-4.114,-4.114,125.0,-10.0,-10.0,81.33,64.582,5.886
2026-02-26 06:16:00,60.486,-10.0,-3.722,-3.722,125.0,-10.0,-10.0,81.42,64.208,6.278
2026-02-26 06:17:00,60.504,-10.0,-3.33,-3.33,125.0,-10.0,-10.0,81.5,63.834,6.67
2026-02-26 06:18:00,60.523,-10.0,-2.939,-2.939,125.0,-10.0,-10.0,81.58,63.461,7.061
2026-02-26 06:19:00,60.542,-10.0,-2.547,-2.547,125.0,-10.0,-10.0,81.67,63.089,7.453
2026-02-26 06:20:00,60.562,-10.0,-2.156,-2.156,125.0,-10.0,-10.0,81.75,62.718,7.844
2026-02-26 06:21:00,60.583,-10.0,-1.765,-1.765,125.0,-10.0,-10.0,81.83,62.347,8.235
2026-02-26 06:22:00,60.604,-10.0,-1.374,-1.374,125.0,-10.0,-10.0,81.92,61.978,8.626
2026-02-26 06:23:00,60.626,-10.0,-0.983,-0.983,125.0,-10.0,-10.0,82.0,61.609,9.017
2026-02-26 06:24:00,60.648,-10.0,-0.592,-0.592,125.0,-10.0,-10.0,82.08,61.241,9.408
2026-02-26 06:25:00,60.672,-10.0,-0.202,-0.202,125.0,-10.0,-10.0,82.17,60.874,9.798
2026-02-26 06:26:00,60.696,-10.0,0.188,0.188,125.0,-10.0,-10.0,82.25,60.508,10.188
2026-02-26 06:27:00,60.721,-10.0,0.578,0.578,125.0,-10.0,-10.0,82.33,60.142,10.578
2026-02-26 06:28:00,60.746,-10.0,0.968,0.968,125.0,-10.0,-10.0,82.42,59.778,10.968
2026-02-26 06:29:00,60.773,-10.0,1.358,1.358,125.0,-10.0,-10.0,82.5,59.415,11.358
2026-02-26 06:30:00,60.8,-10.0,1.747,1.747,125.0,-10.0,-10.0,82.58,59.053,11.747
2026-02-26 06:31:00,60.828,-10.0,2.137,2.137,125.0,-10.0,-10.0,82.67,58.692,12.137
2026-02-26 06:32:00,60.857,-10.0,2.526,2.526,125.0,-10.0,-10.0,82.75,58.331,12.526
2026-02-26 06:33:00,60.887,-10.0,2.914,2.914,125.0,-10.0,-10.0,82.83,57.972,12.914
2026-02-26 06:34:00,60.917,-10.0,3.303,3.303,125.0,-10.0,-10.0,82.92,57.614,13.303
2026-02-26 06:35:00,60.949,-10.0,3.691,3.691,125.0,-10.0,-10.0,83.0,57.258,13.691
2026-02-26 06:36:00,60.981,-10.0,4.079,4.079,125.0,-10.0,-10.0,83.08,56.902,14.079
2026-02-26 06:37:00,61.015,-10.0,4.467,4.467,125.0,-10.0,-10.0,83.17,56.548,14.467
2026-02-26 06:38:00,61.049,-10.0,4.854,4.854,125.0,-10.0,-10.0,83.25,56.195,14.854
2026-02-26 06:39:00,61.084,-10.0,5.241,5.241,125.0,-10.0,-10.0,83.33,55.843,15.241
2026-02-26 06:40:00,61.121,-10.0,5.628,5.628,125.0,-10.0,-10.0,83.42,55.492,15.628
2026-02-26 06:41:00,61.158,-10.0,6.015,6.015,125.0,-10.0,-10.0,83.5,55.143,16.015
2026-02-26 06:42:00,61.196,-10.0,6.401,6.401,125.0,-10.0,-10.0,83.58,54.795,16.401
2026-02-26 06:43:00,61.236,-10.0,6.787,6.787,125.0,-10.0,-10.0,83.67,54.449,16.787
2026-02-26 06:44:00,61.276,-10.0,7.173,7.173,125.0,-10.0,-10.0,83.75,54.104,17.173
2026-02-26 06:45:00,61.318,-10.0,7.558,7.558,125.0,-10.0,-10.0,83.83,53.76,17.558
2026-02-26 06:46:00,61.361,-10.0,7.943,7.943,125.0,-10.0,-10.0,83.92,53.418,17.943
2026-02-26 06:47:00,61.405,-10.0,8.328,8.328,125.0,-10.0,-10.0,84.0,53.077,18.328
2026-02-26 06:48:00,61.45,-10.0,8.712,8.712,125.0,-10.0,-10.0,84.08,52.738,18.712
2026-02-26 06:49:00,61.496,-10.0,9.096,9.096,125.0,-10.0,-10.0,84.17,52.4,19.096
2026-02-26 06:50:00,61.544,-10.0,9.48,9.48,125.0,-10.0,-10.0,84.25,52.064,19.48
2026-02-26 06:51:00,61.593,-10.0,9.863,9.863,125.0,-10.0,-10.0,84.33,51.73,19.863
2026-02-26 06:52:00,61.643,-10.0,10.246,10.246,125.0,-10.0,-10.0,84.42,51.397,20.246
2026-02-26 06:53:00,61.694,-10.0,10.628,10.628,125.0,-10.0,-10.0,84.5,51.066,20.628
2026-02-26 06:54:00,61.747,-10.0,11.01,11.01,125.0,-10.0,-10.0,84.58,50.737,21.01
2026-02-26 06:55:00,61.801,-10.0,11.392,11.392,125.0,-10.0,-10.0,84.67,50.41,21.392
2026-02-26 06:56:00,61.857,-10.0,11.773,11.773,125.0,-10.0,-10.0,84.75,50.084,21.773
2026-02-26 06:57:00,61.914,-10.0,12.154,12.154,125.0,-10.0,-10.0,84.83,49.76,22.154
2026-02-26 06:58:00,61.972,-10.0,12.534,12.534,125.0,-10.0,-10.0,84.92,49.438,22.534
2026-02-26 06:59:00,62.032,-10.0,12.914,12.914,125.0,-10.0,-10.0,85.0,49.117,22.914
2026-02-26 07:00:00,62.093,0.0,23.294,23.294,125.0,0.0,0.0,85.0,38.799,23.294
2026-02-26 07:01:00,62.155,0.0,23.673,23.673,125.0,0.0,0.0,85.0,38.483,23.673
2026-02-26 07:02:00,62.22,0.0,24.051,24.051,125.0,0.0,0.0,85.0,38.168,24.051
2026-02-26 07:03:00,62.285,0.0,24.43,24.43,125.0,0.0,0.0,85.0,37.856,24.43
2026-02-26 07:04:00,62.353,0.0,24.807,24.807,125.0,0.0,0.0,85.0,37.545,24.807
2026-02-26 07:05:00,62.421,0.0,25.185,25.185,125.0,0.0,0.0,85.0,37.237,25.185
2026-02-26 07:06:00,62.492,0.0,25.561,25.561,125.0,0.0,0.0,85.0,36.93,25.561
2026-02-26 07:07:00,62.564,0.0,25.938,25.938,125.0,0.0,0.0,85.0,36.626,25.938
2026-02-26 07:08:00,62.638,0.0,26.313,26.313,125.0,0.0,0.0,85.0,36.324,26.313
2026-02-26 07:09:00,62.713,0.0,26.689,26.689,125.0,0.0,0.0,85.0,36.024,26.689
2026-02-26 07:10:00,62.79,0.0,27.064,27.064,125.0,0.0,0.0,85.0,35.727,27.064
2026-02-26 07:11:00,62.869,0.0,27.438,27.438,125.0,0.0,0.0,85.0,35.431,27.438
2026-02-26 07:12:00,62.95,0.0,27.812,27.812,125.0,0.0,0.0,85.0,35.138,27.812
2026-02-26 07:13:00,63.032,0.0,28.185,28.185,125.0,0.0,0.0,85.0,34.847,28.185
2026-02-26 07:14:00,63.116,0.0,28.557,28.557,125.0,0.0,0.0,85.0,34.559,28.557
2026-02-26 07:15:00,63.202,0.0,28.93,28.93,125.0,0.0,0.0,85.0,34.272,28.93
2026-02-26 07:16:00,63.29,0.0,29.301,29.301,125.0,0.0,0.0,85.0,33.989,29.301
2026-02-26 07:17:00,63.379,0.0,29.672,29.672,125.0,0.0,0.0,85.0,33.707,29.672
2026-02-26 07:18:00,63.471,0.0,30.043,30.043,125.0,0.0,0.0,85.0,33.428,30.043
2026-02-26 07:19:00,63.564,0.0,30.413,30.413,125.0,0.0,0.0,85.0,33.152,30.413
2026-02-26 07:20:00,63.659,0.0,30.782,30.782,125.0,0.0,0.0,85.0,32.878,30.782
2026-02-26 07:21:00,63.757,0.0,31.151,31.151,125.0,0.0,0.0,85.0,32.606,31.151
2026-02-26 07:22:00,63.856,0.0,31.519,31.519,125.0,0.0,0.0,85.0,32.337,31.519
2026-02-26 07:23:00,63.957,0.0,31.886,31.886,125.0,0.0,0.0,85.0,32.071,31.886
2026-02-26 07:24:00,64.06,0.0,32.253,32.253,125.0,0.0,0.0,85.0,31.807,32.253
2026-02-26 07:25:00,64.165,0.0,32.619,32.619,125.0,0.0,0.0,85.0,31.546,32.619
2026-02-26 07:26:00,64.272,0.0,32.985,32.985,125.0,0.0,0.0,85.0,31.287,32.985
2026-02-26 07:27:00,64.381,0.0,33.35,33.35,125.0,0.0,0.0,85.0,31.031,33.35
2026-02-26 07:28:00,64.493,0.0,33.715,33.715,125.0,0.0,0.0,85.0,30.778,33.715
2026-02-26 07:29:00,64.606,0.0,34.078,34.078,125.0,0.0,0.0,85.0,30.528,34.078
2026-02-26 07:30:00,64.721,0.0,34.442,34.442,125.0,0.0,0.0,85.0,30.28,34.442
2026-02-26 07:31:00,64.839,0.0,34.804,34.804,125.0,0.0,0.0,85.0,30.035,34.804
2026-02-26 07:32:00,64.958,0.0,35.166,35.166,125.0,0.0,0.0,85.0,29.793,35.166
2026-02-26 07:33:00,65.08,0.0,35.527,35.527,125.0,0.0,0.0,85.0,29.553,35.527
2026-02-26 07:34:00,65.204,0.0,35.887,35.887,125.0,0.0,0.0,85.0,29.316,35.887
2026-02-26 07:35:00,65.33,0.0,36.247,36.247,125.0,0.0,0.0,85.0,29.083,36.247
2026-02-26 07:36:00,65.458,0.0,36.606,36.606,125.0,0.0,0.0,85.0,28.852,36.606
2026-02-26 07:37:00,65.588,0.0,36.965,36.965,125.0,0.0,0.0,85.0,28.623,36.965
2026-02-26 07:38:00,65.721,0.0,37.322,37.322,125.0,0.0,0.0,85.0,28.398,37.322
2026-02-26 07:39:00,65.855,0.0,37.679,37.679,125.0,0.0,0.0,85.0,28.176,37.679
2026-02-26 07:40:00,65.992,0.0,38.036,38.036,125.0,0.0,0.0,85.0,27.956,38.036
2026-02-26 07:41:00,66.131,0.0,38.391,38.391,125.0,0.0,0.0,85.0,27.74,38.391
2026-02-26 07:42:00,66.272,0.0,38.746,38.746,125.0,0.0,0.0,85.0,27.526,38.746
2026-02-26 07:43:00,66.415,0.0,39.1,39.1,125.0,0.0,0.0,85.0,27.315,39.1
2026-02-26 07:44:00,66.561,0.0,39.453,39.453,125.0,0.0,0.0,85.0,27.108,39.453
2026-02-26 07:45:00,66.709,0.0,39.806,39.806,125.0,0.0,0.0,85.0,26.903,39.806
2026-02-26 07:46:00,66.859,0.0,40.158,40.158,125.0,0.0,0.0,85.0,26.701,40.158
2026-02-26 07:47:00,67.011,0.0,40.509,40.509,125.0,0.0,0.0,85.0,26.502,40.509
2026-02-26 07:48:00,67.165,0.0,40.859,40.859,125.0,0.0,0.0,85.0,26.306,40.859
2026-02-26 07:49:00,67.322,0.0,41.209,41.209,125.0,0.0,0.0,85.0,26.113,41.209
2026-02-26 07:50:00,67.481,0.0,41.557,41.557,125.0,0.0,0.0,85.0,25.923,41.557
2026-02-26 07:51:00,67.641,0.0,41.905,41.905,125.0,0.0,0.0,85.0,25.736,41.905
2026-02-26 07:52:00,67.805,0.0,42.252,42.252,125.0,0.0,0.0,85.0,25.552,42.252
2026-02-26 07:53:00,67.97,0.0,42.599,42.599,125.0,0.0,0.0,85.0,25.371,42.599
2026-02-26 07:54:00,68.137,0.0,42.944,42.944,125.0,0.0,0.0,85.0,25.193,42.944
2026-02-26 07:55:00,68.307,0.0,43.289,43.289,125.0,0.0,0.0,85.0,25.018,43.289
2026-02-26 07:56:00,68.479,0.0,43.633,43.633,125.0,0.0,0.0,85.0,24.846,43.633
2026-02-26 07:57:00,68.653,0.0,43.976,43.976,125.0,0.0,0.0,85.0,24.677,43.976
2026-02-26 07:58:00,68.829,0.0,44.318,44.318,125.0,0.0,0.0,85.0,24.51,44.318
2026-02-26 07:59:00,69.007,0.0,44.659,44.659,125.0,0.0,0.0,85.0,24.347,44.659
2026-02-26 08:00:00,69.187,50.0,69.187,69.187,125.0,24.187,50.0,84.8,0.0,45.0
2026-02-26 08:01:00,69.369,50.0,69.369,69.369,125.0,24.029,50.0,84.6,0.0,45.34
2026-02-26 08:02:00,69.553,50.0,69.553,69.553,125.0,23.875,50.0,84.4,0.0,45.678
2026-02-26 08:03:00,69.74,50.0,69.74,69.74,125.0,23.723,50.0,84.2,0.0,46.016
2026-02-26 08:04:00,69.928,50.0,69.928,69.928,125.0,23.574,50.0,84.01,0.0,46.353
2026-02-26 08:05:00,70.118,50.0,70.118,70.118,125.0,23.429,50.0,83.81,0.0,46.69
2026-02-26 08:06:00,70.31,50.0,70.31,70.31,125.0,23.285,50.0,83.62,0.0,47.025
2026-02-26 08:07:00,70.505,50.0,70.505,70.505,125.0,23.145,50.0,83.42,0.0,47.359
2026-02-26 08:08:00,70.701,50.0,70.701,70.701,125.0,23.008,50.0,83.23,0.0,47.693
2026-02-26 08:09:00,70.898,50.0,70.898,70.898,125.0,22.873,50.0,83.04,0.0,48.025
2026-02-26 08:10:00,71.098,50.0,71.098,71.098,125.0,22.741,50.0,82.85,0.0,48.357
2026-02-26 08:11:00,71.3,50.0,71.3,71.3,125.0,22.612,50.0,82.66,0.0,48.688
2026-02-26 08:12:00,71.503,50.0,71.503,71.503,125.0,22.486,50.0,82.48,0.0,49.018
2026-02-26 08:13:00,71.708,50.0,71.708,71.708,125.0,22.362,50.0,82.29,0.0,49.346
2026-02-26 08:14:00,71.915,50.0,71.915,71.915,125.0,22.241,50.0,82.1,0.0,49.674
2026-02-26 08:15:00,72.123,50.0,72.123,72.123,125.0,22.122,50.0,81.92,0.0,50.001
2026-02-26 08:16:00,72.333,50.0,72.333,72.333,125.0,22.006,50.0,81.74,0.0,50.327
2026-02-26 08:17:00,72.545,50.0,72.545,72.545,125.0,21.893,50.0,81.55,0.0,50.652
2026-02-26 08:18:00,72.758,50.0,72.758,72.758,125.0,21.782,50.0,81.37,0.0,50.977
2026-02-26 08:19:00,72.973,50.0,72.973,72.973,125.0,21.673,50.0,81.19,0.0,51.3
2026-02-26 08:20:00,73.189,50.0,73.189,73.189,125.0,21.567,50.0,81.01,0.0,51.622
2026-02-26 08:21:00,73.406,50.0,73.406,73.406,125.0,21.463,50.0,80.83,0.0,51.943
2026-02-26 08:22:00,73.625,50.0,73.625,73.625,125.0,21.362,50.0,80.65,0.0,52.263
2026-02-26 08:23:00,73.845,50.0,73.845,73.845,125.0,21.263,50.0,80.48,0.0,52.582
2026-02-26 08:24:00,74.067,50.0,74.067,74.067,125.0,21.166,50.0,80.3,0.0,52.901
2026-02-26 08:25:00,74.289,50.0,74.289,74.289,125.0,21.071,50.0,80.13,0.0,53.218
2026-02-26 08:26:00,74.513,50.0,74.513,74.513,125.0,20.979,50.0,79.95,0.0,53.534
2026-02-26 08:27:00,74.738,50.0,74.738,74.738,125.0,20.888,50.0,79.78,0.0,53.849
2026-02-26 08:28:00,74.963,50.0,74.963,74.963,125.0,20.8,50.0,79.6,0.0,54.163
2026-02-26 08:29:00,75.19,50.0,75.19,75.19,125.0,20.714,50.0,79.43,0.0,54.476
2026-02-26 08:30:00,75.418,50.0,75.418,75.418,125.0,20.629,50.0,79.26,0.0,54.789
2026-02-26 08:31:00,75.646,50.0,75.646,75.646,125.0,20.547,50.0,79.09,0.0,55.1
2026-02-26 08:32:00,75.875,50.0,75.875,75.875,125.0,20.466,50.0,78.92,0.0,55.41
2026-02-26 08:33:00,76.105,50.0,76.105,76.105,125.0,20.387,50.0,78.75,0.0,55.718
2026-02-26 08:34:00,76.336,50.0,76.336,76.336,125.0,20.31,50.0,78.58,0.0,56.026
2026-02-26 08:35:00,76.567,50.0,76.567,76.567,125.0,20.234,50.0,78.41,0.0,56.333
2026-02-26 08:36:00,76.799,50.0,76.799,76.799,125.0,20.16,50.0,78.24,0.0,56.639
2026-02-26 08:37:00,77.031,50.0,77.031,77.031,125.0,20.088,50.0,78.07,0.0,56.943
2026-02-26 08:38:00,77.264,50.0,77.264,77.264,125.0,20.017,50.0,77.91,0.0,57.247
2026-02-26 08:39:00,77.496,50.0,77.496,77.496,125.0,19.947,50.0,77.74,0.0,57.55
2026-02-26 08:40:00,77.729,50.0,77.729,77.729,125.0,19.879,50.0,77.58,0.0,57.851
2026-02-26 08:41:00,77.963,50.0,77.963,77.963,125.0,19.811,50.0,77.41,0.0,58.151
2026-02-26 08:42:00,78.196,50.0,78.196,78.196,125.0,19.746,50.0,77.25,0.0,58.45
2026-02-26 08:43:00,78.429,50.0,78.429,78.429,125.0,19.681,50.0,77.08,0.0,58.748
2026-02-26 08:44:00,78.662,50.0,78.662,78.662,125.0,19.617,50.0,76.92,0.0,59.045
2026-02-26 08:45:00,78.895,50.0,78.895,78.895,125.0,19.554,50.0,76.76,0.0,59.341
2026-02-26 08:46:00,79.128,50.0,79.128,79.128,125.0,19.492,50.0,76.59,0.0,59.636
2026-02-26 08:47:00,79.361,50.0,79.361,79.361,125.0,19.431,50.0,76.43,0.0,59.929
2026-02-26 08:48:00,79.593,50.0,79.593,79.593,125.0,19.371,50.0,76.27,0.0,60.222
2026-02-26 08:49:00,79.824,50.0,79.824,79.824,125.0,19.311,50.0,76.11,0.0,60.513
2026-02-26 08:50:00,80.055,50.0,80.055,80.055,125.0,19.252,50.0,75.95,0.0,60.803
2026-02-26 08:51:00,80.286,50.0,80.286,80.286,125.0,19.194,50.0,75.79,0.0,61.092
2026-02-26 08:52:00,80.516,50.0,80.516,80.516,125.0,19.136,50.0,75.63,0.0,61.38
2026-02-26 08:53:00,80.744,50.0,80.744,80.744,125.0,19.078,50.0,75.47,0.0,61.666
2026-02-26 08:54:00,80.972,50.0,80.972,80.972,125.0,19.021,50.0,75.31,0.0,61.952
2026-02-26 08:55:00,81.199,50.0,81.199,81.199,125.0,18.963,50.0,75.15,0.0,62.236
2026-02-26 08:56:00,81.425,50.0,81.425,81.425,125.0,18.906,50.0,75.0,0.0,62.519
2026-02-26 08:57:00,81.65,50.0,81.65,81.65,125.0,18.849,50.0,74.84,0.0,62.801
2026-02-26 08:58:00,81.874,50.0,81.874,81.874,125.0,18.792,50.0,74.68,0.0,63.082
2026-02-26 08:59:00,82.096,50.0,82.096,82.096,125.0,18.735,50.0,74.53,0.0,63.361
2026-02-26 09:00:00,82.317,50.0,82.317,82.317,125.0,18.677,50.0,74.37,0.0,63.64
2026-02-26 09:01:00,82.536,50.0,82.536,82.536,125.0,18.619,50.0,74.21,0.0,63.917
2026-02-26 09:02:00,82.754,50.0,82.754,82.754,125.0,18.561,50.0,74.06,0.0,64.193
2026-02-26 09:03:00,82.97,50.0,82.97,82.97,125.0,18.503,50.0,73.91,0.0,64.467
2026-02-26 09:04:00,83.184,50.0,83.184,83.184,125.0,18.444,50.0,73.75,0.0,64.741
2026-02-26 09:05:00,83.397,50.0,83.397,83.397,125.0,18.384,50.0,73.6,0.0,65.013
2026-02-26 09:06:00,83.607,50.0,83.607,83.607,125.0,18.324,50.0,73.45,0.0,65.284
2026-02-26 09:07:00,83.816,50.0,83.816,83.816,125.0,18.262,50.0,73.29,0.0,65.553
2026-02-26 09:08:00,84.022,50.0,84.022,84.022,125.0,18.2,50.0,73.14,0.0,65.822
2026-02-26 09:09:00,84.226,50.0,84.226,84.226,125.0,18.137,50.0,72.99,0.0,66.089
2026-02-26 09:10:00,84.428,50.0,84.428,84.428,125.0,18.073,50.0,72.84,0.0,66.355
2026-02-26 09:11:00,84.628,50.0,84.628,84.628,125.0,18.008,50.0,72.69,0.0,66.62
2026-02-26 09:12:00,84.825,50.0,84.825,84.825,125.0,17.942,50.0,72.54,0.0,66.883
2026-02-26 09:13:00,85.02,50.0,85.02,85.02,125.0,17.874,50.0,72.39,0.0,67.145
2026-02-26 09:14:00,85.211,50.0,85.211,85.211,125.0,17.805,50.0,72.24,0.0,67.406
2026-02-26 09:15:00,85.401,50.0,85.401,85.401,125.0,17.735,50.0,72.1,0.0,67.666
2026-02-26 09:16:00,85.587,50.0,85.587,85.587,125.0,17.663,50.0,71.95,0.0,67.924
2026-02-26 09:17:00,85.771,50.0,85.771,85.771,125.0,17.59,50.0,71.8,0.0,68.181
2026-02-26 09:18:00,85.951,50.0,85.951,85.951,125.0,17.515,50.0,71.66,0.0,68.437
2026-02-26 09:19:00,86.129,50.0,86.129,86.129,125.0,17.438,50.0,71.51,0.0,68.691
2026-02-26 09:20:00,86.304,50.0,86.304,86.304,125.0,17.36,50.0,71.37,0.0,68.944
2026-02-26 09:21:00,86.475,50.0,86.475,86.475,125.0,17.279,50.0,71.22,0.0,69.196
2026-02-26 09:22:00,86.643,50.0,86.643,86.643,125.0,17.197,50.0,71.08,0.0,69.446
2026-02-26 09:23:00,86.808,50.0,86.808,86.808,125.0,17.112,50.0,70.94,0.0,69.695
2026-02-26 09:24:00,86.969,50.0,86.969,86.969,125.0,17.026,50.0,70.79,0.0,69.943
2026-02-26 09:25:00,87.127,50.0,87.127,87.127,125.0,16.937,50.0,70.65,0.0,70.19
2026-02-26 09:26:00,87.281,50.0,87.281,87.281,125.0,16.846,50.0,70.51,0.0,70.435
2026-02-26 09:27:00,87.432,50.0,87.432,87.432,125.0,16.753,50.0,70.37,0.0,70.679
2026-02-26 09:28:00,87.579,50.0,87.579,87.579,125.0,16.658,50.0,70.23,0.0,70.921
2026-02-26 09:29:00,87.722,50.0,87.722,87.722,125.0,16.56,50.0,70.1,0.0,71.162
2026-02-26 09:30:00,87.861,50.0,87.861,87.861,125.0,16.459,50.0,69.96,0.0,71.402
2026-02-26 09:31:00,87.997,50.0,87.997,87.997,125.0,16.356,50.0,69.82,0.0,71.64
2026-02-26 09:32:00,88.128,50.0,88.128,88.128,125.0,16.251,50.0,69.69,0.0,71.877
2026-02-26 09:33:00,88.255,50.0,88.255,88.255,125.0,16.143,50.0,69.55,0.0,72.113
2026-02-26 09:34:00,88.379,50.0,88.379,88.379,125.0,16.032,50.0,69.42,0.0,72.347
2026-02-26 09:35:00,88.498,50.0,88.498,88.498,125.0,15.918,50.0,69.29,0.0,72.58
2026-02-26 09:36:00,88.613,50.0,88.613,88.613,125.0,15.801,50.0,69.16,0.0,72.812
2026-02-26 09:37:00,88.724,50.0,88.724,88.724,125.0,15.682,50.0,69.02,0.0,73.042
2026-02-26 09:38:00,88.83,50.0,88.83,88.83,125.0,15.56,50.0,68.89,0.0,73.27
2026-02-26 09:39:00,88.932,50.0,88.932,88.932,125.0,15.434,50.0,68.77,0.0,73.498
2026-02-26 09:40:00,89.03,50.0,89.03,89.03,125.0,15.306,50.0,68.64,0.0,73.724
2026-02-26 09:41:00,89.123,50.0,89.123,89.123,125.0,15.175,50.0,68.51,0.0,73.948
2026-02-26 09:42:00,89.212,50.0,89.212,89.212,125.0,15.04,50.0,68.39,0.0,74.171
2026-02-26 09:43:00,89.296,50.0,89.296,89.296,125.0,14.903,50.0,68.26,0.0,74.393
2026-02-26 09:44:00,89.375,50.0,89.375,89.375,125.0,14.762,50.0,68.14,0.0,74.613
2026-02-26 09:45:00,89.45,50.0,89.45,89.45,125.0,14.618,50.0,68.02,0.0,74.832
2026-02-26 09:46:00,89.521,50.0,89.521,89.521,125.0,14.471,50.0,67.9,0.0,75.05
2026-02-26 09:47:00,89.586,50.0,89.586,89.586,125.0,14.32,50.0,67.78,0.0,75.266
2026-02-26 09:48:00,89.647,50.0,89.647,89.647,125.0,14.167,50.0,67.66,0.0,75.48
2026-02-26 09:49:00,89.703,50.0,89.703,89.703,125.0,14.01,50.0,67.54,0.0,75.694
2026-02-26 09:50:00,89.754,50.0,89.754,89.754,125.0,13.849,50.0,67.43,0.0,75.905
2026-02-26 09:51:00,89.801,50.0,89.801,89.801,125.0,13.685,50.0,67.31,0.0,76.116
2026-02-26 09:52:00,89.843,50.0,89.843,89.843,125.0,13.518,50.0,67.2,0.0,76.324
2026-02-26 09:53:00,89.879,50.0,89.879,89.879,125.0,13.348,50.0,67.09,0.0,76.532
2026-02-26 09:54:00,89.911,50.0,89.911,89.911,125.0,13.174,50.0,66.98,0.0,76.738
2026-02-26 09:55:00,89.938,50.0,89.938,89.938,125.0,12.996,50.0,66.87,0.0,76.942
2026-02-26 09:56:00,89.961,50.0,89.961,89.961,125.0,12.816,50.0,66.76,0.0,77.145
2026-02-26 09:57:00,89.978,50.0,89.978,89.978,125.0,12.631,50.0,66.66,0.0,77.347
2026-02-26 09:58:00,89.99,50.0,89.99,89.99,125.0,12.444,50.0,66.56,0.0,77.547
2026-02-26 09:59:00,89.998,50.0,89.998,89.998,125.0,12.252,50.0,66.45,0.0,77.745
2026-02-26 10:00:00,90.0,50.0,90.0,90.0,125.0,12.058,50.0,66.35,0.0,77.942
2026-02-26 10:01:00,89.998,50.0,89.998,89.998,125.0,11.86,50.0,66.25,0.0,78.138
2026-02-26 10:02:00,89.99,50.0,89.99,89.99,125.0,11.658,50.0,66.16,0.0,78.332
2026-02-26 10:03:00,89.978,50.0,89.978,89.978,125.0,11.453,50.0,66.06,0.0,78.525
2026-02-26 10:04:00,89.961,50.0,89.961,89.961,125.0,11.245,50.0,65.97,0.0,78.716
2026-02-26 10:05:00,89.938,50.0,89.938,89.938,125.0,11.033,50.0,65.88,0.0,78.905
2026-02-26 10:06:00,89.911,50.0,89.911,89.911,125.0,10.818,50.0,65.79,0.0,79.094
2026-02-26 10:07:00,89.879,50.0,89.879,89.879,125.0,10.599,50.0,65.7,0.0,79.28
2026-02-26 10:08:00,89.843,50.0,89.843,89.843,125.0,10.377,50.0,65.61,0.0,79.465
2026-02-26 10:09:00,89.801,50.0,89.801,89.801,125.0,10.152,50.0,65.53,0.0,79.649
2026-02-26 10:10:00,89.754,50.0,89.754,89.754,125.0,9.923,50.0,65.44,0.0,79.831
2026-02-26 10:11:00,89.703,50.0,89.703,89.703,125.0,9.692,50.0,65.36,0.0,80.012
2026-02-26 10:12:00,89.647,50.0,89.647,89.647,125.0,9.456,50.0,65.28,0.0,80.191
2026-02-26 10:13:00,89.586,50.0,89.586,89.586,125.0,9.218,50.0,65.21,0.0,80.368
2026-02-26 10:14:00,89.521,50.0,89.521,89.521,125.0,8.977,50.0,65.13,0.0,80.544
2026-02-26 10:15:00,89.45,50.0,89.45,89.45,125.0,8.732,50.0,65.06,0.0,80.719
2026-02-26 10:16:00,89.375,50.0,89.375,89.375,125.0,8.484,50.0,64.99,0.0,80.891
2026-02-26 10:17:00,89.296,50.0,89.296,89.296,125.0,8.233,50.0,64.92,0.0,81.063
2026-02-26 10:18:00,89.212,50.0,89.212,89.212,125.0,7.979,50.0,64.85,0.0,81.233
2026-02-26 10:19:00,89.123,50.0,89.123,89.123,125.0,7.722,50.0,64.79,0.0,81.401
2026-02-26 10:20:00,89.03,50.0,89.03,89.03,125.0,7.462,50.0,64.73,0.0,81.568
2026-02-26 10:21:00,88.932,50.0,88.932,88.932,125.0,7.199,50.0,64.67,0.0,81.733
2026-02-26 10:22:00,88.83,50.0,88.83,88.83,125.0,6.934,50.0,64.61,0.0,81.897
2026-02-26 10:23:00,88.724,50.0,88.724,88.724,125.0,6.665,50.0,64.55,0.0,82.059
2026-02-26 10:24:00,88.613,50.0,88.613,88.613,125.0,6.394,50.0,64.5,0.0,82.219
2026-02-26 10:25:00,88.498,50.0,88.498,88.498,125.0,6.12,50.0,64.45,0.0,82.378
2026-02-26 10:26:00,88.379,50.0,88.379,88.379,125.0,5.843,50.0,64.4,0.0,82.535
2026-02-26 10:27:00,88.255,50.0,88.255,88.255,125.0,5.564,50.0,64.36,0.0,82.691
2026-02-26 10:28:00,88.128,50.0,88.128,88.128,125.0,5.283,50.0,64.31,0.0,82.845
2026-02-26 10:29:00,87.997,50.0,87.997,87.997,125.0,4.998,50.0,64.27,0.0,82.998
2026-02-26 10:30:00,87.861,50.0,87.861,87.861,125.0,4.712,50.0,64.23,0.0,83.149
2026-02-26 10:31:00,87.722,50.0,87.722,87.722,125.0,4.423,50.0,64.19,0.0,83.299
2026-02-26 10:32:00,87.579,50.0,87.579,87.579,125.0,4.132,50.0,64.16,0.0,83.447
2026-02-26 10:33:00,87.432,50.0,87.432,87.432,125.0,3.839,50.0,64.13,0.0,83.593
2026-02-26 10:34:00,87.281,50.0,87.281,87.281,125.0,3.544,50.0,64.1,0.0,83.738
2026-02-26 10:35:00,87.127,50.0,87.127,87.127,125.0,3.246,50.0,64.07,0.0,83.881
2026-02-26 10:36:00,86.969,50.0,86.969,86.969,125.0,2.947,50.0,64.05,0.0,84.022
2026-02-26 10:37:00,86.808,50.0,86.808,86.808,125.0,2.646,50.0,64.02,0.0,84.162
2026-02-26 10:38:00,86.643,50.0,86.643,86.643,125.0,2.342,50.0,64.0,0.0,84.3
2026-02-26 10:39:00,86.475,50.0,86.475,86.475,125.0,2.038,50.0,63.99,0.0,84.437
2026-02-26 10:40:00,86.304,50.0,86.304,86.304,125.0,1.731,50.0,63.97,0.0,84.572
2026-02-26 10:41:00,86.129,50.0,86.129,86.129,125.0,1.423,50.0,63.96,0.0,84.706
2026-02-26 10:42:00,85.951,50.0,85.951,85.951,125.0,1.114,50.0,63.95,0.0,84.838
2026-02-26 10:43:00,85.771,50.0,85.771,85.771,125.0,0.803,50.0,63.95,0.0,84.968
2026-02-26 10:44:00,85.587,50.0,85.587,85.587,125.0,0.491,50.0,63.94,0.0,85.097
2026-02-26 10:45:00,85.401,50.0,85.401,85.401,125.0,0.177,50.0,63.94,0.0,85.224
2026-02-26 10:46:00,85.211,50.0,85.211,85.211,125.0,-0.138,50.0,63.94,0.0,85.349
2026-02-26 10:47:00,85.02,50.0,85.02,85.02,125.0,-0.453,50.0,63.94,0.0,85.473
2026-02-26 10:48:00,84.825,50.0,84.825,84.825,125.0,-0.77,50.0,63.95,0.0,85.595
2026-02-26 10:49:00,84.628,50.0,84.628,84.628,125.0,-1.088,50.0,63.96,0.0,85.716
2026-02-26 10:50:00,84.428,50.0,84.428,84.428,125.0,-1.406,50.0,63.97,0.0,85.835
2026-02-26 10:51:00,84.226,50.0,84.226,84.226,125.0,-1.725,50.0,63.99,0.0,85.952
2026-02-26 10:52:00,84.022,50.0,84.022,84.022,125.0,-2.045,50.0,64.0,0.0,86.067
2026-02-26 10:53:00,83.816,50.0,83.816,83.816,125.0,-2.366,50.0,64.02,0.0,86.181
2026-02-26 10:54:00,83.607,50.0,83.607,83.607,125.0,-2.687,50.0,64.05,0.0,86.294
2026-02-26 10:55:00,83.397,50.0,83.397,83.397,125.0,-3.008,50.0,64.07,0.0,86.404
2026-02-26 10:56:00,83.184,50.0,83.184,83.184,125.0,-3.329,50.0,64.1,0.0,86.514
2026-02-26 10:57:00,82.97,50.0,82.97,82.97,125.0,-3.651,50.0,64.13,0.0,86.621
2026-02-26 10:58:00,82.754,50.0,82.754,82.754,125.0,-3.973,50.0,64.16,0.0,86.727
2026-02-26 10:59:00,82.536,50.0,82.536,82.536,125.0,-4.295,50.0,64.2,0.0,86.831
2026-02-26 11:00:00,82.317,0.0,82.317,82.317,125.0,-4.617,0.0,64.24,0.0,86.933
2026-02-26 11:01:00,82.096,0.0,82.096,82.096,125.0,-4.938,0.0,64.28,0.0,87.034
2026-02-26 11:02:00,81.874,0.0,81.874,81.874,125.0,-5.26,0.0,64.32,0.0,87.133
2026-02-26 11:03:00,81.65,0.0,81.65,81.65,125.0,-5.581,0.0,64.37,0.0,87.231
2026-02-26 11:04:00,81.425,0.0,81.425,81.425,125.0,-5.901,0.0,64.42,0.0,87.327
2026-02-26 11:05:00,81.199,0.0,81.199,81.199,125.0,-6.221,0.0,64.47,0.0,87.421
2026-02-26 11:06:00,80.972,0.0,80.972,80.972,125.0,-6.541,0.0,64.52,0.0,87.513
2026-02-26 11:07:00,80.744,0.0,80.744,80.744,125.0,-6.86,0.0,64.58,0.0,87.604
2026-02-26 11:08:00,80.516,0.0,80.516,80.516,125.0,-7.178,0.0,64.64,0.0,87.693
2026-02-26 11:09:00,80.286,0.0,80.286,80.286,125.0,-7.495,0.0,64.7,0.0,87.781
2026-02-26 11:10:00,80.056,0.0,80.056,80.056,125.0,-7.811,0.0,64.77,0.0,87.867
2026-02-26 11:11:00,79.824,0.0,79.824,79.824,125.0,-8.126,0.0,64.83,0.0,87.951
2026-02-26 11:12:00,79.593,0.0,79.593,79.593,125.0,-8.44,0.0,64.91,0.0,88.033
2026-02-26 11:13:00,79.361,0.0,79.361,79.361,125.0,-8.753,0.0,64.98,0.0,88.114
2026-02-26 11:14:00,79.128,0.0,79.128,79.128,125.0,-9.065,0.0,65.05,0.0,88.193
2026-02-26 11:15:00,78.895,0.0,78.895,78.895,125.0,-9.375,0.0,65.13,0.0,88.271
2026-02-26 11:16:00,78.662,0.0,78.662,78.662,125.0,-9.684,0.0,65.21,0.0,88.346
2026-02-26 11:17:00,78.429,0.0,78.429,78.429,125.0,-9.991,0.0,65.3,0.0,88.421
2026-02-26 11:18:00,78.196,0.0,78.196,78.196,125.0,-10.297,0.0,65.38,0.0,88.493
2026-02-26 11:19:00,77.963,0.0,77.963,77.963,125.0,-10.601,0.0,65.47,0.0,88.564
2026-02-26 11:20:00,77.73,0.0,77.73,77.73,125.0,-10.903,0.0,65.56,0.0,88.633
2026-02-26 11:21:00,77.497,0.0,77.497,77.497,125.0,-11.204,0.0,65.65,0.0,88.7
2026-02-26 11:22:00,77.264,0.0,77.264,77.264,125.0,-11.502,0.0,65.75,0.0,88.766
2026-02-26 11:23:00,77.031,0.0,77.031,77.031,125.0,-11.798,0.0,65.85,0.0,88.83
2026-02-26 11:24:00,76.799,0.0,76.799,76.799,125.0,-12.093,0.0,65.95,0.0,88.892
2026-02-26 11:25:00,76.567,0.0,76.567,76.567,125.0,-12.385,0.0,66.05,0.0,88.953
2026-02-26 11:26:00,76.336,0.0,76.336,76.336,125.0,-12.675,0.0,66.16,0.0,89.011
2026-02-26 11:27:00,76.106,0.0,76.106,76.106,125.0,-12.963,0.0,66.27,0.0,89.069
2026-02-26 11:28:00,75.876,0.0,75.876,75.876,125.0,-13.249,0.0,66.38,0.0,89.124
2026-02-26 11:29:00,75.646,0.0,75.646,75.646,125.0,-13.532,0.0,66.49,0.0,89.178
2026-02-26 11:30:00,75.418,0.0,75.418,75.418,125.0,-13.812,0.0,66.6,0.0,89.23
2026-02-26 11:31:00,75.19,0.0,75.19,75.19,125.0,-14.09,0.0,66.72,0.0,89.28
2026-02-26 11:32:00,74.963,0.0,74.963,74.963,125.0,-14.366,0.0,66.84,0.0,89.329
2026-02-26 11:33:00,74.738,0.0,74.738,74.738,125.0,-14.638,0.0,66.96,0.0,89.376
2026-02-26 11:34:00,74.513,0.0,74.513,74.513,125.0,-14.909,0.0,67.09,0.0,89.421
2026-02-26 11:35:00,74.289,0.0,74.289,74.289,125.0,-15.176,0.0,67.21,0.0,89.465
2026-02-26 11:36:00,74.067,0.0,74.067,74.067,125.0,-15.44,0.0,67.34,0.0,89.507
2026-02-26 11:37:00,73.845,0.0,73.845,73.845,125.0,-15.702,0.0,67.47,0.0,89.547
2026-02-26 11:38:00,73.625,0.0,73.625,73.625,125.0,-15.96,0.0,67.61,0.0,89.586
2026-02-26 11:39:00,73.407,0.0,73.407,73.407,125.0,-16.216,0.0,67.74,0.0,89.622
2026-02-26 11:40:00,73.189,0.0,73.189,73.189,125.0,-16.468,0.0,67.88,0.0,89.658
2026-02-26 11:41:00,72.973,0.0,72.973,72.973,125.0,-16.718,0.0,68.02,0.0,89.691
2026-02-26 11:42:00,72.758,0.0,72.758,72.758,125.0,-16.964,0.0,68.16,0.0,89.723
2026-02-26 11:43:00,72.545,0.0,72.545,72.545,125.0,-17.207,0.0,68.3,0.0,89.753
2026-02-26 11:44:00,72.334,0.0,72.334,72.334,125.0,-17.447,0.0,68.45,0.0,89.781
2026-02-26 11:45:00,72.124,0.0,72.124,72.124,125.0,-17.684,0.0,68.6,0.0,89.807
2026-02-26 11:46:00,71.915,0.0,71.915,71.915,125.0,-17.917,0.0,68.75,0.0,89.832
2026-02-26 11:47:00,71.709,0.0,71.709,71.709,125.0,-18.147,0.0,68.9,0.0,89.855
2026-02-26 11:48:00,71.503,0.0,71.503,71.503,125.0,-18.373,0.0,69.05,0.0,89.877
2026-02-26 11:49:00,71.3,0.0,71.3,71.3,125.0,-18.596,0.0,69.2,0.0,89.896
2026-02-26 11:50:00,71.099,0.0,71.099,71.099,125.0,-18.816,0.0,69.36,0.0,89.914
2026-02-26 11:51:00,70.899,0.0,70.899,70.899,125.0,-19.032,0.0,69.52,0.0,89.931
2026-02-26 11:52:00,70.701,0.0,70.701,70.701,125.0,-19.244,0.0,69.68,0.0,89.945
2026-02-26 11:53:00,70.505,0.0,70.505,70.505,125.0,-19.453,0.0,69.84,0.0,89.958
2026-02-26 11:54:00,70.311,0.0,70.311,70.311,125.0,-19.658,0.0,70.01,0.0,89.969
2026-02-26 11:55:00,70.119,0.0,70.119,70.119,125.0,-19.86,0.0,70.17,0.0,89.979
2026-02-26 11:56:00,69.928,0.0,69.928,69.928,125.0,-20.058,0.0,70.34,0.0,89.986
2026-02-26 11:57:00,69.74,0.0,69.74,69.74,125.0,-20.252,0.0,70.51,0.0,89.992
2026-02-26 11:58:00,69.554,0.0,69.554,69.554,125.0,-20.443,0.0,70.68,0.0,89.997
2026-02-26 11:59:00,69.37,0.0,69.37,69.37,125.0,-20.63,0.0,70.85,0.0,89.999
2026-02-26 12:00:00,69.187,0.0,69.187,69.187,125.0,-20.813,0.0,71.02,0.0,90.0
2026-02-26 12:01:00,69.007,0.0,69.007,69.007,125.0,-20.992,0.0,71.2,0.0,89.999
2026-02-26 12:02:00,68.829,0.0,68.829,68.829,125.0,-21.167,0.0,71.37,0.0,89.997
2026-02-26 12:03:00,68.653,0.0,68.653,68.653,125.0,-21.339,0.0,71.55,0.0,89.992
2026-02-26 12:04:00,68.479,0.0,68.479,68.479,125.0,-21.507,0.0,71.73,0.0,89.986
2026-02-26 12:05:00,68.308,0.0,68.308,68.308,125.0,-21.671,0.0,71.91,0.0,89.979
2026-02-26 12:06:00,68.138,0.0,68.138,68.138,125.0,-21.831,0.0,72.09,0.0,89.969
2026-02-26 12:07:00,67.971,0.0,67.971,67.971,125.0,-21.987,0.0,72.28,0.0,89.958
2026-02-26 12:08:00,67.806,0.0,67.806,67.806,125.0,-22.14,0.0,72.46,0.0,89.945
2026-02-26 12:09:00,67.642,0.0,67.642,67.642,125.0,-22.288,0.0,72.65,0.0,89.931
2026-02-26 12:10:00,67.482,0.0,67.482,67.482,125.0,-22.433,0.0,72.83,0.0,89.914
2026-02-26 12:11:00,67.323,0.0,67.323,67.323,125.0,-22.573,0.0,73.02,0.0,89.896
2026-02-26 12:12:00,67.166,0.0,67.166,67.166,125.0,-22.71,0.0,73.21,0.0,89.877
2026-02-26 12:13:00,67.012,0.0,67.012,67.012,125.0,-22.843,0.0,73.4,0.0,89.855
2026-02-26 12:14:00,66.86,0.0,66.86,66.86,125.0,-22.972,0.0,73.59,0.0,89.832
2026-02-26 12:15:00,66.71,0.0,66.71,66.71,125.0,-23.097,0.0,73.79,0.0,89.807
2026-02-26 12:16:00,66.562,0.0,66.562,66.562,125.0,-23.218,0.0,73.98,0.0,89.781
2026-02-26 12:17:00,66.417,0.0,66.417,66.417,125.0,-23.336,0.0,74.17,0.0,89.753
2026-02-26 12:18:00,66.274,0.0,66.274,66.274,125.0,-23.449,0.0,74.37,0.0,89.723
2026-02-26 12:19:00,66.132,0.0,66.132,66.132,125.0,-23.558,0.0,74.57,0.0,89.691
2026-02-26 12:20:00,65.994,0.0,65.994,65.994,125.0,-23.664,0.0,74.76,0.0,89.658
2026-02-26 12:21:00,65.857,0.0,65.857,65.857,125.0,-23.766,0.0,74.96,0.0,89.622
2026-02-26 12:22:00,65.722,0.0,65.722,65.722,125.0,-23.863,0.0,75.16,0.0,89.586
2026-02-26 12:23:00,65.59,0.0,65.59,65.59,125.0,-23.957,0.0,75.36,0.0,89.547
2026-02-26 12:24:00,65.46,0.0,65.46,65.46,125.0,-24.047,0.0,75.56,0.0,89.507
2026-02-26 12:25:00,65.332,0.0,65.332,65.332,125.0,-24.133,0.0,75.76,0.0,89.465
2026-02-26 12:26:00,65.206,0.0,65.206,65.206,125.0,-24.215,0.0,75.96,0.0,89.421
2026-02-26 12:27:00,65.082,0.0,65.082,65.082,125.0,-24.294,0.0,76.17,0.0,89.376
2026-02-26 12:28:00,64.961,0.0,64.961,64.961,125.0,-24.368,0.0,76.37,0.0,89.329
2026-02-26 12:29:00,64.841,0.0,64.841,64.841,125.0,-24.439,0.0,76.57,0.0,89.28
2026-02-26 12:30:00,64.724,0.0,64.724,64.724,125.0,-24.506,0.0,76.78,0.0,89.23
2026-02-26 12:31:00,64.609,0.0,64.609,64.609,125.0,-24.569,0.0,76.98,0.0,89.178
2026-02-26 12:32:00,64.496,0.0,64.496,64.496,125.0,-24.629,0.0,77.19,0.0,89.124
2026-02-26 12:33:00,64.384,0.0,64.384,64.384,125.0,-24.684,0.0,77.39,0.0,89.069
2026-02-26 12:34:00,64.275,0.0,64.275,64.275,125.0,-24.736,0.0,77.6,0.0,89.011
2026-02-26 12:35:00,64.168,0.0,64.168,64.168,125.0,-24.784,0.0,77.8,0.0,88.953
2026-02-26 12:36:00,64.063,0.0,64.063,64.063,125.0,-24.828,0.0,78.01,0.0,88.892
2026-02-26 12:37:00,63.961,0.0,63.961,63.961,125.0,-24.869,0.0,78.22,0.0,88.83
2026-02-26 12:38:00,63.86,0.0,63.86,63.86,125.0,-24.906,0.0,78.43,0.0,88.766
2026-02-26 12:39:00,63.761,0.0,63.761,63.761,125.0,-24.939,0.0,78.63,0.0,88.7
2026-02-26 12:40:00,63.664,0.0,63.664,63.664,125.0,-24.969,0.0,78.84,0.0,88.633
2026-02-26 12:41:00,63.568,0.0,63.568,63.568,125.0,-24.995,0.0,79.05,0.0,88.564
2026-02-26 12:42:00,63.475,0.0,63.475,63.475,125.0,-25.018,0.0,79.26,0.0,88.493
2026-02-26 12:43:00,63.384,0.0,63.384,63.384,125.0,-25.036,0.0,79.47,0.0,88.421
2026-02-26 12:44:00,63.295,0.0,63.295,63.295,125.0,-25.052,0.0,79.68,0.0,88.346
2026-02-26 12:45:00,63.207,0.0,63.207,63.207,125.0,-25.064,0.0,79.89,0.0,88.271
2026-02-26 12:46:00,63.121,0.0,63.121,63.121,125.0,-25.072,0.0,80.09,0.0,88.193
2026-02-26 12:47:00,63.038,0.0,63.038,63.038,125.0,-25.077,0.0,80.3,0.0,88.114
2026-02-26 12:48:00,62.955,0.0,62.955,62.955,125.0,-25.078,0.0,80.51,0.0,88.033
2026-02-26 12:49:00,62.875,0.0,62.875,62.875,125.0,-25.076,0.0,80.72,0.0,87.951
2026-02-26 12:50:00,62.797,0.0,62.797,62.797,125.0,-25.07,0.0,80.93,0.0,87.867
2026-02-26 12:51:00,62.72,0.0,62.72,62.72,125.0,-25.061,0.0,81.14,0.0,87.781
2026-02-26 12:52:00,62.645,0.0,62.645,62.645,125.0,-25.049,0.0,81.35,0.0,87.693
2026-02-26 12:53:00,62.571,0.0,62.571,62.571,125.0,-25.033,0.0,81.56,0.0,87.604
2026-02-26 12:54:00,62.499,0.0,62.499,62.499,125.0,-25.014,0.0,81.76,0.0,87.513
2026-02-26 12:55:00,62.429,0.0,62.429,62.429,125.0,-24.991,0.0,81.97,0.0,87.421
2026-02-26 12:56:00,62.361,0.0,62.361,62.361,125.0,-24.966,0.0,82.18,0.0,87.327
2026-02-26 12:57:00,62.294,0.0,62.294,62.294,125.0,-24.937,0.0,82.39,0.0,87.231
2026-02-26 12:58:00,62.229,0.0,62.229,62.229,125.0,-24.905,0.0,82.6,0.0,87.133
2026-02-26 12:59:00,62.165,0.0,62.165,62.165,125.0,-24.869,0.0,82.8,0.0,87.034
2026-02-26 13:00:00,62.103,0.0,62.103,62.103,125.0,-24.831,0.0,83.01,0.0,86.933
2026-02-26 13:01:00,62.042,0.0,62.042,62.042,125.0,-24.789,0.0,83.22,0.0,86.831
2026-02-26 13:02:00,61.982,0.0,61.982,61.982,125.0,-24.744,0.0,83.42,0.0,86.727
2026-02-26 13:03:00,61.925,0.0,61.925,61.925,125.0,-24.696,0.0,83.63,0.0,86.621
2026-02-26 13:04:00,61.868,0.0,61.868,61.868,125.0,-24.645,0.0,83.83,0.0,86.514
2026-02-26 13:05:00,61.813,0.0,61.813,61.813,125.0,-24.591,0.0,84.04,0.0,86.404
2026-02-26 13:06:00,61.76,0.0,61.76,61.76,125.0,-24.534,0.0,84.24,0.0,86.294
2026-02-26 13:07:00,61.708,0.0,61.708,61.708,125.0,-24.474,0.0,84.45,0.0,86.181
2026-02-26 13:08:00,61.657,0.0,61.657,61.657,125.0,-24.411,0.0,84.65,0.0,86.067
2026-02-26 13:09:00,61.607,0.0,61.607,61.607,125.0,-24.345,0.0,84.85,0.0,85.952
2026-02-26 13:10:00,61.559,0.0,61.559,61.559,125.0,-24.276,0.0,85.06,0.0,85.835
2026-02-26 13:11:00,61.512,0.0,61.512,61.512,125.0,-24.204,0.0,85.26,0.0,85.716
2026-02-26 13:12:00,61.466,0.0,61.466,61.466,125.0,-24.129,0.0,85.46,0.0,85.595
2026-02-26 13:13:00,61.422,0.0,61.422,61.422,125.0,-24.051,0.0,85.66,0.0,85.473
2026-02-26 13:14:00,61.378,0.0,61.378,61.378,125.0,-23.971,0.0,85.86,0.0,85.349
2026-02-26 13:15:00,61.336,0.0,61.336,61.336,125.0,-23.887,0.0,86.06,0.0,85.224
2026-02-26 13:16:00,61.295,0.0,61.295,61.295,125.0,-23.801,0.0,86.26,0.0,85.097
2026-02-26 13:17:00,61.256,0.0,61.256,61.256,125.0,-23.712,0.0,86.45,0.0,84.968
2026-02-26 13:18:00,61.217,0.0,61.217,61.217,125.0,-23.621,0.0,86.65,0.0,84.838
2026-02-26 13:19:00,61.179,0.0,61.179,61.179,125.0,-23.526,0.0,86.85,0.0,84.706
2026-02-26 13:20:00,61.143,0.0,61.143,61.143,125.0,-23.429,0.0,87.04,0.0,84.572
2026-02-26 13:21:00,61.108,0.0,61.108,61.108,125.0,-23.33,0.0,87.24,0.0,84.437
2026-02-26 13:22:00,61.073,0.0,61.073,61.073,125.0,-23.227,0.0,87.43,0.0,84.3
2026-02-26 13:23:00,61.04,0.0,61.04,61.04,125.0,-23.122,0.0,87.62,0.0,84.162
2026-02-26 13:24:00,61.007,0.0,61.007,61.007,125.0,-23.015,0.0,87.81,0.0,84.022
2026-02-26 13:25:00,60.976,0.0,60.976,60.976,125.0,-22.905,0.0,88.01,0.0,83.881
2026-02-26 13:26:00,60.946,0.0,60.946,60.946,125.0,-22.792,0.0,88.2,0.0,83.738
2026-02-26 13:27:00,60.916,0.0,60.916,60.916,125.0,-22.677,0.0,88.38,0.0,83.593
2026-02-26 13:28:00,60.888,0.0,60.888,60.888,125.0,-22.559,0.0,88.57,0.0,83.447
2026-02-26 13:29:00,60.86,0.0,60.86,60.86,125.0,-22.439,0.0,88.76,0.0,83.299
2026-02-26 13:30:00,60.833,0.0,60.833,60.833,125.0,-22.316,0.0,88.95,0.0,83.149
2026-02-26 13:31:00,60.807,0.0,60.807,60.807,125.0,-22.191,0.0,89.13,0.0,82.998
2026-02-26 13:32:00,60.782,0.0,60.782,60.782,125.0,-22.063,0.0,89.31,0.0,82.845
2026-02-26 13:33:00,60.758,0.0,60.758,60.758,125.0,-21.933,0.0,89.5,0.0,82.691
2026-02-26 13:34:00,60.735,0.0,60.735,60.735,125.0,-21.801,0.0,89.68,0.0,82.535
2026-02-26 13:35:00,60.712,0.0,60.712,60.712,125.0,-21.666,0.0,89.86,0.0,82.378
2026-02-26 13:36:00,60.69,0.0,60.69,60.69,125.0,-21.529,0.0,90.0,0.0,82.219
2026-02-26 13:37:00,60.669,0.0,60.669,60.669,125.0,0.0,0.0,90.0,0.0,60.669
2026-02-26 13:38:00,60.649,0.0,60.649,60.649,125.0,0.0,0.0,90.0,0.0,60.649
2026-02-26 13:39:00,60.629,0.0,60.629,60.629,125.0,0.0,0.0,90.0,0.0,60.629
2026-02-26 13:40:00,60.611,0.0,60.611,60.611,125.0,0.0,0.0,90.0,0.0,60.611
2026-02-26 13:41:00,60.592,0.0,60.592,60.592,125.0,0.0,0.0,90.0,0.0,60.592
2026-02-26 13:42:00,60.575,0.0,60.575,60.575,125.0,0.0,0.0,90.0,0.0,60.575
2026-02-26 13:43:00,60.558,0.0,60.558,60.558,125.0,0.0,0.0,90.0,0.0,60.558
2026-02-26 13:44:00,60.542,0.0,60.542,60.542,125.0,0.0,0.0,90.0,0.0,60.542
2026-02-26 13:45:00,60.527,0.0,60.527,60.527,125.0,0.0,0.0,90.0,0.0,60.527
2026-02-26 13:46:00,60.512,0.0,60.512,60.512,125.0,0.0,0.0,90.0,0.0,60.512
2026-02-26 13:47:00,60.498,0.0,60.498,60.498,125.0,0.0,0.0,90.0,0.0,60.498
2026-02-26 13:48:00,60.484,0.0,60.484,60.484,125.0,0.0,0.0,90.0,0.0,60.484
2026-02-26 13:49:00,60.471,0.0,60.471,60.471,125.0,0.0,0.0,90.0,0.0,60.471
2026-02-26 13:50:00,60.459,0.0,60.459,60.459,125.0,0.0,0.0,90.0,0.0,60.459
2026-02-26 13:51:00,60.447,0.0,60.447,60.447,125.0,0.0,0.0,90.0,0.0,60.447
2026-02-26 13:52:00,60.436,0.0,60.436,60.436,125.0,0.0,0.0,90.0,0.0,60.436
2026-02-26 13:53:00,60.425,0.0,60.425,60.425,125.0,0.0,0.0,90.0,0.0,60.425
2026-02-26 13:54:00,60.415,0.0,60.415,60.415,125.0,0.0,0.0,90.0,0.0,60.415
2026-02-26 13:55:00,60.406,0.0,60.406,60.406,125.0,0.0,0.0,90.0,0.0,60.406
2026-02-26 13:56:00,60.397,0.0,60.397,60.397,125.0,0.0,0.0,90.0,0.0,60.397
2026-02-26 13:57:00,60.388,0.0,60.388,60.388,125.0,0.0,0.0,90.0,0.0,60.388
2026-02-26 13:58:00,60.38,0.0,60.38,60.38,125.0,0.0,0.0,90.0,0.0,60.38
2026-02-26 13:59:00,60.373,0.0,60.373,60.373,125.0,0.0,0.0,90.0,0.0,60.373
2026-02-26 14:00:00,60.366,0.0,60.366,60.366,125.0,0.0,0.0,90.0,0.0,60.366
2026-02-26 14:01:00,60.359,0.0,60.359,60.359,125.0,0.0,0.0,90.0,0.0,60.359
2026-02-26 14:02:00,60.353,0.0,60.353,60.353,125.0,0.0,0.0,90.0,0.0,60.353
2026-02-26 14:03:00,60.348,0.0,60.348,60.348,125.0,0.0,0.0,90.0,0.0,60.348
2026-02-26 14:04:00,60.342,0.0,60.342,60.342,125.0,0.0,0.0,90.0,0.0,60.342
2026-02-26 14:05:00,60.338,0.0,60.338,60.338,125.0,0.0,0.0,90.0,0.0,60.338
2026-02-26 14:06:00,60.334,0.0,60.334,60.334,125.0,0.0,0.0,90.0,0.0,60.334
2026-02-26 14:07:00,60.33,0.0,60.33,60.33,125.0,0.0,0.0,90.0,0.0,60.33
2026-02-26 14:08:00,60.327,0.0,60.327,60.327,125.0,0.0,0.0,90.0,0.0,60.327
2026-02-26 14:09:00,60.324,0.0,60.324,60.324,125.0,0.0,0.0,90.0,0.0,60.324
2026-02-26 14:10:00,60.321,0.0,60.321,60.321,125.0,0.0,0.0,90.0,0.0,60.321
2026-02-26 14:11:00,60.319,0.0,60.319,60.319,125.0,0.0,0.0,90.0,0.0,60.319
2026-02-26 14:12:00,60.318,0.0,60.318,60.318,125.0,0.0,0.0,90.0,0.0,60.318
2026-02-26 14:13:00,60.317,0.0,60.317,60.317,125.0,0.0,0.0,90.0,0.0,60.317
2026-02-26 14:14:00,60.316,0.0,60.316,60.316,125.0,0.0,0.0,90.0,0.0,60.316
2026-02-26 14:15:00,60.316,0.0,60.316,60.316,125.0,0.0,0.0,90.0,0.0,60.316
2026-02-26 14:16:00,60.316,0.0,60.316,60.316,125.0,0.0,0.0,90.0,0.0,60.316
2026-02-26 14:17:00,60.316,0.0,60.316,60.316,125.0,0.0,0.0,90.0,0.0,60.316
2026-02-26 14:18:00,60.317,0.0,60.317,60.317,125.0,0.0,0.0,90.0,0.0,60.317
2026-02-26 14:19:00,60.318,0.0,60.318,60.318,125.0,0.0,0.0,90.0,0.0,60.318
2026-02-26 14:20:00,60.32,0.0,60.32,60.32,125.0,0.0,0.0,90.0,0.0,60.32
2026-02-26 14:21:00,60.322,0.0,60.322,60.322,125.0,0.0,0.0,90.0,0.0,60.322
2026-02-26 14:22:00,60.325,0.0,60.325,60.325,125.0,0.0,0.0,90.0,0.0,60.325
2026-02-26 14:23:00,60.328,0.0,60.328,60.328,125.0,0.0,0.0,90.0,0.0,60.328
2026-02-26 14:24:00,60.331,0.0,60.331,60.331,125.0,0.0,0.0,90.0,0.0,60.331
2026-02-26 14:25:00,60.335,0.0,60.335,60.335,125.0,0.0,0.0,90.0,0.0,60.335
2026-02-26 14:26:00,60.339,0.0,60.339,60.339,125.0,0.0,0.0,90.0,0.0,60.339
2026-02-26 14:27:00,60.343,0.0,60.343,60.343,125.0,0.0,0.0,90.0,0.0,60.343
2026-02-26 14:28:00,60.348,0.0,60.348,60.348,125.0,0.0,0.0,90.0,0.0,60.348
2026-02-26 14:29:00,60.353,0.0,60.353,60.353,125.0,0.0,0.0,90.0,0.0,60.353
2026-02-26 14:30:00,60.359,0.0,60.359,60.359,125.0,0.0,0.0,90.0,0.0,60.359
2026-02-26 14:31:00,60.365,0.0,60.365,60.365,125.0,0.0,0.0,90.0,0.0,60.365
2026-02-26 14:32:00,60.372,0.0,60.372,60.372,125.0,0.0,0.0,90.0,0.0,60.372
2026-02-26 14:33:00,60.379,0.0,60.379,60.379,125.0,0.0,0.0,90.0,0.0,60.379
2026-02-26 14:34:00,60.386,0.0,60.386,60.386,125.0,0.0,0.0,90.0,0.0,60.386
2026-02-26 14:35:00,60.394,0.0,60.394,60.394,125.0,0.0,0.0,90.0,0.0,60.394
2026-02-26 14:36:00,60.402,0.0,60.402,60.402,125.0,0.0,0.0,90.0,0.0,60.402
2026-02-26 14:37:00,60.411,0.0,60.411,60.411,125.0,0.0,0.0,90.0,0.0,60.411
2026-02-26 14:38:00,60.42,0.0,60.42,60.42,125.0,0.0,0.0,90.0,0.0,60.42
2026-02-26 14:39:00,60.429,0.0,60.429,60.429,125.0,0.0,0.0,90.0,0.0,60.429
2026-02-26 14:40:00,60.439,0.0,60.439,60.439,125.0,0.0,0.0,90.0,0.0,60.439
2026-02-26 14:41:00,60.449,0.0,60.449,60.449,125.0,0.0,0.0,90.0,0.0,60.449
2026-02-26 14:42:00,60.46,0.0,60.46,60.46,125.0,0.0,0.0,90.0,0.0,60.46
2026-02-26 14:43:00,60.471,0.0,60.471,60.471,125.0,0.0,0.0,90.0,0.0,60.471
2026-02-26 14:44:00,60.483,0.0,60.483,60.483,125.0,0.0,0.0,90.0,0.0,60.483
2026-02-26 14:45:00,60.495,0.0,60.495,60.495,125.0,0.0,0.0,90.0,0.0,60.495
2026-02-26 14:46:00,60.508,0.0,60.508,60.508,125.0,0.0,0.0,90.0,0.0,60.508
2026-02-26 14:47:00,60.521,0.0,60.521,60.521,125.0,0.0,0.0,90.0,0.0,60.521
2026-02-26 14:48:00,60.534,0.0,60.534,60.534,125.0,0.0,0.0,90.0,0.0,60.534
2026-02-26 14:49:00,60.548,0.0,60.548,60.548,125.0,0.0,0.0,90.0,0.0,60.548
2026-02-26 14:50:00,60.563,0.0,60.563,60.563,125.0,0.0,0.0,90.0,0.0,60.563
2026-02-26 14:51:00,60.578,0.0,60.578,60.578,125.0,0.0,0.0,90.0,0.0,60.578
2026-02-26 14:52:00,60.593,0.0,60.593,60.593,125.0,0.0,0.0,90.0,0.0,60.593
2026-02-26 14:53:00,60.61,0.0,60.61,60.61,125.0,0.0,0.0,90.0,0.0,60.61
2026-02-26 14:54:00,60.626,0.0,60.626,60.626,125.0,0.0,0.0,90.0,0.0,60.626
2026-02-26 14:55:00,60.643,0.0,60.643,60.643,125.0,0.0,0.0,90.0,0.0,60.643
2026-02-26 14:56:00,60.661,0.0,60.661,60.661,125.0,0.0,0.0,90.0,0.0,60.661
2026-02-26 14:57:00,60.679,0.0,60.679,60.679,125.0,0.0,0.0,90.0,0.0,60.679
2026-02-26 14:58:00,60.698,0.0,60.698,60.698,125.0,0.0,0.0,90.0,0.0,60.698
2026-02-26 14:59:00,60.717,0.0,60.717,60.717,125.0,0.0,0.0,90.0,0.0,60.717
2026-02-26 15:00:00,60.737,0.0,60.737,60.737,125.0,0.0,0.0,90.0,0.0,60.737
2026-02-26 15:01:00,60.757,0.0,60.757,60.757,125.0,0.0,0.0,90.0,0.0,60.757
2026-02-26 15:02:00,60.778,0.0,60.778,60.778,125.0,0.0,0.0,90.0,0.0,60.778
2026-02-26 15:03:00,60.8,0.0,60.8,60.8,125.0,0.0,0.0,90.0,0.0,60.8
2026-02-26 15:04:00,60.822,0.0,60.822,60.822,125.0,0.0,0.0,90.0,0.0,60.822
2026-02-26 15:05:00,60.845,0.0,60.845,60.845,125.0,0.0,0.0,90.0,0.0,60.845
2026-02-26 15:06:00,60.868,0.0,60.868,60.868,125.0,0.0,0.0,90.0,0.0,60.868
2026-02-26 15:07:00,60.893,0.0,60.893,60.893,125.0,0.0,0.0,90.0,0.0,60.893
2026-02-26 15:08:00,60.917,0.0,60.917,60.917,125.0,0.0,0.0,90.0,0.0,60.917
2026-02-26 15:09:00,60.943,0.0,60.943,60.943,125.0,0.0,0.0,90.0,0.0,60.943
2026-02-26 15:10:00,60.969,0.0,60.803,60.803,125.0,0.0,0.0,90.0,0.166,60.803
2026-02-26 15:11:00,60.996,0.0,60.513,60.513,125.0,0.0,0.0,90.0,0.483,60.513
2026-02-26 15:12:00,61.023,0.0,60.222,60.222,125.0,0.0,0.0,90.0,0.801,60.222
2026-02-26 15:13:00,61.051,0.0,59.929,59.929,125.0,0.0,0.0,90.0,1.122,59.929
2026-02-26 15:14:00,61.08,0.0,59.636,59.636,125.0,0.0,0.0,90.0,1.444,59.636
2026-02-26 15:15:00,61.11,0.0,59.341,59.341,125.0,0.0,0.0,90.0,1.769,59.341
2026-02-26 15:16:00,61.14,0.0,59.045,59.045,125.0,0.0,0.0,90.0,2.095,59.045
2026-02-26 15:17:00,61.172,0.0,58.748,58.748,125.0,0.0,0.0,90.0,2.423,58.748
2026-02-26 15:18:00,61.203,0.0,58.45,58.45,125.0,0.0,0.0,90.0,2.753,58.45
2026-02-26 15:19:00,61.236,0.0,58.151,58.151,125.0,0.0,0.0,90.0,3.085,58.151
2026-02-26 15:20:00,61.27,0.0,57.851,57.851,125.0,0.0,0.0,90.0,3.419,57.851
2026-02-26 15:21:00,61.304,0.0,57.55,57.55,125.0,0.0,0.0,90.0,3.754,57.55
2026-02-26 15:22:00,61.339,0.0,57.247,57.247,125.0,0.0,0.0,90.0,4.092,57.247
2026-02-26 15:23:00,61.375,0.0,56.943,56.943,125.0,0.0,0.0,90.0,4.432,56.943
2026-02-26 15:24:00,61.412,0.0,56.639,56.639,125.0,0.0,0.0,90.0,4.773,56.639
2026-02-26 15:25:00,61.45,0.0,56.333,56.333,125.0,0.0,0.0,90.0,5.117,56.333
2026-02-26 15:26:00,61.488,0.0,56.026,56.026,125.0,0.0,0.0,90.0,5.462,56.026
2026-02-26 15:27:00,61.528,0.0,55.718,55.718,125.0,0.0,0.0,90.0,5.809,55.718
2026-02-26 15:28:00,61.568,0.0,55.41,55.41,125.0,0.0,0.0,90.0,6.158,55.41
2026-02-26 15:29:00,61.609,0.0,55.1,55.1,125.0,0.0,0.0,90.0,6.51,55.1
2026-02-26 15:30:00,61.652,0.0,54.789,54.789,125.0,0.0,0.0,90.0,6.863,54.789
2026-02-26 15:31:00,61.695,0.0,54.476,54.476,125.0,0.0,0.0,90.0,7.218,54.476
2026-02-26 15:32:00,61.739,0.0,54.163,54.163,125.0,0.0,0.0,90.0,7.575,54.163
2026-02-26 15:33:00,61.784,0.0,53.849,53.849,125.0,0.0,0.0,90.0,7.935,53.849
2026-02-26 15:34:00,61.83,0.0,53.534,53.534,125.0,0.0,0.0,90.0,8.296,53.534
2026-02-26 15:35:00,61.877,0.0,53.218,53.218,125.0,0.0,0.0,90.0,8.659,53.218
2026-02-26 15:36:00,61.925,0.0,52.901,52.901,125.0,0.0,0.0,90.0,9.025,52.901
2026-02-26 15:37:00,61.975,0.0,52.582,52.582,125.0,0.0,0.0,90.0,9.392,52.582
2026-02-26 15:38:00,62.025,0.0,52.263,52.263,125.0,0.0,0.0,90.0,9.761,52.263
2026-02-26 15:39:00,62.076,0.0,51.943,51.943,125.0,0.0,0.0,90.0,10.133,51.943
2026-02-26 15:40:00,62.128,0.0,51.622,51.622,125.0,0.0,0.0,90.0,10.507,51.622
2026-02-26 15:41:00,62.182,0.0,51.3,51.3,125.0,0.0,0.0,90.0,10.882,51.3
2026-02-26 15:42:00,62.237,0.0,50.977,50.977,125.0,0.0,0.0,90.0,11.26,50.977
2026-02-26 15:43:00,62.292,0.0,50.652,50.652,125.0,0.0,0.0,90.0,11.64,50.652
2026-02-26 15:44:00,62.349,0.0,50.327,50.327,125.0,0.0,0.0,90.0,12.022,50.327
2026-02-26 15:45:00,62.407,0.0,50.001,50.001,125.0,0.0,0.0,90.0,12.406,50.001
2026-02-26 15:46:00,62.466,0.0,49.674,49.674,125.0,0.0,0.0,90.0,12.792,49.674
2026-02-26 15:47:00,62.527,0.0,49.346,49.346,125.0,0.0,0.0,90.0,13.18,49.346
2026-02-26 15:48:00,62.588,0.0,49.018,49.018,125.0,0.0,0.0,90.0,13.571,49.018
2026-02-26 15:49:00,62.651,0.0,48.688,48.688,125.0,0.0,0.0,90.0,13.964,48.688
2026-02-26 15:50:00,62.715,0.0,48.357,48.357,125.0,0.0,0.0,90.0,14.358,48.357
2026-02-26 15:51:00,62.781,0.0,48.025,48.025,125.0,0.0,0.0,90.0,14.755,48.025
2026-02-26 15:52:00,62.847,0.0,47.693,47.693,125.0,0.0,0.0,90.0,15.155,47.693
2026-02-26 15:53:00,62.915,0.0,47.359,47.359,125.0,0.0,0.0,90.0,15.556,47.359
2026-02-26 15:54:00,62.984,0.0,47.025,47.025,125.0,0.0,0.0,90.0,15.96,47.025
2026-02-26 15:55:00,63.055,0.0,46.69,46.69,125.0,0.0,0.0,90.0,16.365,46.69
2026-02-26 15:56:00,63.127,0.0,46.353,46.353,125.0,0.0,0.0,90.0,16.773,46.353
2026-02-26 15:57:00,63.2,0.0,46.016,46.016,125.0,0.0,0.0,90.0,17.184,46.016
2026-02-26 15:58:00,63.275,0.0,45.678,45.678,125.0,0.0,0.0,90.0,17.596,45.678
2026-02-26 15:59:00,63.351,0.0,45.34,45.34,125.0,0.0,0.0,90.0,18.011,45.34
2026-02-26 16:00:00,63.428,0.0,45.0,45.0,125.0,0.0,0.0,90.0,18.428,45.0
2026-02-26 16:01:00,63.507,0.0,44.659,44.659,125.0,0.0,0.0,90.0,18.847,44.659
2026-02-26 16:02:00,63.587,0.0,44.318,44.318,125.0,0.0,0.0,90.0,19.269,44.318
2026-02-26 16:03:00,63.669,0.0,43.976,43.976,125.0,0.0,0.0,90.0,19.693,43.976
2026-02-26 16:04:00,63.752,0.0,43.633,43.633,125.0,0.0,0.0,90.0,20.119,43.633
2026-02-26 16:05:00,63.836,0.0,43.289,43.289,125.0,0.0,0.0,90.0,20.547,43.289
2026-02-26 16:06:00,63.922,0.0,42.944,42.944,125.0,0.0,0.0,90.0,20.978,42.944
2026-02-26 16:07:00,64.01,0.0,42.599,42.599,125.0,0.0,0.0,90.0,21.411,42.599
2026-02-26 16:08:00,64.099,0.0,42.252,42.252,125.0,0.0,0.0,90.0,21.846,42.252
2026-02-26 16:09:00,64.189,0.0,41.905,41.905,125.0,0.0,0.0,90.0,22.284,41.905
2026-02-26 16:10:00,64.281,0.0,41.557,41.557,125.0,0.0,0.0,90.0,22.724,41.557
2026-02-26 16:11:00,64.375,0.0,41.209,41.209,125.0,0.0,0.0,90.0,23.166,41.209
2026-02-26 16:12:00,64.47,0.0,40.859,40.859,125.0,0.0,0.0,90.0,23.611,40.859
2026-02-26 16:13:00,64.567,0.0,40.509,40.509,125.0,0.0,0.0,90.0,24.058,40.509
2026-02-26 16:14:00,64.666,0.0,40.158,40.158,125.0,0.0,0.0,90.0,24.508,40.158
2026-02-26 16:15:00,64.766,0.0,39.806,39.806,125.0,0.0,0.0,90.0,24.96,39.806
2026-02-26 16:16:00,64.867,0.0,39.453,39.453,125.0,0.0,0.0,90.0,25.414,39.453
2026-02-26 16:17:00,64.97,0.0,39.1,39.1,125.0,0.0,0.0,90.0,25.87,39.1
2026-02-26 16:18:00,65.075,0.0,38.746,38.746,125.0,0.0,0.0,90.0,26.329,38.746
2026-02-26 16:19:00,65.182,0.0,38.391,38.391,125.0,0.0,0.0,90.0,26.791,38.391
2026-02-26 16:20:00,65.29,0.0,38.036,38.036,125.0,0.0,0.0,90.0,27.254,38.036
2026-02-26 16:21:00,65.4,0.0,37.679,37.679,125.0,0.0,0.0,90.0,27.721,37.679
2026-02-26 16:22:00,65.512,0.0,37.322,37.322,125.0,0.0,0.0,90.0,28.189,37.322
2026-02-26 16:23:00,65.625,0.0,36.965,36.965,125.0,0.0,0.0,90.0,28.66,36.965
2026-02-26 16:24:00,65.74,0.0,36.606,36.606,125.0,0.0,0.0,90.0,29.133,36.606
2026-02-26 16:25:00,65.856,0.0,36.247,36.247,125.0,0.0,0.0,90.0,29.609,36.247
2026-02-26 16:26:00,65.975,0.0,35.887,35.887,125.0,0.0,0.0,90.0,30.087,35.887
2026-02-26 16:27:00,66.095,0.0,35.527,35.527,125.0,0.0,0.0,90.0,30.568,35.527
2026-02-26 16:28:00,66.217,0.0,35.166,35.166,125.0,0.0,0.0,90.0,31.051,35.166
2026-02-26 16:29:00,66.341,0.0,34.804,34.804,125.0,0.0,0.0,90.0,31.537,34.804
2026-02-26 16:30:00,66.466,0.0,34.442,34.442,125.0,0.0,0.0,90.0,32.024,34.442
2026-02-26 16:31:00,66.593,0.0,34.078,34.078,125.0,0.0,0.0,90.0,32.515,34.078
2026-02-26 16:32:00,66.722,0.0,33.715,33.715,125.0,0.0,0.0,90.0,33.007,33.715
2026-02-26 16:33:00,66.853,0.0,33.35,33.35,125.0,0.0,0.0,90.0,33.503,33.35
2026-02-26 16:34:00,66.985,0.0,32.985,32.985,125.0,0.0,0.0,90.0,34.0,32.985
2026-02-26 16:35:00,67.12,0.0,32.619,32.619,125.0,0.0,0.0,90.0,34.5,32.619
2026-02-26 16:36:00,67.256,0.0,32.253,32.253,125.0,0.0,0.0,90.0,35.002,32.253
2026-02-26 16:37:00,67.393,0.0,31.886,31.886,125.0,0.0,0.0,90.0,35.507,31.886
2026-02-26 16:38:00,67.533,0.0,31.519,31.519,125.0,0.0,0.0,90.0,36.014,31.519
2026-02-26 16:39:00,67.675,0.0,31.151,31.151,125.0,0.0,0.0,90.0,36.524,31.151
2026-02-26 16:40:00,67.818,0.0,30.782,30.782,125.0,0.0,0.0,90.0,37.036,30.782
2026-02-26 16:41:00,67.963,0.0,30.413,30.413,125.0,0.0,0.0,90.0,37.551,30.413
2026-02-26 16:42:00,68.11,0.0,30.043,30.043,125.0,0.0,0.0,90.0,38.067,30.043
2026-02-26 16:43:00,68.259,0.0,29.672,29.672,125.0,0.0,0.0,90.0,38.587,29.672
2026-02-26 16:44:00,68.409,0.0,29.301,29.301,125.0,0.0,0.0,90.0,39.108,29.301
2026-02-26 16:45:00,68.562,0.0,28.93,28.93,125.0,0.0,0.0,90.0,39.632,28.93
2026-02-26 16:46:00,68.716,0.0,28.557,28.557,125.0,0.0,0.0,90.0,40.158,28.557
2026-02-26 16:47:00,68.872,0.0,28.185,28.185,125.0,0.0,0.0,90.0,40.687,28.185
2026-02-26 16:48:00,69.03,0.0,27.812,27.812,125.0,0.0,0.0,90.0,41.218,27.812
2026-02-26 16:49:00,69.189,0.0,27.438,27.438,125.0,0.0,0.0,90.0,41.752,27.438
2026-02-26 16:50:00,69.351,0.0,27.064,27.064,125.0,0.0,0.0,90.0,42.287,27.064
2026-02-26 16:51:00,69.514,0.0,26.689,26.689,125.0,0.0,0.0,90.0,42.825,26.689
2026-02-26 16:52:00,69.679,0.0,26.313,26.313,125.0,0.0,0.0,90.0,43.366,26.313
2026-02-26 16:53:00,69.846,0.0,25.938,25.938,125.0,0.0,0.0,90.0,43.908,25.938
2026-02-26 16:54:00,70.014,0.0,25.561,25.561,125.0,0.0,0.0,90.0,44.453,25.561
2026-02-26 16:55:00,70.185,0.0,25.185,25.185,125.0,0.0,0.0,90.0,45.0,25.185
2026-02-26 16:56:00,70.357,0.0,24.807,24.807,125.0,0.0,0.0,90.0,45.55,24.807
2026-02-26 16:57:00,70.531,0.0,24.43,24.43,125.0,0.0,0.0,90.0,46.101,24.43
2026-02-26 16:58:00,70.707,0.0,24.051,24.051,125.0,0.0,0.0,90.0,46.655,24.051
2026-02-26 16:59:00,70.884,0.0,23.673,23.673,125.0,0.0,0.0,90.0,47.211,23.673
2026-02-26 17:00:00,71.063,0.0,23.294,23.294,125.0,0.0,0.0,90.0,47.77,23.294
2026-02-26 17:01:00,71.244,0.0,22.914,22.914,125.0,0.0,0.0,90.0,48.33,22.914
2026-02-26 17:02:00,71.427,0.0,22.534,22.534,125.0,0.0,0.0,90.0,48.893,22.534
2026-02-26 17:03:00,71.611,0.0,22.154,22.154,125.0,0.0,0.0,90.0,49.458,22.154
2026-02-26 17:04:00,71.797,0.0,21.773,21.773,125.0,0.0,0.0,90.0,50.024,21.773
2026-02-26 17:05:00,71.985,0.0,21.392,21.392,125.0,0.0,0.0,90.0,50.593,21.392
2026-02-26 17:06:00,72.174,0.0,21.01,21.01,125.0,0.0,0.0,90.0,51.164,21.01
2026-02-26 17:07:00,72.366,0.0,20.628,20.628,125.0,0.0,0.0,90.0,51.737,20.628
2026-02-26 17:08:00,72.558,0.0,20.246,20.246,125.0,0.0,0.0,90.0,52.313,20.246
2026-02-26 17:09:00,72.753,0.0,19.863,19.863,125.0,0.0,0.0,90.0,52.89,19.863
2026-02-26 17:10:00,72.948,0.0,19.48,19.48,125.0,0.0,0.0,90.0,53.469,19.48
2026-02-26 17:11:00,73.146,0.0,19.096,19.096,125.0,0.0,0.0,90.0,54.05,19.096
2026-02-26 17:12:00,73.345,0.0,18.712,18.712,125.0,0.0,0.0,90.0,54.633,18.712
2026-02-26 17:13:00,73.546,0.0,18.328,18.328,125.0,0.0,0.0,90.0,55.218,18.328
2026-02-26 17:14:00,73.748,0.0,17.943,17.943,125.0,0.0,0.0,90.0,55.805,17.943
2026-02-26 17:15:00,73.951,0.0,17.558,17.558,125.0,0.0,0.0,90.0,56.393,17.558
2026-02-26 17:16:00,74.156,0.0,17.173,17.173,125.0,0.0,0.0,90.0,56.984,17.173
2026-02-26 17:17:00,74.363,0.0,16.787,16.787,125.0,0.0,0.0,90.0,57.576,16.787
2026-02-26 17:18:00,74.571,0.0,16.401,16.401,125.0,0.0,0.0,90.0,58.17,16.401
2026-02-26 17:19:00,74.78,0.0,16.015,16.015,125.0,0.0,0.0,90.0,58.765,16.015
2026-02-26 17:20:00,74.991,0.0,15.628,15.628,125.0,0.0,0.0,90.0,59.363,15.628
2026-02-26 17:21:00,75.203,0.0,15.241,15.241,125.0,0.0,0.0,90.0,59.962,15.241
2026-02-26 17:22:00,75.417,0.0,14.854,14.854,125.0,0.0,0.0,90.0,60.562,14.854
2026-02-26 17:23:00,75.631,0.0,14.467,14.467,125.0,0.0,0.0,90.0,61.165,14.467
2026-02-26 17:24:00,75.848,0.0,14.079,14.079,125.0,0.0,0.0,90.0,61.768,14.079
2026-02-26 17:25:00,76.065,0.0,13.691,13.691,125.0,0.0,0.0,90.0,62.374,13.691
2026-02-26 17:26:00,76.283,0.0,13.303,13.303,125.0,0.0,0.0,90.0,62.98,13.303
2026-02-26 17:27:00,76.503,0.0,12.914,12.914,125.0,0.0,0.0,90.0,63.589,12.914
2026-02-26 17:28:00,76.724,0.0,12.526,12.526,125.0,0.0,0.0,90.0,64.198,12.526
2026-02-26 17:29:00,76.946,0.0,12.137,12.137,125.0,0.0,0.0,90.0,64.809,12.137
2026-02-26 17:30:00,77.169,0.0,11.747,11.747,125.0,0.0,0.0,90.0,65.421,11.747
2026-02-26 17:31:00,77.393,0.0,11.358,11.358,125.0,0.0,0.0,90.0,66.035,11.358
2026-02-26 17:32:00,77.618,0.0,10.968,10.968,125.0,0.0,0.0,90.0,66.65,10.968
2026-02-26 17:33:00,77.844,0.0,10.578,10.578,125.0,0.0,0.0,90.0,67.266,10.578
2026-02-26 17:34:00,78.071,0.0,10.188,10.188,125.0,0.0,0.0,90.0,67.883,10.188
2026-02-26 17:35:00,78.299,0.0,9.798,9.798,125.0,0.0,0.0,90.0,68.501,9.798
2026-02-26 17:36:00,78.528,0.0,9.408,9.408,125.0,0.0,0.0,90.0,69.12,9.408
2026-02-26 17:37:00,78.757,0.0,9.017,9.017,125.0,0.0,0.0,90.0,69.74,9.017
2026-02-26 17:38:00,78.988,0.0,8.626,8.626,125.0,0.0,0.0,90.0,70.361,8.626
2026-02-26 17:39:00,79.219,0.0,8.235,8.235,125.0,0.0,0.0,90.0,70.984,8.235
2026-02-26 17:40:00,79.451,0.0,7.844,7.844,125.0,0.0,0.0,90.0,71.607,7.844
2026-02-26 17:41:00,79.683,0.0,7.453,7.453,125.0,0.0,0.0,90.0,72.23,7.453
2026-02-26 17:42:00,79.916,0.0,7.061,7.061,125.0,0.0,0.0,90.0,72.855,7.061
2026-02-26 17:43:00,80.15,0.0,6.67,6.67,125.0,0.0,0.0,90.0,73.48,6.67
2026-02-26 17:44:00,80.384,0.0,6.278,6.278,125.0,0.0,0.0,90.0,74.106,6.278
2026-02-26 17:45:00,80.619,0.0,5.886,5.886,125.0,0.0,0.0,90.0,74.732,5.886
2026-02-26 17:46:00,80.854,0.0,5.494,5.494,125.0,0.0,0.0,90.0,75.359,5.494
2026-02-26 17:47:00,81.089,0.0,5.102,5.102,125.0,0.0,0.0,90.0,75.987,5.102
2026-02-26 17:48:00,81.325,0.0,4.71,4.71,125.0,0.0,0.0,90.0,76.615,4.71
2026-02-26 17:49:00,81.561,0.0,4.318,4.318,125.0,0.0,0.0,90.0,77.243,4.318
2026-02-26 17:50:00,81.798,0.0,3.926,3.926,125.0,0.0,0.0,90.0,77.872,3.926
2026-02-26 17:51:00,82.034,0.0,3.533,3.533,125.0,0.0,0.0,90.0,78.501,3.533
2026-02-26 17:52:00,82.271,0.0,3.141,3.141,125.0,0.0,0.0,90.0,79.13,3.141
2026-02-26 17:53:00,82.508,0.0,2.748,2.748,125.0,0.0,0.0,90.0,79.76,2.748
2026-02-26 17:54:00,82.745,0.0,2.356,2.356,125.0,0.0,0.0,90.0,80.389,2.356
2026-02-26 17:55:00,82.982,0.0,1.963,1.963,125.0,0.0,0.0,90.0,81.018,1.963
2026-02-26 17:56:00,83.219,0.0,1.571,1.571,125.0,0.0,0.0,90.0,81.648,1.571
2026-02-26 17:57:00,83.455,0.0,1.178,1.178,125.0,0.0,0.0,90.0,82.277,1.178
2026-02-26 17:58:00,83.692,0.0,0.785,0.785,125.0,0.0,0.0,90.0,82.907,0.785
2026-02-26 17:59:00,83.928,0.0,0.393,0.393,125.0,0.0,0.0,90.0,83.536,0.393
2026-02-26 18:00:00,84.165,50.0,50.0,50.0,125.0,50.0,50.0,89.58,34.165,0.0
2026-02-26 18:01:00,84.4,50.0,50.0,50.0,125.0,50.0,50.0,89.17,34.4,0.0
2026-02-26 18:02:00,84.636,50.0,50.0,50.0,125.0,50.0,50.0,88.75,34.636,0.0
2026-02-26 18:03:00,84.871,50.0,50.0,50.0,125.0,50.0,50.0,88.33,34.871,0.0
2026-02-26 18:04:00,85.105,50.0,50.0,50.0,125.0,50.0,50.0,87.92,35.105,0.0
2026-02-26 18:05:00,85.339,50.0,50.0,50.0,125.0,50.0,50.0,87.5,35.339,0.0
2026-02-26 18:06:00,85.573,50.0,50.0,50.0,125.0,50.0,50.0,87.08,35.573,0.0
2026-02-26 18:07:00,85.806,50.0,50.0,50.0,125.0,50.0,50.0,86.67,35.806,0.0
2026-02-26 18:08:00,86.038,50.0,50.0,50.0,125.0,50.0,50.0,86.25,36.038,0.0
2026-02-26 18:09:00,86.269,50.0,50.0,50.0,125.0,50.0,50.0,85.83,36.269,0.0
2026-02-26 18:10:00,86.499,50.0,50.0,50.0,125.0,50.0,50.0,85.42,36.499,0.0
2026-02-26 18:11:00,86.729,50.0,50.0,50.0,125.0,50.0,50.0,85.0,36.729,0.0
2026-02-26 18:12:00,86.958,50.0,50.0,50.0,125.0,50.0,50.0,84.58,36.958,0.0
2026-02-26 18:13:00,87.185,50.0,50.0,50.0,125.0,50.0,50.0,84.17,37.185,0.0
2026-02-26 18:14:00,87.412,50.0,50.0,50.0,125.0,50.0,50.0,83.75,37.412,0.0
2026-02-26 18:15:00,87.637,50.0,50.0,50.0,125.0,50.0,50.0,83.33,37.637,0.0
2026-02-26 18:16:00,87.862,50.0,50.0,50.0,125.0,50.0,50.0,82.92,37.862,0.0
2026-02-26 18:17:00,88.085,50.0,50.0,50.0,125.0,50.0,50.0,82.5,38.085,0.0
2026-02-26 18:18:00,88.306,50.0,50.0,50.0,125.0,50.0,50.0,82.08,38.306,0.0
2026-02-26 18:19:00,88.527,50.0,50.0,50.0,125.0,50.0,50.0,81.67,38.527,0.0
2026-02-26 18:20:00,88.746,50.0,50.0,50.0,125.0,50.0,50.0,81.25,38.746,0.0
2026-02-26 18:21:00,88.964,50.0,50.0,50.0,125.0,50.0,50.0,80.83,38.964,0.0
2026-02-26 18:22:00,89.18,50.0,50.0,50.0,125.0,50.0,50.0,80.42,39.18,0.0
2026-02-26 18:23:00,89.394,50.0,50.0,50.0,125.0,50.0,50.0,80.0,39.394,0.0
2026-02-26 18:24:00,89.607,50.0,50.0,50.0,125.0,50.0,50.0,79.58,39.607,0.0
2026-02-26 18:25:00,89.818,50.0,50.0,50.0,125.0,50.0,50.0,79.17,39.818,0.0
2026-02-26 18:26:00,90.028,50.0,50.0,50.0,125.0,50.0,50.0,78.75,40.028,0.0
2026-02-26 18:27:00,90.235,50.0,50.0,50.0,125.0,50.0,50.0,78.33,40.235,0.0
2026-02-26 18:28:00,90.441,50.0,50.0,50.0,125.0,50.0,50.0,77.92,40.441,0.0
2026-02-26 18:29:00,90.645,50.0,50.0,50.0,125.0,50.0,50.0,77.5,40.645,0.0
2026-02-26 18:30:00,90.847,50.0,50.0,50.0,125.0,50.0,50.0,77.08,40.847,0.0
2026-02-26 18:31:00,91.046,50.0,50.0,50.0,125.0,50.0,50.0,76.67,41.046,0.0
2026-02-26 18:32:00,91.244,50.0,50.0,50.0,125.0,50.0,50.0,76.25,41.244,0.0
2026-02-26 18:33:00,91.44,50.0,50.0,50.0,125.0,50.0,50.0,75.83,41.44,0.0
2026-02-26 18:34:00,91.633,50.0,50.0,50.0,125.0,50.0,50.0,75.42,41.633,0.0
2026-02-26 18:35:00,91.824,50.0,50.0,50.0,125.0,50.0,50.0,75.0,41.824,0.0
2026-02-26 18:36:00,92.013,50.0,50.0,50.0,125.0,50.0,50.0,74.58,42.013,0.0
2026-02-26 18:37:00,92.199,50.0,50.0,50.0,125.0,50.0,50.0,74.17,42.199,0.0
2026-02-26 18:38:00,92.383,50.0,50.0,50.0,125.0,50.0,50.0,73.75,42.383,0.0
2026-02-26 18:39:00,92.565,50.0,50.0,50.0,125.0,50.0,50.0,73.33,42.565,0.0
2026-02-26 18:40:00,92.744,50.0,50.0,50.0,125.0,50.0,50.0,72.92,42.744,0.0
2026-02-26 18:41:00,92.92,50.0,50.0,50.0,125.0,50.0,50.0,72.5,42.92,0.0
2026-02-26 18:42:00,93.094,50.0,50.0,50.0,125.0,50.0,50.0,72.08,43.094,0.0
2026-02-26 18:43:00,93.265,50.0,50.0,50.0,125.0,50.0,50.0,71.67,43.265,0.0
2026-02-26 18:44:00,93.433,50.0,50.0,50.0,125.0,50.0,50.0,71.25,43.433,0.0
2026-02-26 18:45:00,93.598,50.0,50.0,50.0,125.0,50.0,50.0,70.83,43.598,0.0
2026-02-26 18:46:00,93.761,50.0,50.0,50.0,125.0,50.0,50.0,70.42,43.761,0.0
2026-02-26 18:47:00,93.921,50.0,50.0,50.0,125.0,50.0,50.0,70.0,43.921,0.0
2026-02-26 18:48:00,94.078,50.0,50.0,50.0,125.0,50.0,50.0,69.58,44.078,0.0
2026-02-26 18:49:00,94.231,50.0,50.0,50.0,125.0,50.0,50.0,69.17,44.231,0.0
2026-02-26 18:50:00,94.382,50.0,50.0,50.0,125.0,50.0,50.0,68.75,44.382,0.0
2026-02-26 18:51:00,94.53,50.0,50.0,50.0,125.0,50.0,50.0,68.33,44.53,0.0
2026-02-26 18:52:00,94.674,50.0,50.0,50.0,125.0,50.0,50.0,67.92,44.674,0.0
2026-02-26 18:53:00,94.816,50.0,50.0,50.0,125.0,50.0,50.0,67.5,44.816,0.0
2026-02-26 18:54:00,94.954,50.0,50.0,50.0,125.0,50.0,50.0,67.08,44.954,0.0
2026-02-26 18:55:00,95.089,50.0,50.0,50.0,125.0,50.0,50.0,66.67,45.089,0.0
2026-02-26 18:56:00,95.22,50.0,50.0,50.0,125.0,50.0,50.0,66.25,45.22,0.0
2026-02-26 18:57:00,95.349,50.0,50.0,50.0,125.0,50.0,50.0,65.83,45.349,0.0
2026-02-26 18:58:00,95.473,50.0,50.0,50.0,125.0,50.0,50.0,65.42,45.473,0.0
2026-02-26 18:59:00,95.595,50.0,50.0,50.0,125.0,50.0,50.0,65.0,45.595,0.0
2026-02-26 19:00:00,95.713,50.0,50.0,50.0,125.0,50.0,50.0,64.58,45.713,0.0
2026-02-26 19:01:00,95.727,50.0,50.0,50.0,125.0,50.0,50.0,64.17,45.727,0.0
2026-02-26 19:02:00,95.738,50.0,50.0,50.0,125.0,50.0,50.0,63.75,45.738,0.0
2026-02-26 19:03:00,95.746,50.0,50.0,50.0,125.0,50.0,50.0,63.33,45.746,0.0
2026-02-26 19:04:00,95.75,50.0,50.0,50.0,125.0,50.0,50.0,62.92,45.75,0.0
2026-02-26 19:05:00,95.75,50.0,50.0,50.0,125.0,50.0,50.0,62.5,45.75,0.0
2026-02-26 19:06:00,95.746,50.0,50.0,50.0,125.0,50.0,50.0,62.08,45.746,0.0
2026-02-26 19:07:00,95.739,50.0,50.0,50.0,125.0,50.0,50.0,61.67,45.739,0.0
2026-02-26 19:08:00,95.728,50.0,50.0,50.0,125.0,50.0,50.0,61.25,45.728,0.0
2026-02-26 19:09:00,95.713,50.0,50.0,50.0,125.0,50.0,50.0,60.83,45.713,0.0
2026-02-26 19:10:00,95.695,50.0,50.0,50.0,125.0,50.0,50.0,60.42,45.695,0.0
2026-02-26 19:11:00,95.673,50.0,50.0,50.0,125.0,50.0,50.0,60.0,45.673,0.0
2026-02-26 19:12:00,95.647,50.0,50.0,50.0,125.0,50.0,50.0,59.58,45.647,0.0
2026-02-26 19:13:00,95.617,50.0,50.0,50.0,125.0,50.0,50.0,59.17,45.617,0.0
2026-02-26 19:14:00,95.583,50.0,50.0,50.0,125.0,50.0,50.0,58.75,45.583,0.0
2026-02-26 19:15:00,95.545,50.0,50.0,50.0,125.0,50.0,50.0,58.33,45.545,0.0
2026-02-26 19:16:00,95.503,50.0,50.0,50.0,125.0,50.0,50.0,57.92,45.503,0.0
2026-02-26 19:17:00,95.458,50.0,50.0,50.0,125.0,50.0,50.0,57.5,45.458,0.0
2026-02-26 19:18:00,95.408,50.0,50.0,50.0,125.0,50.0,50.0,57.08,45.408,0.0
2026-02-26 19:19:00,95.355,50.0,50.0,50.0,125.0,50.0,50.0,56.67,45.355,0.0
2026-02-26 19:20:00,95.297,50.0,50.0,50.0,125.0,50.0,50.0,56.25,45.297,0.0
2026-02-26 19:21:00,95.236,50.0,50.0,50.0,125.0,50.0,50.0,55.83,45.236,0.0
2026-02-26 19:22:00,95.17,50.0,50.0,50.0,125.0,50.0,50.0,55.42,45.17,0.0
2026-02-26 19:23:00,95.1,50.0,50.0,50.0,125.0,50.0,50.0,55.0,45.1,0.0
2026-02-26 19:24:00,95.027,50.0,50.0,50.0,125.0,50.0,50.0,54.58,45.027,0.0
2026-02-26 19:25:00,94.949,50.0,50.0,50.0,125.0,50.0,50.0,54.17,44.949,0.0
2026-02-26 19:26:00,94.867,50.0,50.0,50.0,125.0,50.0,50.0,53.75,44.867,0.0
2026-02-26 19:27:00,94.782,50.0,50.0,50.0,125.0,50.0,50.0,53.33,44.782,0.0
2026-02-26 19:28:00,94.692,50.0,50.0,50.0,125.0,50.0,50.0,52.92,44.692,0.0
2026-02-26 19:29:00,94.598,50.0,50.0,50.0,125.0,50.0,50.0,52.5,44.598,0.0
2026-02-26 19:30:00,94.5,50.0,50.0,50.0,125.0,50.0,50.0,52.08,44.5,0.0
2026-02-26 19:31:00,94.398,50.0,50.0,50.0,125.0,50.0,50.0,51.67,44.398,0.0
2026-02-26 19:32:00,94.292,50.0,50.0,50.0,125.0,50.0,50.0,51.25,44.292,0.0
2026-02-26 19:33:00,94.182,50.0,50.0,50.0,125.0,50.0,50.0,50.83,44.182,0.0
2026-02-26 19:34:00,94.067,50.0,50.0,50.0,125.0,50.0,50.0,50.42,44.067,0.0
2026-02-26 19:35:00,93.949,50.0,50.0,50.0,125.0,50.0,50.0,50.0,43.949,0.0
2026-02-26 19:36:00,93.827,50.0,50.0,50.0,125.0,50.0,50.0,49.58,43.827,0.0
2026-02-26 19:37:00,93.7,50.0,50.0,50.0,125.0,50.0,50.0,49.17,43.7,0.0
2026-02-26 19:38:00,93.57,50.0,50.0,50.0,125.0,50.0,50.0,48.75,43.57,0.0
2026-02-26 19:39:00,93.436,50.0,50.0,50.0,125.0,50.0,50.0,48.33,43.436,0.0
2026-02-26 19:40:00,93.297,50.0,50.0,50.0,125.0,50.0,50.0,47.92,43.297,0.0
2026-02-26 19:41:00,93.155,50.0,50.0,50.0,125.0,50.0,50.0,47.5,43.155,0.0
2026-02-26 19:42:00,93.008,50.0,50.0,50.0,125.0,50.0,50.0,47.08,43.008,0.0
2026-02-26 19:43:00,92.858,50.0,50.0,50.0,125.0,50.0,50.0,46.67,42.858,0.0
2026-02-26 19:44:00,92.703,50.0,50.0,50.0,125.0,50.0,50.0,46.25,42.703,0.0
2026-02-26 19:45:00,92.545,50.0,50.0,50.0,125.0,50.0,50.0,45.83,42.545,0.0
2026-02-26 19:46:00,92.383,50.0,50.0,50.0,125.0,50.0,50.0,45.42,42.383,0.0
2026-02-26 19:47:00,92.217,50.0,50.0,50.0,125.0,50.0,50.0,45.0,42.217,0.0
2026-02-26 19:48:00,92.047,50.0,50.0,50.0,125.0,50.0,50.0,44.58,42.047,0.0
2026-02-26 19:49:00,91.873,50.0,50.0,50.0,125.0,50.0,50.0,44.17,41.873,0.0
2026-02-26 19:50:00,91.695,50.0,50.0,50.0,125.0,50.0,50.0,43.75,41.695,0.0
2026-02-26 19:51:00,91.513,50.0,50.0,50.0,125.0,50.0,50.0,43.33,41.513,0.0
2026-02-26 19:52:00,91.328,50.0,50.0,50.0,125.0,50.0,50.0,42.92,41.328,0.0
2026-02-26 19:53:00,91.139,50.0,50.0,50.0,125.0,50.0,50.0,42.5,41.139,0.0
2026-02-26 19:54:00,90.946,50.0,50.0,50.0,125.0,50.0,50.0,42.08,40.946,0.0
2026-02-26 19:55:00,90.75,50.0,50.0,50.0,125.0,50.0,50.0,41.67,40.75,0.0
2026-02-26 19:56:00,90.55,50.0,50.0,50.0,125.0,50.0,50.0,41.25,40.55,0.0
2026-02-26 19:57:00,90.346,50.0,50.0,50.0,125.0,50.0,50.0,40.83,40.346,0.0
2026-02-26 19:58:00,90.138,50.0,50.0,50.0,125.0,50.0,50.0,40.42,40.138,0.0
2026-02-26 19:59:00,89.927,50.0,50.0,50.0,125.0,50.0,50.0,40.0,39.927,0.0
2026-02-26 20:00:00,89.713,50.0,50.0,50.0,125.0,50.0,50.0,39.58,39.713,0.0
2026-02-26 20:01:00,89.495,50.0,50.0,50.0,125.0,50.0,50.0,39.17,39.495,0.0
2026-02-26 20:02:00,89.273,50.0,50.0,50.0,125.0,50.0,50.0,38.75,39.273,0.0
2026-02-26 20:03:00,89.049,50.0,50.0,50.0,125.0,50.0,50.0,38.33,39.049,0.0
2026-02-26 20:04:00,88.82,50.0,50.0,50.0,125.0,50.0,50.0,37.92,38.82,0.0
2026-02-26 20:05:00,88.589,50.0,50.0,50.0,125.0,50.0,50.0,37.5,38.589,0.0
2026-02-26 20:06:00,88.354,50.0,50.0,50.0,125.0,50.0,50.0,37.08,38.354,0.0
2026-02-26 20:07:00,88.116,50.0,50.0,50.0,125.0,50.0,50.0,36.67,38.116,0.0
2026-02-26 20:08:00,87.874,50.0,50.0,50.0,125.0,50.0,50.0,36.25,37.874,0.0
2026-02-26 20:09:00,87.63,50.0,50.0,50.0,125.0,50.0,50.0,35.83,37.63,0.0
2026-02-26 20:10:00,87.382,50.0,50.0,50.0,125.0,50.0,50.0,35.42,37.382,0.0
2026-02-26 20:11:00,87.131,50.0,50.0,50.0,125.0,50.0,50.0,35.0,37.131,0.0
2026-02-26 20:12:00,86.878,50.0,50.0,50.0,125.0,50.0,50.0,34.58,36.878,0.0
2026-02-26 20:13:00,86.621,50.0,50.0,50.0,125.0,50.0,50.0,34.17,36.621,0.0
2026-02-26 20:14:00,86.361,50.0,50.0,50.0,125.0,50.0,50.0,33.75,36.361,0.0
2026-02-26 20:15:00,86.098,50.0,50.0,50.0,125.0,50.0,50.0,33.33,36.098,0.0
2026-02-26 20:16:00,85.833,50.0,50.0,50.0,125.0,50.0,50.0,32.92,35.833,0.0
2026-02-26 20:17:00,85.565,50.0,50.0,50.0,125.0,50.0,50.0,32.5,35.565,0.0
2026-02-26 20:18:00,85.294,50.0,50.0,50.0,125.0,50.0,50.0,32.08,35.294,0.0
2026-02-26 20:19:00,85.02,50.0,50.0,50.0,125.0,50.0,50.0,31.67,35.02,0.0
2026-02-26 20:20:00,84.744,50.0,50.0,50.0,125.0,50.0,50.0,31.25,34.744,0.0
2026-02-26 20:21:00,84.465,50.0,50.0,50.0,125.0,50.0,50.0,30.83,34.465,0.0
2026-02-26 20:22:00,84.183,50.0,50.0,50.0,125.0,50.0,50.0,30.42,34.183,0.0
2026-02-26 20:23:00,83.899,50.0,50.0,50.0,125.0,50.0,50.0,30.0,33.899,0.0
2026-02-26 20:24:00,83.613,50.0,50.0,50.0,125.0,50.0,50.0,29.58,33.613,0.0
2026-02-26 20:25:00,83.324,50.0,50.0,50.0,125.0,50.0,50.0,29.17,33.324,0.0
2026-02-26 20:26:00,83.033,50.0,50.0,50.0,125.0,50.0,50.0,28.75,33.033,0.0
2026-02-26 20:27:00,82.74,50.0,50.0,50.0,125.0,50.0,50.0,28.33,32.74,0.0
2026-02-26 20:28:00,82.444,50.0,50.0,50.0,125.0,50.0,50.0,27.92,32.444,0.0
2026-02-26 20:29:00,82.146,50.0,50.0,50.0,125.0,50.0,50.0,27.5,32.146,0.0
2026-02-26 20:30:00,81.847,50.0,50.0,50.0,125.0,50.0,50.0,27.08,31.847,0.0
2026-02-26 20:31:00,81.545,50.0,50.0,50.0,125.0,50.0,50.0,26.67,31.545,0.0
2026-02-26 20:32:00,81.241,50.0,50.0,50.0,125.0,50.0,50.0,26.25,31.241,0.0
2026-02-26 20:33:00,80.935,50.0,50.0,50.0,125.0,50.0,50.0,25.83,30.935,0.0
2026-02-26 20:34:00,80.628,50.0,50.0,50.0,125.0,50.0,50.0,25.42,30.628,0.0
2026-02-26 20:35:00,80.318,50.0,50.0,50.0,125.0,50.0,50.0,25.0,30.318,0.0
2026-02-26 20:36:00,80.007,50.0,50.0,50.0,125.0,50.0,50.0,24.58,30.007,0.0
2026-02-26 20:37:00,79.694,50.0,50.0,50.0,125.0,50.0,50.0,24.17,29.694,0.0
2026-02-26 20:38:00,79.38,50.0,50.0,50.0,125.0,50.0,50.0,23.75,29.38,0.0
2026-02-26 20:39:00,79.064,50.0,50.0,50.0,125.0,50.0,50.0,23.33,29.064,0.0
2026-02-26 20:40:00,78.746,50.0,50.0,50.0,125.0,50.0,50.0,22.92,28.746,0.0
2026-02-26 20:41:00,78.427,50.0,50.0,50.0,125.0,50.0,50.0,22.5,28.427,0.0
2026-02-26 20:42:00,78.106,50.0,50.0,50.0,125.0,50.0,50.0,22.08,28.106,0.0
2026-02-26 20:43:00,77.785,50.0,50.0,50.0,125.0,50.0,50.0,21.67,27.785,0.0
2026-02-26 20:44:00,77.462,50.0,50.0,50.0,125.0,50.0,50.0,21.25,27.462,0.0
2026-02-26 20:45:00,77.137,50.0,50.0,50.0,125.0,50.0,50.0,20.83,27.137,0.0
2026-02-26 20:46:00,76.812,50.0,50.0,50.0,125.0,50.0,50.0,20.42,26.812,0.0
2026-02-26 20:47:00,76.485,50.0,50.0,50.0,125.0,50.0,50.0,20.0,26.485,0.0
2026-02-26 20:48:00,76.158,50.0,50.0,50.0,125.0,50.0,50.0,19.58,26.158,0.0
2026-02-26 20:49:00,75.829,50.0,50.0,50.0,125.0,50.0,50.0,19.17,25.829,0.0
2026-02-26 20:50:00,75.499,50.0,50.0,50.0,125.0,50.0,50.0,18.75,25.499,0.0
2026-02-26 20:51:00,75.169,50.0,50.0,50.0,125.0,50.0,50.0,18.33,25.169,0.0
2026-02-26 20:52:00,74.838,50.0,50.0,50.0,125.0,50.0,50.0,17.92,24.838,0.0
2026-02-26 20:53:00,74.506,50.0,50.0,50.0,125.0,50.0,50.0,17.5,24.506,0.0
2026-02-26 20:54:00,74.173,50.0,50.0,50.0,125.0,50.0,50.0,17.08,24.173,0.0
2026-02-26 20:55:00,73.839,50.0,50.0,50.0,125.0,50.0,50.0,16.67,23.839,0.0
2026-02-26 20:56:00,73.505,50.0,50.0,50.0,125.0,50.0,50.0,16.25,23.505,0.0
2026-02-26 20:57:00,73.171,50.0,50.0,50.0,125.0,50.0,50.0,15.83,23.171,0.0
2026-02-26 20:58:00,72.836,50.0,50.0,50.0,125.0,50.0,50.0,15.42,22.836,0.0
2026-02-26 20:59:00,72.5,50.0,50.0,50.0,125.0,50.0,50.0,15.0,22.5,0.0
2026-02-26 21:00:00,72.165,50.0,50.0,50.0,125.0,50.0,50.0,14.58,22.165,0.0
2026-02-26 21:01:00,71.828,50.0,50.0,50.0,125.0,50.0,50.0,14.17,21.828,0.0
2026-02-26 21:02:00,71.492,50.0,50.0,50.0,125.0,50.0,50.0,13.75,21.492,0.0
2026-02-26 21:03:00,71.155,50.0,50.0,50.0,125.0,50.0,50.0,13.33,21.155,0.0
2026-02-26 21:04:00,70.819,50.0,50.0,50.0,125.0,50.0,50.0,12.92,20.819,0.0
2026-02-26 21:05:00,70.482,50.0,50.0,50.0,125.0,50.0,50.0,12.5,20.482,0.0
2026-02-26 21:06:00,70.145,50.0,50.0,50.0,125.0,50.0,50.0,12.08,20.145,0.0
2026-02-26 21:07:00,69.808,50.0,50.0,50.0,125.0,50.0,50.0,11.67,19.808,0.0
2026-02-26 21:08:00,69.471,50.0,50.0,50.0,125.0,50.0,50.0,11.25,19.471,0.0
2026-02-26 21:09:00,69.134,50.0,50.0,50.0,125.0,50.0,50.0,10.83,19.134,0.0
2026-02-26 21:10:00,68.798,50.0,50.0,50.0,125.0,50.0,50.0,10.42,18.798,0.0
2026-02-26 21:11:00,68.461,50.0,50.0,50.0,125.0,50.0,50.0,10.0,18.461,0.0
2026-02-26 21:12:00,68.125,50.0,0.0,0.0,125.0,0.0,50.0,10.0,68.125,0.0
2026-02-26 21:13:00,67.789,50.0,0.0,0.0,125.0,0.0,50.0,10.0,67.789,0.0
2026-02-26 21:14:00,67.454,50.0,0.0,0.0,125.0,0.0,50.0,10.0,67.454,0.0
2026-02-26 21:15:00,67.119,50.0,0.0,0.0,125.0,0.0,50.0,10.0,67.119,0.0
2026-02-26 21:16:00,66.784,50.0,0.0,0.0,125.0,0.0,50.0,10.0,66.784,0.0
2026-02-26 21:17:00,66.45,50.0,0.0,0.0,125.0,0.0,50.0,10.0,66.45,0.0
2026-02-26 21:18:00,66.116,50.0,0.0,0.0,125.0,0.0,50.0,10.0,66.116,0.0
2026-02-26 21:19:00,65.783,50.0,0.0,0.0,125.0,0.0,50.0,10.0,65.783,0.0
2026-02-26 21:20:00,65.451,50.0,0.0,0.0,125.0,0.0,50.0,10.0,65.451,0.0
2026-02-26 21:21:00,65.119,50.0,0.0,0.0,125.0,0.0,50.0,10.0,65.119,0.0
2026-02-26 21:22:00,64.788,50.0,0.0,0.0,125.0,0.0,50.0,10.0,64.788,0.0
2026-02-26 21:23:00,64.457,50.0,0.0,0.0,125.0,0.0,50.0,10.0,64.457,0.0
2026-02-26 21:24:00,64.128,50.0,0.0,0.0,125.0,0.0,50.0,10.0,64.128,0.0
2026-02-26 21:25:00,63.799,50.0,0.0,0.0,125.0,0.0,50.0,10.0,63.799,0.0
2026-02-26 21:26:00,63.471,50.0,0.0,0.0,125.0,0.0,50.0,10.0,63.471,0.0
2026-02-26 21:27:00,63.144,50.0,0.0,0.0,125.0,0.0,50.0,10.0,63.144,0.0
2026-02-26 21:28:00,62.818,50.0,0.0,0.0,125.0,0.0,50.0,10.0,62.818,0.0
2026-02-26 21:29:00,62.493,50.0,0.0,0.0,125.0,0.0,50.0,10.0,62.493,0.0
2026-02-26 21:30:00,62.169,50.0,0.0,0.0,125.0,0.0,50.0,10.0,62.169,0.0
2026-02-26 21:31:00,61.846,50.0,0.0,0.0,125.0,0.0,50.0,10.0,61.846,0.0
2026-02-26 21:32:00,61.524,50.0,0.0,0.0,125.0,0.0,50.0,10.0,61.524,0.0
2026-02-26 21:33:00,61.203,50.0,0.0,0.0,125.0,0.0,50.0,10.0,61.203,0.0
2026-02-26 21:34:00,60.883,50.0,0.0,0.0,125.0,0.0,50.0,10.0,60.883,0.0
2026-02-26 21:35:00,60.565,50.0,0.0,0.0,125.0,0.0,50.0,10.0,60.565,0.0
2026-02-26 21:36:00,60.248,50.0,0.0,0.0,125.0,0.0,50.0,10.0,60.248,0.0
2026-02-26 21:37:00,59.931,50.0,0.0,0.0,125.0,0.0,50.0,10.0,59.931,0.0
2026-02-26 21:38:00,59.617,50.0,0.0,0.0,125.0,0.0,50.0,10.0,59.617,0.0
2026-02-26 21:39:00,59.303,50.0,0.0,0.0,125.0,0.0,50.0,10.0,59.303,0.0
2026-02-26 21:40:00,58.991,50.0,0.0,0.0,125.0,0.0,50.0,10.0,58.991,0.0
2026-02-26 21:41:00,58.68,50.0,0.0,0.0,125.0,0.0,50.0,10.0,58.68,0.0
2026-02-26 21:42:00,58.371,50.0,0.0,0.0,125.0,0.0,50.0,10.0,58.371,0.0
2026-02-26 21:43:00,58.063,50.0,0.0,0.0,125.0,0.0,50.0,10.0,58.063,0.0
2026-02-26 21:44:00,57.756,50.0,0.0,0.0,125.0,0.0,50.0,10.0,57.756,0.0
2026-02-26 21:45:00,57.451,50.0,0.0,0.0,125.0,0.0,50.0,10.0,57.451,0.0
2026-02-26 21:46:00,57.148,50.0,0.0,0.0,125.0,0.0,50.0,10.0,57.148,0.0
2026-02-26 21:47:00,56.846,50.0,0.0,0.0,125.0,0.0,50.0,10.0,56.846,0.0
2026-02-26 21:48:00,56.545,50.0,0.0,0.0,125.0,0.0,50.0,10.0,56.545,0.0
2026-02-26 21:49:00,56.246,50.0,0.0,0.0,125.0,0.0,50.0,10.0,56.246,0.0
2026-02-26 21:50:00,55.948,50.0,0.0,0.0,125.0,0.0,50.0,10.0,55.948,0.0
2026-02-26 21:51:00,55.653,50.0,0.0,0.0,125.0,0.0,50.0,10.0,55.653,0.0
2026-02-26 21:52:00,55.358,50.0,0.0,0.0,125.0,0.0,50.0,10.0,55.358,0.0
2026-02-26 21:53:00,55.066,50.0,0.0,0.0,125.0,0.0,50.0,10.0,55.066,0.0
2026-02-26 21:54:00,54.774,50.0,0.0,0.0,125.0,0.0,50.0,10.0,54.774,0.0
2026-02-26 21:55:00,54.485,50.0,0.0,0.0,125.0,0.0,50.0,10.0,54.485,0.0
2026-02-26 21:56:00,54.197,50.0,0.0,0.0,125.0,0.0,50.0,10.0,54.197,0.0
2026-02-26 21:57:00,53.911,50.0,0.0,0.0,125.0,0.0,50.0,10.0,53.911,0.0
2026-02-26 21:58:00,53.627,50.0,0.0,0.0,125.0,0.0,50.0,10.0,53.627,0.0
2026-02-26 21:59:00,53.344,50.0,0.0,0.0,125.0,0.0,50.0,10.0,53.344,0.0
2026-02-26 22:00:00,53.063,0.0,0.0,0.0,125.0,0.0,0.0,10.0,53.063,0.0
2026-02-26 22:01:00,52.784,0.0,0.0,0.0,125.0,0.0,0.0,10.0,52.784,0.0
2026-02-26 22:02:00,52.507,0.0,0.0,0.0,125.0,0.0,0.0,10.0,52.507,0.0
2026-02-26 22:03:00,52.231,0.0,0.0,0.0,125.0,0.0,0.0,10.0,52.231,0.0
2026-02-26 22:04:00,51.957,0.0,0.0,0.0,125.0,0.0,0.0,10.0,51.957,0.0
2026-02-26 22:05:00,51.685,0.0,0.0,0.0,125.0,0.0,0.0,10.0,51.685,0.0
2026-02-26 22:06:00,51.414,0.0,0.0,0.0,125.0,0.0,0.0,10.0,51.414,0.0
2026-02-26 22:07:00,51.146,0.0,0.0,0.0,125.0,0.0,0.0,10.0,51.146,0.0
2026-02-26 22:08:00,50.879,0.0,0.0,0.0,125.0,0.0,0.0,10.0,50.879,0.0
2026-02-26 22:09:00,50.614,0.0,0.0,0.0,125.0,0.0,0.0,10.0,50.614,0.0
2026-02-26 22:10:00,50.351,0.0,0.0,0.0,125.0,0.0,0.0,10.0,50.351,0.0
2026-02-26 22:11:00,50.089,0.0,0.0,0.0,125.0,0.0,0.0,10.0,50.089,0.0
2026-02-26 22:12:00,50.0,0.0,0.0,0.0,125.0,0.0,0.0,10.0,50.0,0.0
2026-02-26 22:13:00,50.0,0.0,0.0,0.0,125.0,0.0,0.0,10.0,50.0,0.0
2026-02-26 22:14:00,50.0,0.0,0.0,0.0,125.0,0.0,0.0,10.0,50.0,0.0
2026-02-26 22:15:00,50.0,0.0,0.0,0.0,125.0,0.0,0.0,10.0,50.0,0.0
2026-02-26 22:16:00,50.0,0.0,0.0,0.0,125.0,0.0,0.0,10.0,50.0,0.0
2026-02-26 22:17:00,50.0,0.0,0.0,0.0,125.0,0.0,0.0,10.0,50.0,0.0
2026-02-26 22:18:00,50.0,0.0,0.0,0.0,125.0,0.0,0.0,10.0,50.0,0.0
2026-02-26 22:19:00,50.0,0.0,0.0,0.0,125.0,0.0,0.0,10.0,50.0,0.0
2026-02-26 22:20:00,50.0,0.0,0.0,0.0,125.0,0.0,0.0,10.0,50.0,0.0
2026-02-26 22:21:00,50.0,0.0,0.0,0.0,125.0,0.0,0.0,10.0,50.0,0.0
2026-02-26 22:22:00,50.0,0.0,0.0,0.0,125.0,0.0,0.0,10.0,50.0,0.0
2026-02-26 22:23:00,50.0,0.0,0.0,0.0,125.0,0.0,0.0,10.0,50.0,0.0
2026-02-26 22:24:00,50.0,0.0,0.0,0.0,125.0,0.0,0.0,10.0,50.0,0.0
2026-02-26 22:25:00,50.0,0.0,0.0,0.0,125.0,0.0,0.0,10.0,50.0,0.0
2026-02-26 22:26:00,50.0,0.0,0.0,0.0,125.0,0.0,0.0,10.0,50.0,0.0
2026-02-26 22:27:00,50.0,0.0,0.0,0.0,125.0,0.0,0.0,10.0,50.0,0.0
2026-02-26 22:28:00,50.0,0.0,0.0,0.0,125.0,0.0,0.0,10.0,50.0,0.0
2026-02-26 22:29:00,50.0,0.0,0.0,0.0,125.0,0.0,0.0,10.0,50.0,0.0
2026-02-26 22:30:00,50.0,0.0,0.0,0.0,125.0,0.0,0.0,10.0,50.0,0.0
2026-02-26 22:31:00,50.0,0.0,0.0,0.0,125.0,0.0,0.0,10.0,50.0,0.0
2026-02-26 22:32:00,50.0,0.0,0.0,0.0,125.0,0.0,0.0,10.0,50.0,0.0
2026-02-26 22:33:00,50.0,0.0,0.0,0.0,125.0,0.0,0.0,10.0,50.0,0.0
2026-02-26 22:34:00,50.0,0.0,0.0,0.0,125.0,0.0,0.0,10.0,50.0,0.0
2026-02-26 22:35:00,50.0,0.0,0.0,0.0,125.0,0.0,0.0,10.0,50.0,0.0
2026-02-26 22:36:00,50.0,0.0,0.0,0.0,125.0,0.0,0.0,10.0,50.0,0.0
2026-02-26 22:37:00,50.0,0.0,0.0,0.0,125.0,0.0,0.0,10.0,50.0,0.0
2026-02-26 22:38:00,50.0,0.0,0.0,0.0,125.0,0.0,0.0,10.0,50.0,0.0
2026-02-26 22:39:00,50.0,0.0,0.0,0.0,125.0,0.0,0.0,10.0,50.0,0.0
2026-02-26 22:40:00,50.0,0.0,0.0,0.0,125.0,0.0,0.0,10.0,50.0,0.0
2026-02-26 22:41:00,50.0,0.0,0.0,0.0,125.0,0.0,0.0,10.0,50.0,0.0
2026-02-26 22:42:00,50.0,0.0,0.0,0.0,125.0,0.0,0.0,10.0,50.0,0.0
2026-02-26 22:43:00,50.0,0.0,0.0,0.0,125.0,0.0,0.0,10.0,50.0,0.0
2026-02-26 22:44:00,50.0,0.0,0.0,0.0,125.0,0.0,0.0,10.0,50.0,0.0
2026-02-26 22:45:00,50.0,0.0,0.0,0.0,125.0,0.0,0.0,10.0,50.0,0.0
2026-02-26 22:46:00,50.0,0.0,0.0,0.0,125.0,0.0,0.0,10.0,50.0,0.0
2026-02-26 22:47:00,50.0,0.0,0.0,0.0,125.0,0.0,0.0,10.0,50.0,0.0
2026-02-26 22:48:00,50.0,0.0,0.0,0.0,125.0,0.0,0.0,10.0,50.0,0.0
2026-02-26 22:49:00,50.0,0.0,0.0,0.0,125.0,0.0,0.0,10.0,50.0,0.0
2026-02-26 22:50:00,50.0,0.0,0.0,0.0,125.0,0.0,0.0,10.0,50.0,0.0
2026-02-26 22:51:00,50.0,0.0,0.0,0.0,125.0,0.0,0.0,10.0,50.0,0.0
2026-02-26 22:52:00,50.0,0.0,0.0,0.0,125.0,0.0,0.0,10.0,50.0,0.0
2026-02-26 22:53:00,50.0,0.0,0.0,0.0,125.0,0.0,0.0,10.0,50.0,0.0
2026-02-26 22:54:00,50.0,0.0,0.0,0.0,125.0,0.0,0.0,10.0,50.0,0.0
2026-02-26 22:55:00,50.0,0.0,0.0,0.0,125.0,0.0,0.0,10.0,50.0,0.0
2026-02-26 22:56:00,50.0,0.0,0.0,0.0,125.0,0.0,0.0,10.0,50.0,0.0
2026-02-26 22:57:00,50.0,0.0,0.0,0.0,125.0,0.0,0.0,10.0,50.0,0.0
2026-02-26 22:58:00,50.0,0.0,0.0,0.0,125.0,0.0,0.0,10.0,50.0,0.0
2026-02-26 22:59:00,50.0,0.0,0.0,0.0,125.0,0.0,0.0,10.0,50.0,0.0
2026-02-26 23:00:00,50.0,0.0,0.0,0.0,125.0,0.0,0.0,10.0,50.0,0.0
2026-02-26 23:01:00,50.0,0.0,0.0,0.0,125.0,0.0,0.0,10.0,50.0,0.0
2026-02-26 23:02:00,50.0,0.0,0.0,0.0,125.0,0.0,0.0,10.0,50.0,0.0
2026-02-26 23:03:00,50.0,0.0,0.0,0.0,125.0,0.0,0.0,10.0,50.0,0.0
2026-02-26 23:04:00,50.0,0.0,0.0,0.0,125.0,0.0,0.0,10.0,50.0,0.0
2026-02-26 23:05:00,50.0,0.0,0.0,0.0,125.0,0.0,0.0,10.0,50.0,0.0
2026-02-26 23:06:00,50.0,0.0,0.0,0.0,125.0,0.0,0.0,10.0,50.0,0.0
2026-02-26 23:07:00,50.0,0.0,0.0,0.0,125.0,0.0,0.0,10.0,50.0,0.0
2026-02-26 23:08:00,50.0,0.0,0.0,0.0,125.0,0.0,0.0,10.0,50.0,0.0
2026-02-26 23:09:00,50.0,0.0,0.0,0.0,125.0,0.0,0.0,10.0,50.0,0.0
2026-02-26 23:10:00,50.0,0.0,0.0,0.0,125.0,0.0,0.0,10.0,50.0,0.0
2026-02-26 23:11:00,50.0,0.0,0.0,0.0,125.0,0.0,0.0,10.0,50.0,0.0
2026-02-26 23:12:00,50.0,0.0,0.0,0.0,125.0,0.0,0.0,10.0,50.0,0.0
2026-02-26 23:13:00,50.0,0.0,0.0,0.0,125.0,0.0,0.0,10.0,50.0,0.0
2026-02-26 23:14:00,50.0,0.0,0.0,0.0,125.0,0.0,0.0,10.0,50.0,0.0
2026-02-26 23:15:00,50.0,0.0,0.0,0.0,125.0,0.0,0.0,10.0,50.0,0.0
2026-02-26 23:16:00,50.0,0.0,0.0,0.0,125.0,0.0,0.0,10.0,50.0,0.0
2026-02-26 23:17:00,50.0,0.0,0.0,0.0,125.0,0.0,0.0,10.0,50.0,0.0
2026-02-26 23:18:00,50.0,0.0,0.0,0.0,125.0,0.0,0.0,10.0,50.0,0.0
2026-02-26 23:19:00,50.0,0.0,0.0,0.0,125.0,0.0,0.0,10.0,50.0,0.0
2026-02-26 23:20:00,50.0,0.0,0.0,0.0,125.0,0.0,0.0,10.0,50.0,0.0
2026-02-26 23:21:00,50.0,0.0,0.0,0.0,125.0,0.0,0.0,10.0,50.0,0.0
2026-02-26 23:22:00,50.0,0.0,0.0,0.0,125.0,0.0,0.0,10.0,50.0,0.0
2026-02-26 23:23:00,50.0,0.0,0.0,0.0,125.0,0.0,0.0,10.0,50.0,0.0
2026-02-26 23:24:00,50.0,0.0,0.0,0.0,125.0,0.0,0.0,10.0,50.0,0.0
2026-02-26 23:25:00,50.0,0.0,0.0,0.0,125.0,0.0,0.0,10.0,50.0,0.0
2026-02-26 23:26:00,50.0,0.0,0.0,0.0,125.0,0.0,0.0,10.0,50.0,0.0
2026-02-26 23:27:00,50.0,0.0,0.0,0.0,125.0,0.0,0.0,10.0,50.0,0.0
2026-02-26 23:28:00,50.0,0.0,0.0,0.0,125.0,0.0,0.0,10.0,50.0,0.0
2026-02-26 23:29:00,50.0,0.0,0.0,0.0,125.0,0.0,0.0,10.0,50.0,0.0
2026-02-26 23:30:00,50.0,0.0,0.0,0.0,125.0,0.0,0.0,10.0,50.0,0.0
2026-02-26 23:31:00,50.0,0.0,0.0,0.0,125.0,0.0,0.0,10.0,50.0,0.0
2026-02-26 23:32:00,50.0,0.0,0.0,0.0,125.0,0.0,0.0,10.0,50.0,0.0
2026-02-26 23:33:00,50.0,0.0,0.0,0.0,125.0,0.0,0.0,10.0,50.0,0.0
2026-02-26 23:34:00,50.0,0.0,0.0,0.0,125.0,0.0,0.0,10.0,50.0,0.0
2026-02-26 23:35:00,50.0,0.0,0.0,0.0,125.0,0.0,0.0,10.0,50.0,0.0
2026-02-26 23:36:00,50.0,0.0,0.0,0.0,125.0,0.0,0.0,10.0,50.0,0.0
2026-02-26 23:37:00,50.0,0.0,0.0,0.0,125.0,0.0,0.0,10.0,50.0,0.0
2026-02-26 23:38:00,50.0,0.0,0.0,0.0,125.0,0.0,0.0,10.0,50.0,0.0
2026-02-26 23:39:00,50.0,0.0,0.0,0.0,125.0,0.0,0.0,10.0,50.0,0.0
2026-02-26 23:40:00,50.0,0.0,0.0,0.0,125.0,0.0,0.0,10.0,50.0,0.0
2026-02-26 23:41:00,50.0,0.0,0.0,0.0,125.0,0.0,0.0,10.0,50.0,0.0
2026-02-26 23:42:00,50.0,0.0,0.0,0.0,125.0,0.0,0.0,10.0,50.0,0.0
2026-02-26 23:43:00,50.0,0.0,0.0,0.0,125.0,0.0,0.0,10.0,50.0,0.0
2026-02-26 23:44:00,50.0,0.0,0.0,0.0,125.0,0.0,0.0,10.0,50.0,0.0
2026-02-26 23:45:00,50.0,0.0,0.0,0.0,125.0,0.0,0.0,10.0,50.0,0.0
2026-02-26 23:46:00,50.0,0.0,0.0,0.0,125.0,0.0,0.0,10.0,50.0,0.0
2026-02-26 23:47:00,50.0,0.0,0.0,0.0,125.0,0.0,0.0,10.0,50.0,0.0
2026-02-26 23:48:00,50.0,0.0,0.0,0.0,125.0,0.0,0.0,10.0,50.0,0.0
2026-02-26 23:49:00,50.0,0.0,0.0,0.0,125.0,0.0,0.0,10.0,50.0,0.0
2026-02-26 23:50:00,50.0,0.0,0.0,0.0,125.0,0.0,0.0,10.0,50.0,0.0
2026-02-26 23:51:00,50.0,0.0,0.0,0.0,125.0,0.0,0.0,10.0,50.0,0.0
2026-02-26 23:52:00,50.0,0.0,0.0,0.0,125.0,0.0,0.0,10.0,50.0,0.0
2026-02-26 23:53:00,50.0,0.0,0.0,0.0,125.0,0.0,0.0,10.0,50.0,0.0
2026-02-26 23:54:00,50.0,0.0,0.0,0.0,125.0,0.0,0.0,10.0,50.0,0.0
2026-02-26 23:55:00,50.0,0.0,0.0,0.0,125.0,0.0,0.0,10.0,50.0,0.0
2026-02-26 23:56:00,50.0,0.0,0.0,0.0,125.0,0.0,0.0,10.0,50.0,0.0
2026-02-26 23:57:00,50.0,0.0,0.0,0.0,125.0,0.0,0.0,10.0,50.0,0.0
2026-02-26 23:58:00,50.0,0.0,0.0,0.0,125.0,0.0,0.0,10.0,50.0,0.0
2026-02-26 23:59:00,50.0,0.0,0.0,0.0,125.0,0.0,0.0,10.0,50.0,0.0
