time,负载功率(kW),TOU计划功率(kW),逆变功率(kW),逆变设置功率(kW),逆变限制功率(kW),电池功率(kW),电池设置功率(kW),储能SOC(%),电网功率(kW),光伏功率(kW)
2026-02-26 00:00:00,17.5,0.0,0.0,0.0,125.0,0.0,,30.0,17.5,0.0
2026-02-26 00:01:00,17.5,0.0,0.0,0.0,125.0,0.0,,30.0,17.5,0.0
2026-02-26 00:02:00,17.5,0.0,0.0,0.0,125.0,0.0,,30.0,17.5,0.0
2026-02-26 00:03:00,17.5,0.0,0.0,0.0,125.0,0.0,,30.0,17.5,0.0
2026-02-26 00:04:00,17.5,0.0,0.0,0.0,125.0,0.0,,30.0,17.5,0.0
2026-02-26 00:05:00,17.5,0.0,0.0,0.0,125.0,0.0,,30.0,17.5,0.0
2026-02-26 00:06:00,17.5,0.0,0.0,0.0,125.0,0.0,,30.0,17.5,0.0
2026-02-26 00:07:00,17.5,0.0,0.0,0.0,125.0,0.0,,30.0,17.5,0.0
2026-02-26 00:08:00,17.5,0.0,0.0,0.0,125.0,0.0,,30.0,17.5,0.0
2026-02-26 00:09:00,17.5,0.0,0.0,0.0,125.0,0.0,,30.0,17.5,0.0
2026-02-26 00:10:00,17.5,0.0,0.0,0.0,125.0,0.0,,30.0,17.5,0.0
2026-02-26 00:11:00,17.5,0.0,0.0,0.0,125.0,0.0,,30.0,17.5,0.0
2026-02-26 00:12:00,17.5,0.0,0.0,0.0,125.0,0.0,,30.0,17.5,0.0
2026-02-26 00:13:00,17.5,0.0,0.0,0.0,125.0,0.0,,30.0,17.5,0.0
2026-02-26 00:14:00,17.5,0.0,0.0,0.0,125.0,0.0,,30.0,17.5,0.0
2026-02-26 00:15:00,17.5,0.0,0.0,0.0,125.0,0.0,,30.0,17.5,0.0
2026-02-26 00:16:00,17.5,0.0,0.0,0.0,125.0,0.0,,30.0,17.5,0.0
2026-02-26 00:17:00,17.5,0.0,0.0,0.0,125.0,0.0,,30.0,17.5,0.0
2026-02-26 00:18:00,17.5,0.0,0.0,0.0,125.0,0.0,,30.0,17.5,0.0
2026-02-26 00:19:00,17.5,0.0,0.0,0.0,125.0,0.0,,30.0,17.5,0.0
2026-02-26 00:20:00,17.5,0.0,0.0,0.0,125.0,0.0,,30.0,17.5,0.0
2026-02-26 00:21:00,17.5,0.0,0.0,0.0,125.0,0.0,,30.0,17.5,0.0
2026-02-26 00:22:00,17.5,0.0,0.0,0.0,125.0,0.0,,30.0,17.5,0.0
2026-02-26 00:23:00,17.5,0.0,0.0,0.0,125.0,0.0,,30.0,17.5,0.0
2026-02-26 00:24:00,17.5,0.0,0.0,0.0,125.0,0.0,,30.0,17.5,0.0
2026-02-26 00:25:00,17.5,0.0,0.0,0.0,125.0,0.0,,30.0,17.5,0.0
2026-02-26 00:26:00,17.5,0.0,0.0,0.0,125.0,0.0,,30.0,17.5,0.0
2026-02-26 00:27:00,17.5,0.0,0.0,0.0,125.0,0.0,,30.0,17.5,0.0
2026-02-26 00:28:00,17.5,0.0,0.0,0.0,125.0,0.0,,30.0,17.5,0.0
2026-02-26 00:29:00,17.5,0.0,0.0,0.0,125.0,0.0,,30.0,17.5,0.0
2026-02-26 00:30:00,17.5,0.0,0.0,0.0,125.0,0.0,,30.0,17.5,0.0
2026-02-26 00:31:00,17.5,0.0,0.0,0.0,125.0,0.0,,30.0,17.5,0.0
2026-02-26 00:32:00,17.5,0.0,0.0,0.0,125.0,0.0,,30.0,17.5,0.0
2026-02-26 00:33:00,17.5,0.0,0.0,0.0,125.0,0.0,,30.0,17.5,0.0
2026-02-26 00:34:00,17.5,0.0,0.0,0.0,125.0,0.0,,30.0,17.5,0.0
2026-02-26 00:35:00,17.5,0.0,0.0,0.0,125.0,0.0,,30.0,17.5,0.0
2026-02-26 00:36:00,17.5,0.0,0.0,0.0,125.0,0.0,,30.0,17.5,0.0
2026-02-26 00:37:00,17.5,0.0,0.0,0.0,125.0,0.0,,30.0,17.5,0.0
2026-02-26 00:38:00,17.5,0.0,0.0,0.0,125.0,0.0,,30.0,17.5,0.0
2026-02-26 00:39:00,17.5,0.0,0.0,0.0,125.0,0.0,,30.0,17.5,0.0
2026-02-26 00:40:00,17.5,0.0,0.0,0.0,125.0,0.0,,30.0,17.5,0.0
2026-02-26 00:41:00,17.5,0.0,0.0,0.0,125.0,0.0,,30.0,17.5,0.0
2026-02-26 00:42:00,17.5,0.0,0.0,0.0,125.0,0.0,,30.0,17.5,0.0
2026-02-26 00:43:00,17.5,0.0,0.0,0.0,125.0,0.0,,30.0,17.5,0.0
2026-02-26 00:44:00,17.5,0.0,0.0,0.0,125.0,0.0,,30.0,17.5,0.0
2026-02-26 00:45:00,17.5,0.0,0.0,0.0,125.0,0.0,,30.0,17.5,0.0
2026-02-26 00:46:00,17.5,0.0,0.0,0.0,125.0,0.0,,30.0,17.5,0.0
2026-02-26 00:47:00,17.5,0.0,0.0,0.0,125.0,0.0,,30.0,17.5,0.0
2026-02-26 00:48:00,17.5,0.0,0.0,0.0,125.0,0.0,,30.0,17.5,0.0
2026-02-26 00:49:00,17.5,0.0,0.0,0.0,125.0,0.0,,30.0,17.5,0.0
2026-02-26 00:50:00,17.5,0.0,0.0,0.0,125.0,0.0,,30.0,17.5,0.0
2026-02-26 00:51:00,17.5,0.0,0.0,0.0,125.0,0.0,,30.0,17.5,0.0
2026-02-26 00:52:00,17.5,0.0,0.0,0.0,125.0,0.0,,30.0,17.5,0.0
2026-02-26 00:53:00,17.5,0.0,0.0,0.0,125.0,0.0,,30.0,17.5,0.0
2026-02-26 00:54:00,17.5,0.0,0.0,0.0,125.0,0.0,,30.0,17.5,0.0
2026-02-26 00:55:00,17.5,0.0,0.0,0.0,125.0,0.0,,30.0,17.5,0.0
2026-02-26 00:56:00,17.5,0.0,0.0,0.0,125.0,0.0,,30.0,17.5,0.0
2026-02-26 00:57:00,17.5,0.0,0.0,0.0,125.0,0.0,,30.0,17.5,0.0
2026-02-26 00:58:00,17.5,0.0,0.0,0.0,125.0,0.0,,30.0,17.5,0.0
2026-02-26 00:59:00,17.5,0.0,0.0,0.0,125.0,0.0,,30.0,17.5,0.0
2026-02-26 01:00:00,17.5,0.0,0.0,0.0,125.0,0.0,,30.0,17.5,0.0
2026-02-26 01:01:00,17.5,0.0,0.0,0.0,125.0,0.0,,30.0,17.5,0.0
2026-02-26 01:02:00,17.5,0.0,0.0,0.0,125.0,0.0,,30.0,17.5,0.0
2026-02-26 01:03:00,17.5,0.0,0.0,0.0,125.0,0.0,,30.0,17.5,0.0
2026-02-26 01:04:00,17.5,0.0,0.0,0.0,125.0,0.0,,30.0,17.5,0.0
2026-02-26 01:05:00,17.5,0.0,0.0,0.0,125.0,0.0,,30.0,17.5,0.0
2026-02-26 01:06:00,17.5,0.0,0.0,0.0,125.0,0.0,,30.0,17.5,0.0
2026-02-26 01:07:00,17.5,0.0,0.0,0.0,125.0,0.0,,30.0,17.5,0.0
2026-02-26 01:08:00,17.5,0.0,0.0,0.0,125.0,0.0,,30.0,17.5,0.0
2026-02-26 01:09:00,17.5,0.0,0.0,0.0,125.0,0.0,,30.0,17.5,0.0
2026-02-26 01:10:00,17.5,0.0,0.0,0.0,125.0,0.0,,30.0,17.5,0.0
2026-02-26 01:11:00,17.5,0.0,0.0,0.0,125.0,0.0,,30.0,17.5,0.0
2026-02-26 01:12:00,17.5,0.0,0.0,0.0,125.0,0.0,,30.0,17.5,0.0
2026-02-26 01:13:00,17.5,0.0,0.0,0.0,125.0,0.0,,30.0,17.5,0.0
2026-02-26 01:14:00,17.5,0.0,0.0,0.0,125.0,0.0,,30.0,17.5,0.0
2026-02-26 01:15:00,17.5,0.0,0.0,0.0,125.0,0.0,,30.0,17.5,0.0
2026-02-26 01:16:00,17.5,0.0,0.0,0.0,125.0,0.0,,30.0,17.5,0.0
2026-02-26 01:17:00,17.5,0.0,0.0,0.0,125.0,0.0,,30.0,17.5,0.0
2026-02-26 01:18:00,17.5,0.0,0.0,0.0,125.0,0.0,,30.0,17.5,0.0
2026-02-26 01:19:00,17.5,0.0,0.0,0.0,125.0,0.0,,30.0,17.5,0.0
2026-02-26 01:20:00,17.5,0.0,0.0,0.0,125.0,0.0,,30.0,17.5,0.0
2026-02-26 01:21:00,17.5,0.0,0.0,0.0,125.0,0.0,,30.0,17.5,0.0
2026-02-26 01:22:00,17.5,0.0,0.0,0.0,125.0,0.0,,30.0,17.5,0.0
2026-02-26 01:23:00,17.5,0.0,0.0,0.0,125.0,0.0,,30.0,17.5,0.0
2026-02-26 01:24:00,17.5,0.0,0.0,0.0,125.0,0.0,,30.0,17.5,0.0
2026-02-26 01:25:00,17.5,0.0,0.0,0.0,125.0,0.0,,30.0,17.5,0.0
2026-02-26 01:26:00,17.5,0.0,0.0,0.0,125.0,0.0,,30.0,17.5,0.0
2026-02-26 01:27:00,17.5,0.0,0.0,0.0,125.0,0.0,,30.0,17.5,0.0
2026-02-26 01:28:00,17.5,0.0,0.0,0.0,125.0,0.0,,30.0,17.5,0.0
2026-02-26 01:29:00,17.5,0.0,0.0,0.0,125.0,0.0,,30.0,17.5,0.0
2026-02-26 01:30:00,17.5,0.0,0.0,0.0,125.0,0.0,,30.0,17.5,0.0
2026-02-26 01:31:00,17.5,0.0,0.0,0.0,125.0,0.0,,30.0,17.5,0.0
2026-02-26 01:32:00,17.5,0.0,0.0,0.0,125.0,0.0,,30.0,17.5,0.0
2026-02-26 01:33:00,17.5,0.0,0.0,0.0,125.0,0.0,,30.0,17.5,0.0
2026-02-26 01:34:00,17.5,0.0,0.0,0.0,125.0,0.0,,30.0,17.5,0.0
2026-02-26 01:35:00,17.5,0.0,0.0,0.0,125.0,0.0,,30.0,17.5,0.0
2026-02-26 01:36:00,17.5,0.0,0.0,0.0,125.0,0.0,,30.0,17.5,0.0
2026-02-26 01:37:00,17.5,0.0,0.0,0.0,125.0,0.0,,30.0,17.5,0.0
2026-02-26 01:38:00,17.5,0.0,0.0,0.0,125.0,0.0,,30.0,17.5,0.0
2026-02-26 01:39:00,17.5,0.0,0.0,0.0,125.0,0.0,,30.0,17.5,0.0
2026-02-26 01:40:00,17.5,0.0,0.0,0.0,125.0,0.0,,30.0,17.5,0.0
2026-02-26 01:41:00,17.5,0.0,0.0,0.0,125.0,0.0,,30.0,17.5,0.0
2026-02-26 01:42:00,17.5,0.0,0.0,0.0,125.0,0.0,,30.0,17.5,0.0
2026-02-26 01:43:00,17.5,0.0,0.0,0.0,125.0,0.0,,30.0,17.5,0.0
2026-02-26 01:44:00,17.5,0.0,0.0,0.0,125.0,0.0,,30.0,17.5,0.0
2026-02-26 01:45:00,17.5,0.0,0.0,0.0,125.0,0.0,,30.0,17.5,0.0
2026-02-26 01:46:00,17.5,0.0,0.0,0.0,125.0,0.0,,30.0,17.5,0.0
2026-02-26 01:47:00,17.5,0.0,0.0,0.0,125.0,0.0,,30.0,17.5,0.0
2026-02-26 01:48:00,17.5,0.0,0.0,0.0,125.0,0.0,,30.0,17.5,0.0
2026-02-26 01:49:00,17.5,0.0,0.0,0.0,125.0,0.0,,30.0,17.5,0.0
2026-02-26 01:50:00,17.5,0.0,0.0,0.0,125.0,0.0,,30.0,17.5,0.0
2026-02-26 01:51:00,17.5,0.0,0.0,0.0,125.0,0.0,,30.0,17.5,0.0
2026-02-26 01:52:00,17.5,0.0,0.0,0.0,125.0,0.0,,30.0,17.5,0.0
2026-02-26 01:53:00,17.5,0.0,0.0,0.0,125.0,0.0,,30.0,17.5,0.0
2026-02-26 01:54:00,17.5,0.0,0.0,0.0,125.0,0.0,,30.0,17.5,0.0
2026-02-26 01:55:00,17.5,0.0,0.0,0.0,125.0,0.0,,30.0,17.5,0.0
2026-02-26 01:56:00,17.5,0.0,0.0,0.0,125.0,0.0,,30.0,17.5,0.0
2026-02-26 01:57:00,17.5,0.0,0.0,0.0,125.0,0.0,,30.0,17.5,0.0
2026-02-26 01:58:00,17.5,0.0,0.0,0.0,125.0,0.0,,30.0,17.5,0.0
2026-02-26 01:59:00,17.5,0.0,0.0,0.0,125.0,0.0,,30.0,17.5,0.0
2026-02-26 02:00:00,17.5,0.0,0.0,0.0,125.0,0.0,,30.0,17.5,0.0
2026-02-26 02:01:00,17.5,0.0,0.0,0.0,125.0,0.0,,30.0,17.5,0.0
2026-02-26 02:02:00,17.5,0.0,0.0,0.0,125.0,0.0,,30.0,17.5,0.0
2026-02-26 02:03:00,17.5,0.0,0.0,0.0,125.0,0.0,,30.0,17.5,0.0
2026-02-26 02:04:00,17.5,0.0,0.0,0.0,125.0,0.0,,30.0,17.5,0.0
2026-02-26 02:05:00,17.5,0.0,0.0,0.0,125.0,0.0,,30.0,17.5,0.0
2026-02-26 02:06:00,17.5,0.0,0.0,0.0,125.0,0.0,,30.0,17.5,0.0
2026-02-26 02:07:00,17.5,0.0,0.0,0.0,125.0,0.0,,30.0,17.5,0.0
2026-02-26 02:08:00,17.5,0.0,0.0,0.0,125.0,0.0,,30.0,17.5,0.0
2026-02-26 02:09:00,17.5,0.0,0.0,0.0,125.0,0.0,,30.0,17.5,0.0
2026-02-26 02:10:00,17.5,0.0,0.0,0.0,125.0,0.0,,30.0,17.5,0.0
2026-02-26 02:11:00,17.5,0.0,0.0,0.0,125.0,0.0,,30.0,17.5,0.0
2026-02-26 02:12:00,17.5,0.0,0.0,0.0,125.0,0.0,,30.0,17.5,0.0
2026-02-26 02:13:00,17.5,0.0,0.0,0.0,125.0,0.0,,30.0,17.5,0.0
2026-02-26 02:14:00,17.5,0.0,0.0,0.0,125.0,0.0,,30.0,17.5,0.0
2026-02-26 02:15:00,17.5,0.0,0.0,0.0,125.0,0.0,,30.0,17.5,0.0
2026-02-26 02:16:00,17.5,0.0,0.0,0.0,125.0,0.0,,30.0,17.5,0.0
2026-02-26 02:17:00,17.5,0.0,0.0,0.0,125.0,0.0,,30.0,17.5,0.0
2026-02-26 02:18:00,17.5,0.0,0.0,0.0,125.0,0.0,,30.0,17.5,0.0
2026-02-26 02:19:00,17.5,0.0,0.0,0.0,125.0,0.0,,30.0,17.5,0.0
2026-02-26 02:20:00,17.5,0.0,0.0,0.0,125.0,0.0,,30.0,17.5,0.0
2026-02-26 02:21:00,17.5,0.0,0.0,0.0,125.0,0.0,,30.0,17.5,0.0
2026-02-26 02:22:00,17.5,0.0,0.0,0.0,125.0,0.0,,30.0,17.5,0.0
2026-02-26 02:23:00,17.5,0.0,0.0,0.0,125.0,0.0,,30.0,17.5,0.0
2026-02-26 02:24:00,17.5,0.0,0.0,0.0,125.0,0.0,,30.0,17.5,0.0
2026-02-26 02:25:00,17.5,0.0,0.0,0.0,125.0,0.0,,30.0,17.5,0.0
2026-02-26 02:26:00,17.5,0.0,0.0,0.0,125.0,0.0,,30.0,17.5,0.0
2026-02-26 02:27:00,17.5,0.0,0.0,0.0,125.0,0.0,,30.0,17.5,0.0
2026-02-26 02:28:00,17.5,0.0,0.0,0.0,125.0,0.0,,30.0,17.5,0.0
2026-02-26 02:29:00,17.5,0.0,0.0,0.0,125.0,0.0,,30.0,17.5,0.0
2026-02-26 02:30:00,17.5,0.0,0.0,0.0,125.0,0.0,,30.0,17.5,0.0
2026-02-26 02:31:00,17.5,0.0,0.0,0.0,125.0,0.0,,30.0,17.5,0.0
2026-02-26 02:32:00,17.5,0.0,0.0,0.0,125.0,0.0,,30.0,17.5,0.0
2026-02-26 02:33:00,17.5,0.0,0.0,0.0,125.0,0.0,,30.0,17.5,0.0
2026-02-26 02:34:00,17.5,0.0,0.0,0.0,125.0,0.0,,30.0,17.5,0.0
2026-02-26 02:35:00,17.5,0.0,0.0,0.0,125.0,0.0,,30.0,17.5,0.0
2026-02-26 02:36:00,17.5,0.0,0.0,0.0,125.0,0.0,,30.0,17.5,0.0
2026-02-26 02:37:00,17.5,0.0,0.0,0.0,125.0,0.0,,30.0,17.5,0.0
2026-02-26 02:38:00,17.5,0.0,0.0,0.0,125.0,0.0,,30.0,17.5,0.0
2026-02-26 02:39:00,17.5,0.0,0.0,0.0,125.0,0.0,,30.0,17.5,0.0
2026-02-26 02:40:00,17.5,0.0,0.0,0.0,125.0,0.0,,30.0,17.5,0.0
2026-02-26 02:41:00,17.5,0.0,0.0,0.0,125.0,0.0,,30.0,17.5,0.0
2026-02-26 02:42:00,17.5,0.0,0.0,0.0,125.0,0.0,,30.0,17.5,0.0
2026-02-26 02:43:00,17.5,0.0,0.0,0.0,125.0,0.0,,30.0,17.5,0.0
2026-02-26 02:44:00,17.5,0.0,0.0,0.0,125.0,0.0,,30.0,17.5,0.0
2026-02-26 02:45:00,17.5,0.0,0.0,0.0,125.0,0.0,,30.0,17.5,0.0
2026-02-26 02:46:00,17.5,0.0,0.0,0.0,125.0,0.0,,30.0,17.5,0.0
2026-02-26 02:47:00,17.5,0.0,0.0,0.0,125.0,0.0,,30.0,17.5,0.0
2026-02-26 02:48:00,17.5,0.0,0.0,0.0,125.0,0.0,,30.0,17.5,0.0
2026-02-26 02:49:00,17.5,0.0,0.0,0.0,125.0,0.0,,30.0,17.5,0.0
2026-02-26 02:50:00,17.5,0.0,0.0,0.0,125.0,0.0,,30.0,17.5,0.0
2026-02-26 02:51:00,17.5,0.0,0.0,0.0,125.0,0.0,,30.0,17.5,0.0
2026-02-26 02:52:00,17.5,0.0,0.0,0.0,125.0,0.0,,30.0,17.5,0.0
2026-02-26 02:53:00,17.5,0.0,0.0,0.0,125.0,0.0,,30.0,17.5,0.0
2026-02-26 02:54:00,17.5,0.0,0.0,0.0,125.0,0.0,,30.0,17.5,0.0
2026-02-26 02:55:00,17.5,0.0,0.0,0.0,125.0,0.0,,30.0,17.5,0.0
2026-02-26 02:56:00,17.5,0.0,0.0,0.0,125.0,0.0,,30.0,17.5,0.0
2026-02-26 02:57:00,17.5,0.0,0.0,0.0,125.0,0.0,,30.0,17.5,0.0
2026-02-26 02:58:00,17.5,0.0,0.0,0.0,125.0,0.0,,30.0,17.5,0.0
2026-02-26 02:59:00,17.5,0.0,0.0,0.0,125.0,0.0,,30.0,17.5,0.0
2026-02-26 03:00:00,17.5,0.0,0.0,0.0,125.0,0.0,,30.0,17.5,0.0
2026-02-26 03:01:00,17.5,0.0,0.0,0.0,125.0,0.0,,30.0,17.5,0.0
2026-02-26 03:02:00,17.5,0.0,0.0,0.0,125.0,0.0,,30.0,17.5,0.0
2026-02-26 03:03:00,17.5,0.0,0.0,0.0,125.0,0.0,,30.0,17.5,0.0
2026-02-26 03:04:00,17.5,0.0,0.0,0.0,125.0,0.0,,30.0,17.5,0.0
2026-02-26 03:05:00,17.5,0.0,0.0,0.0,125.0,0.0,,30.0,17.5,0.0
2026-02-26 03:06:00,17.5,0.0,0.0,0.0,125.0,0.0,,30.0,17.5,0.0
2026-02-26 03:07:00,17.5,0.0,0.0,0.0,125.0,0.0,,30.0,17.5,0.0
2026-02-26 03:08:00,17.5,0.0,0.0,0.0,125.0,0.0,,30.0,17.5,0.0
2026-02-26 03:09:00,17.5,0.0,0.0,0.0,125.0,0.0,,30.0,17.5,0.0
2026-02-26 03:10:00,17.5,0.0,0.0,0.0,125.0,0.0,,30.0,17.5,0.0
2026-02-26 03:11:00,17.5,0.0,0.0,0.0,125.0,0.0,,30.0,17.5,0.0
2026-02-26 03:12:00,17.5,0.0,0.0,0.0,125.0,0.0,,30.0,17.5,0.0
2026-02-26 03:13:00,17.5,0.0,0.0,0.0,125.0,0.0,,30.0,17.5,0.0
2026-02-26 03:14:00,17.5,0.0,0.0,0.0,125.0,0.0,,30.0,17.5,0.0
2026-02-26 03:15:00,17.5,0.0,0.0,0.0,125.0,0.0,,30.0,17.5,0.0
2026-02-26 03:16:00,17.5,0.0,0.0,0.0,125.0,0.0,,30.0,17.5,0.0
2026-02-26 03:17:00,17.5,0.0,0.0,0.0,125.0,0.0,,30.0,17.5,0.0
2026-02-26 03:18:00,17.5,0.0,0.0,0.0,125.0,0.0,,30.0,17.5,0.0
2026-02-26 03:19:00,17.5,0.0,0.0,0.0,125.0,0.0,,30.0,17.5,0.0
2026-02-26 03:20:00,17.5,0.0,0.0,0.0,125.0,0.0,,30.0,17.5,0.0
2026-02-26 03:21:00,17.5,0.0,0.0,0.0,125.0,0.0,,30.0,17.5,0.0
2026-02-26 03:22:00,17.5,0.0,0.0,0.0,125.0,0.0,,30.0,17.5,0.0
2026-02-26 03:23:00,17.5,0.0,0.0,0.0,125.0,0.0,,30.0,17.5,0.0
2026-02-26 03:24:00,17.5,0.0,0.0,0.0,125.0,0.0,,30.0,17.5,0.0
2026-02-26 03:25:00,17.5,0.0,0.0,0.0,125.0,0.0,,30.0,17.5,0.0
2026-02-26 03:26:00,17.5,0.0,0.0,0.0,125.0,0.0,,30.0,17.5,0.0
2026-02-26 03:27:00,17.5,0.0,0.0,0.0,125.0,0.0,,30.0,17.5,0.0
2026-02-26 03:28:00,17.5,0.0,0.0,0.0,125.0,0.0,,30.0,17.5,0.0
2026-02-26 03:29:00,17.5,0.0,0.0,0.0,125.0,0.0,,30.0,17.5,0.0
2026-02-26 03:30:00,17.5,0.0,0.0,0.0,125.0,0.0,,30.0,17.5,0.0
2026-02-26 03:31:00,17.5,0.0,0.0,0.0,125.0,0.0,,30.0,17.5,0.0
2026-02-26 03:32:00,17.5,0.0,0.0,0.0,125.0,0.0,,30.0,17.5,0.0
2026-02-26 03:33:00,17.5,0.0,0.0,0.0,125.0,0.0,,30.0,17.5,0.0
2026-02-26 03:34:00,17.5,0.0,0.0,0.0,125.0,0.0,,30.0,17.5,0.0
2026-02-26 03:35:00,17.5,0.0,0.0,0.0,125.0,0.0,,30.0,17.5,0.0
2026-02-26 03:36:00,17.5,0.0,0.0,0.0,125.0,0.0,,30.0,17.5,0.0
2026-02-26 03:37:00,17.5,0.0,0.0,0.0,125.0,0.0,,30.0,17.5,0.0
2026-02-26 03:38:00,17.5,0.0,0.0,0.0,125.0,0.0,,30.0,17.5,0.0
2026-02-26 03:39:00,17.5,0.0,0.0,0.0,125.0,0.0,,30.0,17.5,0.0
2026-02-26 03:40:00,17.5,0.0,0.0,0.0,125.0,0.0,,30.0,17.5,0.0
2026-02-26 03:41:00,17.5,0.0,0.0,0.0,125.0,0.0,,30.0,17.5,0.0
2026-02-26 03:42:00,17.5,0.0,0.0,0.0,125.0,0.0,,30.0,17.5,0.0
2026-02-26 03:43:00,17.5,0.0,0.0,0.0,125.0,0.0,,30.0,17.5,0.0
2026-02-26 03:44:00,17.5,0.0,0.0,0.0,125.0,0.0,,30.0,17.5,0.0
2026-02-26 03:45:00,17.5,0.0,0.0,0.0,125.0,0.0,,30.0,17.5,0.0
2026-02-26 03:46:00,17.5,0.0,0.0,0.0,125.0,0.0,,30.0,17.5,0.0
2026-02-26 03:47:00,17.5,0.0,0.0,0.0,125.0,0.0,,30.0,17.5,0.0
2026-02-26 03:48:00,17.5,0.0,0.0,0.0,125.0,0.0,,30.0,17.5,0.0
2026-02-26 03:49:00,17.501,0.0,0.0,0.0,125.0,0.0,,30.0,17.501,0.0
2026-02-26 03:50:00,17.501,0.0,0.0,0.0,125.0,0.0,,30.0,17.501,0.0
2026-02-26 03:51:00,17.501,0.0,0.0,0.0,125.0,0.0,,30.0,17.501,0.0
2026-02-26 03:52:00,17.501,0.0,0.0,0.0,125.0,0.0,,30.0,17.501,0.0
2026-02-26 03:53:00,17.501,0.0,0.0,0.0,125.0,0.0,,30.0,17.501,0.0
2026-02-26 03:54:00,17.501,0.0,0.0,0.0,125.0,0.0,,30.0,17.501,0.0
2026-02-26 03:55:00,17.501,0.0,0.0,0.0,125.0,0.0,,30.0,17.501,0.0
2026-02-26 03:56:00,17.501,0.0,0.0,0.0,125.0,0.0,,30.0,17.501,0.0
2026-02-26 03:57:00,17.501,0.0,0.0,0.0,125.0,0.0,,30.0,17.501,0.0
2026-02-26 03:58:00,17.501,0.0,0.0,0.0,125.0,0.0,,30.0,17.501,0.0
2026-02-26 03:59:00,17.501,0.0,0.0,0.0,125.0,0.0,,30.0,17.501,0.0
2026-02-26 04:00:00,17.501,0.0,0.0,0.0,125.0,0.0,,30.0,17.501,0.0
2026-02-26 04:01:00,17.501,0.0,0.0,0.0,125.0,0.0,,30.0,17.501,0.0
2026-02-26 04:02:00,17.501,0.0,0.0,0.0,125.0,0.0,,30.0,17.501,0.0
2026-02-26 04:03:00,17.501,0.0,0.0,0.0,125.0,0.0,,30.0,17.501,0.0
2026-02-26 04:04:00,17.501,0.0,0.0,0.0,125.0,0.0,,30.0,17.501,0.0
2026-02-26 04:05:00,17.501,0.0,0.0,0.0,125.0,0.0,,30.0,17.501,0.0
2026-02-26 04:06:00,17.502,0.0,0.0,0.0,125.0,0.0,,30.0,17.502,0.0
2026-02-26 04:07:00,17.502,0.0,0.0,0.0,125.0,0.0,,30.0,17.502,0.0
2026-02-26 04:08:00,17.502,0.0,0.0,0.0,125.0,0.0,,30.0,17.502,0.0
2026-02-26 04:09:00,17.502,0.0,0.0,0.0,125.0,0.0,,30.0,17.502,0.0
2026-02-26 04:10:00,17.502,0.0,0.0,0.0,125.0,0.0,,30.0,17.502,0.0
2026-02-26 04:11:00,17.502,0.0,0.0,0.0,125.0,0.0,,30.0,17.502,0.0
2026-02-26 04:12:00,17.502,0.0,0.0,0.0,125.0,0.0,,30.0,17.502,0.0
2026-02-26 04:13:00,17.502,0.0,0.0,0.0,125.0,0.0,,30.0,17.502,0.0
2026-02-26 04:14:00,17.503,0.0,0.0,0.0,125.0,0.0,,30.0,17.503,0.0
2026-02-26 04:15:00,17.503,0.0,0.0,0.0,125.0,0.0,,30.0,17.503,0.0
2026-02-26 04:16:00,17.503,0.0,0.0,0.0,125.0,0.0,,30.0,17.503,0.0
2026-02-26 04:17:00,17.503,0.0,0.0,0.0,125.0,0.0,,30.0,17.503,0.0
2026-02-26 04:18:00,17.503,0.0,0.0,0.0,125.0,0.0,,30.0,17.503,0.0
2026-02-26 04:19:00,17.503,0.0,0.0,0.0,125.0,0.0,,30.0,17.503,0.0
2026-02-26 04:20:00,17.504,0.0,0.0,0.0,125.0,0.0,,30.0,17.504,0.0
2026-02-26 04:21:00,17.504,0.0,0.0,0.0,125.0,0.0,,30.0,17.504,0.0
2026-02-26 04:22:00,17.504,0.0,0.0,0.0,125.0,0.0,,30.0,17.504,0.0
2026-02-26 04:23:00,17.504,0.0,0.0,0.0,125.0,0.0,,30.0,17.504,0.0
2026-02-26 04:24:00,17.505,0.0,0.0,0.0,125.0,0.0,,30.0,17.505,0.0
2026-02-26 04:25:00,17.505,0.0,0.0,0.0,125.0,0.0,,30.0,17.505,0.0
2026-02-26 04:26:00,17.505,0.0,0.0,0.0,125.0,0.0,,30.0,17.505,0.0
2026-02-26 04:27:00,17.505,0.0,0.0,0.0,125.0,0.0,,30.0,17.505,0.0
2026-02-26 04:28:00,17.506,0.0,0.0,0.0,125.0,0.0,,30.0,17.506,0.0
2026-02-26 04:29:00,17.506,0.0,0.0,0.0,125.0,0.0,,30.0,17.506,0.0
2026-02-26 04:30:00,17.507,0.0,0.0,0.0,125.0,0.0,,30.0,17.507,0.0
2026-02-26 04:31:00,17.507,0.0,0.0,0.0,125.0,0.0,,30.0,17.507,0.0
2026-02-26 04:32:00,17.507,0.0,0.0,0.0,125.0,0.0,,30.0,17.507,0.0
2026-02-26 04:33:00,17.508,0.0,0.0,0.0,125.0,0.0,,30.0,17.508,0.0
2026-02-26 04:34:00,17.508,0.0,0.0,0.0,125.0,0.0,,30.0,17.508,0.0
2026-02-26 04:35:00,17.509,0.0,0.0,0.0,125.0,0.0,,30.0,17.509,0.0
2026-02-26 04:36:00,17.509,0.0,0.0,0.0,125.0,0.0,,30.0,17.509,0.0
2026-02-26 04:37:00,17.51,0.0,0.0,0.0,125.0,0.0,,30.0,17.51,0.0
2026-02-26 04:38:00,17.51,0.0,0.0,0.0,125.0,0.0,,30.0,17.51,0.0
2026-02-26 04:39:00,17.511,0.0,0.0,0.0,125.0,0.0,,30.0,17.511,0.0
2026-02-26 04:40:00,17.512,0.0,0.0,0.0,125.0,0.0,,30.0,17.512,0.0
2026-02-26 04:41:00,17.512,0.0,0.0,0.0,125.0,0.0,,30.0,17.512,0.0
2026-02-26 04:42:00,17.513,0.0,0.0,0.0,125.0,0.0,,30.0,17.513,0.0
2026-02-26 04:43:00,17.514,0.0,0.0,0.0,125.0,0.0,,30.0,17.514,0.0
2026-02-26 04:44:00,17.514,0.0,0.0,0.0,125.0,0.0,,30.0,17.514,0.0
2026-02-26 04:45:00,17.515,0.0,0.0,0.0,125.0,0.0,,30.0,17.515,0.0
2026-02-26 04:46:00,17.516,0.0,0.0,0.0,125.0,0.0,,30.0,17.516,0.0
2026-02-26 04:47:00,17.517,0.0,0.0,0.0,125.0,0.0,,30.0,17.517,0.0
2026-02-26 04:48:00,17.518,0.0,0.0,0.0,125.0,0.0,,30.0,17.518,0.0
2026-02-26 04:49:00,17.519,0.0,0.0,0.0,125.0,0.0,,30.0,17.519,0.0
2026-02-26 04:50:00,17.52,0.0,0.0,0.0,125.0,0.0,,30.0,17.52,0.0
2026-02-26 04:51:00,17.521,0.0,0.0,0.0,125.0,0.0,,30.0,17.521,0.0
2026-02-26 04:52:00,17.522,0.0,0.0,0.0,125.0,0.0,,30.0,17.522,0.0
2026-02-26 04:53:00,17.524,0.0,0.0,0.0,125.0,0.0,,30.0,17.524,0.0
2026-02-26 04:54:00,17.525,0.0,0.0,0.0,125.0,0.0,,30.0,17.525,0.0
2026-02-26 04:55:00,17.526,0.0,0.0,0.0,125.0,0.0,,30.0,17.526,0.0
2026-02-26 04:56:00,17.528,0.0,0.0,0.0,125.0,0.0,,30.0,17.528,0.0
2026-02-26 04:57:00,17.529,0.0,0.0,0.0,125.0,0.0,,30.0,17.529,0.0
2026-02-26 04:58:00,17.531,0.0,0.0,0.0,125.0,0.0,,30.0,17.531,0.0
2026-02-26 04:59:00,17.532,0.0,0.0,0.0,125.0,0.0,,30.0,17.532,0.0
2026-02-26 05:00:00,17.534,0.0,0.0,0.0,125.0,0.0,,30.0,17.534,0.0
2026-02-26 05:01:00,17.536,0.0,0.0,0.0,125.0,0.0,,30.0,17.536,0.0
2026-02-26 05:02:00,17.538,0.0,0.0,0.0,125.0,0.0,,30.0,17.538,0.0
2026-02-26 05:03:00,17.54,0.0,0.0,0.0,125.0,0.0,,30.0,17.54,0.0
2026-02-26 05:04:00,17.542,0.0,0.0,0.0,125.0,0.0,,30.0,17.542,0.0
2026-02-26 05:05:00,17.544,0.0,0.0,0.0,125.0,0.0,,30.0,17.544,0.0
2026-02-26 05:06:00,17.546,0.0,0.0,0.0,125.0,0.0,,30.0,17.546,0.0
2026-02-26 05:07:00,17.549,0.0,0.0,0.0,125.0,0.0,,30.0,17.549,0.0
2026-02-26 05:08:00,17.551,0.0,0.0,0.0,125.0,0.0,,30.0,17.551,0.0
2026-02-26 05:09:00,17.554,0.0,0.0,0.0,125.0,0.0,,30.0,17.554,0.0
2026-02-26 05:10:00,17.557,0.0,0.0,0.0,125.0,0.0,,30.0,17.557,0.0
2026-02-26 05:11:00,17.56,0.0,0.0,0.0,125.0,0.0,,30.0,17.56,0.0
2026-02-26 05:12:00,17.563,0.0,0.0,0.0,125.0,0.0,,30.0,17.563,0.0
2026-02-26 05:13:00,17.566,0.0,0.0,0.0,125.0,0.0,,30.0,17.566,0.0
2026-02-26 05:14:00,17.569,0.0,0.0,0.0,125.0,0.0,,30.0,17.569,0.0
2026-02-26 05:15:00,17.573,0.0,0.0,0.0,125.0,0.0,,30.0,17.573,0.0
2026-02-26 05:16:00,17.576,0.0,0.0,0.0,125.0,0.0,,30.0,17.576,0.0
2026-02-26 05:17:00,17.58,0.0,0.0,0.0,125.0,0.0,,30.0,17.58,0.0
2026-02-26 05:18:00,17.584,0.0,0.0,0.0,125.0,0.0,,30.0,17.584,0.0
2026-02-26 05:19:00,17.588,0.0,0.0,0.0,125.0,0.0,,30.0,17.588,0.0
2026-02-26 05:20:00,17.593,0.0,0.0,0.0,125.0,0.0,,30.0,17.593,0.0
2026-02-26 05:21:00,17.597,0.0,0.0,0.0,125.0,0.0,,30.0,17.597,0.0
2026-02-26 05:22:00,17.602,0.0,0.0,0.0,125.0,0.0,,30.0,17.602,0.0
2026-02-26 05:23:00,17.607,0.0,0.0,0.0,125.0,0.0,,30.0,17.607,0.0
2026-02-26 05:24:00,17.612,0.0,0.0,0.0,125.0,0.0,,30.0,17.612,0.0
2026-02-26 05:25:00,17.618,0.0,0.0,0.0,125.0,0.0,,30.0,17.618,0.0
2026-02-26 05:26:00,17.623,0.0,0.0,0.0,125.0,0.0,,30.0,17.623,0.0
2026-02-26 05:27:00,17.629,0.0,0.0,0.0,125.0,0.0,,30.0,17.629,0.0
2026-02-26 05:28:00,17.636,0.0,0.0,0.0,125.0,0.0,,30.0,17.636,0.0
2026-02-26 05:29:00,17.642,0.0,0.0,0.0,125.0,0.0,,30.0,17.642,0.0
2026-02-26 05:30:00,17.649,0.0,0.0,0.0,125.0,0.0,,30.0,17.649,0.0
2026-02-26 05:31:00,17.656,0.0,0.0,0.0,125.0,0.0,,30.0,17.656,0.0
2026-02-26 05:32:00,17.663,0.0,0.0,0.0,125.0,0.0,,30.0,17.663,0.0
2026-02-26 05:33:00,17.671,0.0,0.0,0.0,125.0,0.0,,30.0,17.671,0.0
2026-02-26 05:34:00,17.679,0.0,0.0,0.0,125.0,0.0,,30.0,17.679,0.0
2026-02-26 05:35:00,17.687,0.0,0.0,0.0,125.0,0.0,,30.0,17.687,0.0
2026-02-26 05:36:00,17.696,0.0,0.0,0.0,125.0,0.0,,30.0,17.696,0.0
2026-02-26 05:37:00,17.705,0.0,0.0,0.0,125.0,0.0,,30.0,17.705,0.0
2026-02-26 05:38:00,17.714,0.0,0.0,0.0,125.0,0.0,,30.0,17.714,0.0
2026-02-26 05:39:00,17.724,0.0,0.0,0.0,125.0,0.0,,30.0,17.724,0.0
2026-02-26 05:40:00,17.734,0.0,0.0,0.0,125.0,0.0,,30.0,17.734,0.0
2026-02-26 05:41:00,17.745,0.0,0.0,0.0,125.0,0.0,,30.0,17.745,0.0
2026-02-26 05:42:00,17.756,0.0,0.0,0.0,125.0,0.0,,30.0,17.756,0.0
2026-02-26 05:43:00,17.767,0.0,0.0,0.0,125.0,0.0,,30.0,17.767,0.0
2026-02-26 05:44:00,17.779,0.0,0.0,0.0,125.0,0.0,,30.0,17.779,0.0
2026-02-26 05:45:00,17.792,0.0,0.0,0.0,125.0,0.0,,30.0,17.792,0.0
2026-02-26 05:46:00,17.805,0.0,0.0,0.0,125.0,0.0,,30.0,17.805,0.0
2026-02-26 05:47:00,17.818,0.0,0.0,0.0,125.0,0.0,,30.0,17.818,0.0
2026-02-26 05:48:00,17.832,0.0,0.0,0.0,125.0,0.0,,30.0,17.832,0.0
2026-02-26 05:49:00,17.846,0.0,0.0,0.0,125.0,0.0,,30.0,17.846,0.0
2026-02-26 05:50:00,17.861,0.0,0.0,0.0,125.0,0.0,,30.0,17.861,0.0
2026-02-26 05:51:00,17.877,0.0,0.0,0.0,125.0,0.0,,30.0,17.877,0.0
2026-02-26 05:52:00,17.893,0.0,0.0,0.0,125.0,0.0,,30.0,17.893,0.0
2026-02-26 05:53:00,17.91,0.0,0.0,0.0,125.0,0.0,,30.0,17.91,0.0
2026-02-26 05:54:00,17.928,0.0,0.0,0.0,125.0,0.0,,30.0,17.928,0.0
2026-02-26 05:55:00,17.946,0.0,0.0,0.0,125.0,0.0,,30.0,17.946,0.0
2026-02-26 05:56:00,17.965,0.0,0.0,0.0,125.0,0.0,,30.0,17.965,0.0
2026-02-26 05:57:00,17.984,0.0,0.0,0.0,125.0,0.0,,30.0,17.984,0.0
2026-02-26 05:58:00,18.004,0.0,0.0,0.0,125.0,0.0,,30.0,18.004,0.0
2026-02-26 05:59:00,18.025,0.0,0.0,0.0,125.0,0.0,,30.0,18.025,0.0
2026-02-26 06:00:00,18.047,0.0,0.0,0.0,125.0,0.0,,30.0,18.047,0.0
2026-02-26 06:01:00,18.07,0.0,1.091,1.091,125.0,0.0,,30.0,16.979,1.091
2026-02-26 06:02:00,18.093,0.0,2.182,2.182,125.0,0.0,,30.0,15.912,2.182
2026-02-26 06:03:00,18.117,0.0,3.272,3.272,125.0,0.0,,30.0,14.845,3.272
2026-02-26 06:04:00,18.143,0.0,4.363,4.363,125.0,0.0,,30.0,13.779,4.363
2026-02-26 06:05:00,18.169,0.0,5.454,5.454,125.0,0.0,,30.0,12.715,5.454
2026-02-26 06:06:00,18.195,0.0,6.544,6.544,125.0,0.0,,30.0,11.651,6.544
2026-02-26 06:07:00,18.223,0.0,7.635,7.635,125.0,0.0,,30.0,10.589,7.635
2026-02-26 06:08:00,18.252,0.0,8.725,8.725,125.0,0.0,,30.0,9.527,8.725
2026-02-26 06:09:00,18.282,0.0,9.815,9.815,125.0,0.0,,30.0,8.467,9.815
2026-02-26 06:10:00,18.313,0.0,10.905,10.905,125.0,0.0,,30.0,7.408,10.905
2026-02-26 06:11:00,18.345,0.0,11.995,11.995,125.0,0.0,,30.0,6.35,11.995
2026-02-26 06:12:00,18.378,0.0,13.084,13.084,125.0,0.0,,30.0,5.294,13.084
2026-02-26 06:13:00,18.412,0.0,14.173,14.173,125.0,0.0,,30.0,4.238,14.173
2026-02-26 06:14:00,18.447,0.0,15.262,15.262,125.0,0.0,,30.0,3.185,15.262
2026-02-26 06:15:00,18.483,0.0,16.351,16.351,125.0,0.0,,30.0,2.132,16.351
2026-02-26 06:16:00,18.521,0.0,17.439,17.439,125.0,0.0,,30.0,1.082,17.439
2026-02-26 06:17:00,18.56,0.0,18.527,18.527,125.0,0.0,,30.0,0.033,18.527
2026-02-26 06:18:00,18.6,0.0,19.615,19.615,125.0,0.0,,30.0,-1.015,19.615
2026-02-26 06:19:00,18.641,0.0,20.702,20.702,125.0,0.0,,30.0,-2.061,20.702
2026-02-26 06:20:00,18.684,0.0,21.789,21.789,125.0,0.0,,30.0,-3.105,21.789
2026-02-26 06:21:00,18.728,0.0,22.875,22.875,125.0,0.0,,30.0,-4.147,22.875
2026-02-26 06:22:00,18.773,0.0,23.961,23.961,125.0,0.0,,30.0,-5.188,23.961
2026-02-26 06:23:00,18.82,0.0,25.047,25.047,125.0,0.0,,30.0,-6.227,25.047
2026-02-26 06:24:00,18.869,0.0,26.132,26.132,125.0,0.0,,30.0,-7.263,26.132
2026-02-26 06:25:00,18.919,0.0,27.217,27.217,125.0,0.0,,30.0,-8.298,27.217
2026-02-26 06:26:00,18.97,0.0,28.301,28.301,125.0,0.0,,30.0,-9.331,28.301
2026-02-26 06:27:00,19.023,0.0,29.384,29.384,125.0,0.0,,30.0,-10.361,29.384
2026-02-26 06:28:00,19.077,0.0,30.467,30.467,125.0,0.0,,30.0,-11.39,30.467
2026-02-26 06:29:00,19.134,0.0,31.55,31.55,125.0,0.0,,30.0,-12.416,31.55
2026-02-26 06:30:00,19.192,0.0,32.632,32.632,125.0,0.0,,30.0,-13.44,32.632
2026-02-26 06:31:00,19.251,0.0,33.713,33.713,125.0,0.0,,30.0,-14.462,33.713
2026-02-26 06:32:00,19.313,0.0,34.793,34.793,125.0,0.0,,30.0,-15.481,34.793
2026-02-26 06:33:00,19.376,0.0,35.873,35.873,125.0,0.0,,30.0,-16.498,35.873
2026-02-26 06:34:00,19.441,0.0,36.952,36.952,125.0,0.0,,30.0,-17.512,36.952
2026-02-26 06:35:00,19.507,0.0,38.031,38.031,125.0,0.0,,30.0,-18.523,38.031
2026-02-26 06:36:00,19.576,0.0,39.109,39.109,125.0,0.0,,30.0,-19.532,39.109
2026-02-26 06:37:00,19.647,0.0,39.647,39.647,125.0,-0.539,,30.0,-20.0,40.186
2026-02-26 06:38:00,19.719,0.0,39.719,39.719,125.0,-1.542,,30.02,-20.0,41.262
2026-02-26 06:39:00,19.794,0.0,39.794,39.794,125.0,-2.543,,30.04,-20.0,42.337
2026-02-26 06:40:00,19.871,0.0,39.871,39.871,125.0,-3.541,,30.07,-20.0,43.412
2026-02-26 06:41:00,19.95,0.0,39.95,39.95,125.0,-4.536,,30.11,-20.0,44.486
2026-02-26 06:42:00,20.031,0.0,40.031,40.031,125.0,-5.528,,30.15,-20.0,45.559
2026-02-26 06:43:00,20.114,0.0,40.114,40.114,125.0,-6.517,,30.21,-20.0,46.631
2026-02-26 06:44:00,20.199,0.0,40.199,40.199,125.0,-7.503,,30.27,-20.0,47.702
2026-02-26 06:45:00,20.287,0.0,40.287,40.287,125.0,-8.486,,30.34,-20.0,48.773
2026-02-26 06:46:00,20.376,0.0,40.376,40.376,125.0,-9.466,,30.42,-20.0,49.842
2026-02-26 06:47:00,20.469,0.0,40.469,40.469,125.0,-10.442,,30.51,-20.0,50.91
2026-02-26 06:48:00,20.563,0.0,40.563,40.563,125.0,-11.415,,30.6,-20.0,51.978
2026-02-26 06:49:00,20.66,0.0,40.66,40.66,125.0,-12.384,,30.7,-20.0,53.044
2026-02-26 06:50:00,20.759,0.0,40.759,40.759,125.0,-13.351,,30.81,-20.0,54.11
2026-02-26 06:51:00,20.861,0.0,40.861,40.861,125.0,-14.313,,30.93,-20.0,55.174
2026-02-26 06:52:00,20.966,0.0,40.966,40.966,125.0,-15.272,,31.06,-20.0,56.238
2026-02-26 06:53:00,21.072,0.0,41.072,41.072,125.0,-16.228,,31.2,-20.0,57.3
2026-02-26 06:54:00,21.182,0.0,41.182,41.182,125.0,-17.179,,31.34,-20.0,58.361
2026-02-26 06:55:00,21.294,0.0,41.294,41.294,125.0,-18.127,,31.49,-20.0,59.421
2026-02-26 06:56:00,21.409,0.0,41.409,41.409,125.0,-19.072,,31.65,-20.0,60.48
2026-02-26 06:57:00,21.526,0.0,41.526,41.526,125.0,-20.012,,31.82,-20.0,61.538
2026-02-26 06:58:00,21.646,0.0,41.646,41.646,125.0,-20.949,,31.99,-20.0,62.595
2026-02-26 06:59:00,21.769,0.0,41.769,41.769,125.0,-21.881,,32.17,-20.0,63.65
2026-02-26 07:00:00,21.895,0.0,41.895,41.895,125.0,-22.81,,32.36,-20.0,64.705
2026-02-26 07:01:00,22.024,0.0,42.024,42.024,125.0,-23.734,,32.56,-20.0,65.758
2026-02-26 07:02:00,22.155,0.0,42.155,42.155,125.0,-24.654,,32.77,-20.0,66.81
2026-02-26 07:03:00,22.29,0.0,42.29,42.29,125.0,-25.57,,32.98,-20.0,67.86
2026-02-26 07:04:00,22.427,0.0,42.427,42.427,125.0,-26.482,,33.2,-20.0,68.909
2026-02-26 07:05:00,22.567,0.0,42.567,42.567,125.0,-27.39,,33.43,-20.0,69.957
2026-02-26 07:06:00,22.71,0.0,42.71,42.71,125.0,-28.293,,33.66,-20.0,71.004
2026-02-26 07:07:00,22.857,0.0,42.857,42.857,125.0,-29.192,,33.91,-20.0,72.049
2026-02-26 07:08:00,23.006,0.0,43.006,43.006,125.0,-30.087,,34.16,-20.0,73.093
2026-02-26 07:09:00,23.158,0.0,43.158,43.158,125.0,-30.977,,34.42,-20.0,74.135
2026-02-26 07:10:00,23.314,0.0,43.314,43.314,125.0,-31.863,,34.68,-20.0,75.176
2026-02-26 07:11:00,23.472,0.0,43.472,43.472,125.0,-32.744,,34.96,-20.0,76.216
2026-02-26 07:12:00,23.634,0.0,43.634,43.634,125.0,-33.62,,35.24,-20.0,77.254
2026-02-26 07:13:00,23.799,0.0,43.799,43.799,125.0,-34.492,,35.52,-20.0,78.291
2026-02-26 07:14:00,23.967,0.0,43.967,43.967,125.0,-35.359,,35.82,-20.0,79.326
2026-02-26 07:15:00,24.138,0.0,44.138,44.138,125.0,-36.222,,36.12,-20.0,80.36
2026-02-26 07:16:00,24.313,0.0,44.313,44.313,125.0,-37.079,,36.43,-20.0,81.392
2026-02-26 07:17:00,24.49,0.0,44.49,44.49,125.0,-37.932,,36.74,-20.0,82.423
2026-02-26 07:18:00,24.671,0.0,44.671,44.671,125.0,-38.78,,37.07,-20.0,83.452
2026-02-26 07:19:00,24.856,0.0,44.856,44.856,125.0,-39.624,,37.4,-20.0,84.479
2026-02-26 07:20:00,25.043,0.0,45.043,45.043,125.0,-40.462,,37.73,-20.0,85.505
2026-02-26 07:21:00,25.234,0.0,45.234,45.234,125.0,-41.295,,38.08,-20.0,86.529
2026-02-26 07:22:00,25.428,0.0,45.428,45.428,125.0,-42.124,,38.43,-20.0,87.552
2026-02-26 07:23:00,25.625,0.0,45.625,45.625,125.0,-42.947,,38.79,-20.0,88.573
2026-02-26 07:24:00,25.826,0.0,45.826,45.826,125.0,-43.766,,39.15,-20.0,89.592
2026-02-26 07:25:00,26.03,0.0,46.03,46.03,125.0,-44.579,,39.52,-20.0,90.61
2026-02-26 07:26:00,26.238,0.0,46.238,46.238,125.0,-45.388,,39.9,-20.0,91.625
2026-02-26 07:27:00,26.448,0.0,46.448,46.448,125.0,-46.191,,40.29,-20.0,92.639
2026-02-26 07:28:00,26.662,0.0,46.662,46.662,125.0,-46.989,,40.68,-20.0,93.652
2026-02-26 07:29:00,26.879,0.0,46.879,46.879,125.0,-47.783,,41.08,-20.0,94.662
2026-02-26 07:30:00,27.1,0.0,47.1,47.1,125.0,-48.571,,41.48,-20.0,95.671
2026-02-26 07:31:00,27.324,0.0,47.324,47.324,125.0,-49.354,,41.89,-20.0,96.678
2026-02-26 07:32:00,27.551,0.0,47.551,47.551,125.0,-50.132,,42.31,-20.0,97.683
2026-02-26 07:33:00,27.781,0.0,47.781,47.781,125.0,-50.904,,42.74,-20.0,98.686
2026-02-26 07:34:00,28.015,0.0,48.015,48.015,125.0,-51.672,,43.17,-20.0,99.687
2026-02-26 07:35:00,28.252,0.0,48.252,48.252,125.0,-52.435,,43.6,-20.0,100.687
2026-02-26 07:36:00,28.492,0.0,48.492,48.492,125.0,-53.192,,44.05,-20.0,101.684
2026-02-26 07:37:00,28.736,0.0,48.736,48.736,125.0,-53.944,,44.5,-20.0,102.68
2026-02-26 07:38:00,28.982,0.0,48.982,48.982,125.0,-54.691,,44.95,-20.0,103.673
2026-02-26 07:39:00,29.232,0.0,49.232,49.232,125.0,-55.433,,45.41,-20.0,104.665
2026-02-26 07:40:00,29.484,0.0,49.484,49.484,125.0,-56.17,,45.88,-20.0,105.655
2026-02-26 07:41:00,29.74,0.0,49.74,49.74,125.0,-56.902,,46.36,-20.0,106.642
2026-02-26 07:42:00,29.999,0.0,49.999,49.999,125.0,-57.629,,46.84,-20.0,107.628
2026-02-26 07:43:00,30.261,0.0,50.261,50.261,125.0,-58.35,,47.32,-20.0,108.611
2026-02-26 07:44:00,30.526,0.0,50.526,50.526,125.0,-59.067,,47.81,-20.0,109.593
2026-02-26 07:45:00,30.794,0.0,50.794,50.794,125.0,-59.778,,48.31,-20.0,110.572
2026-02-26 07:46:00,31.064,0.0,51.064,51.064,125.0,-60.485,,48.82,-20.0,111.549
2026-02-26 07:47:00,31.338,0.0,51.338,51.338,125.0,-61.187,,49.33,-20.0,112.525
2026-02-26 07:48:00,31.614,0.0,51.614,51.614,125.0,-61.883,,49.84,-20.0,113.498
2026-02-26 07:49:00,31.893,0.0,51.893,51.893,125.0,-62.575,,50.36,-20.0,114.468
2026-02-26 07:50:00,32.175,0.0,52.175,52.175,125.0,-63.262,,50.89,-20.0,115.437
2026-02-26 07:51:00,32.459,0.0,52.459,52.459,125.0,-63.944,,51.42,-20.0,116.404
2026-02-26 07:52:00,32.746,0.0,52.746,52.746,125.0,-64.621,,51.96,-20.0,117.368
2026-02-26 07:53:00,33.036,0.0,53.036,53.036,125.0,-65.294,,52.51,-20.0,118.33
2026-02-26 07:54:00,33.328,0.0,53.328,53.328,125.0,-65.962,,53.06,-20.0,119.29
2026-02-26 07:55:00,33.622,0.0,53.622,53.622,125.0,-66.625,,53.61,-20.0,120.247
2026-02-26 07:56:00,33.919,0.0,53.919,53.919,125.0,-67.284,,54.17,-20.0,121.202
2026-02-26 07:57:00,34.218,0.0,54.218,54.218,125.0,-67.938,,54.74,-20.0,122.155
2026-02-26 07:58:00,34.518,0.0,54.518,54.518,125.0,-68.587,,55.31,-20.0,123.106
2026-02-26 07:59:00,34.822,0.0,54.822,54.822,125.0,-69.233,,55.89,-20.0,124.054
2026-02-26 08:00:00,35.127,-10.0,55.127,55.127,125.0,-69.873,,56.47,-20.0,125.0
2026-02-26 08:01:00,35.434,-10.0,55.434,55.434,125.0,-70.51,,57.06,-20.0,125.943
2026-02-26 08:02:00,35.742,-10.0,55.742,55.742,125.0,-71.142,,57.65,-20.0,126.885
2026-02-26 08:03:00,36.053,-10.0,56.053,56.053,125.0,-71.77,,58.25,-20.0,127.823
2026-02-26 08:04:00,36.365,-10.0,56.365,56.365,125.0,-72.394,,58.85,-20.0,128.76
2026-02-26 08:05:00,36.679,-10.0,56.679,56.679,125.0,-73.015,,59.46,-20.0,129.693
2026-02-26 08:06:00,36.994,-10.0,56.994,56.994,125.0,-73.631,,60.07,-20.0,130.625
2026-02-26 08:07:00,37.31,-10.0,57.31,57.31,125.0,-74.243,,60.69,-20.0,131.553
2026-02-26 08:08:00,37.628,-10.0,57.628,57.628,125.0,-74.852,,61.31,-20.0,132.48
2026-02-26 08:09:00,37.947,-10.0,57.947,57.947,125.0,-75.456,,61.94,-20.0,133.404
2026-02-26 08:10:00,38.267,-10.0,58.267,58.267,125.0,-76.058,,62.58,-20.0,134.325
2026-02-26 08:11:00,38.588,-10.0,58.588,58.588,125.0,-76.655,,63.22,-20.0,135.244
2026-02-26 08:12:00,38.91,-10.0,58.91,58.91,125.0,-77.25,,63.86,-20.0,136.16
2026-02-26 08:13:00,39.232,-10.0,59.232,59.232,125.0,-77.841,,64.51,-20.0,137.073
2026-02-26 08:14:00,39.555,-10.0,59.555,59.555,125.0,-78.429,,65.16,-20.0,137.984
2026-02-26 08:15:00,39.879,-10.0,59.879,59.879,125.0,-79.014,,65.82,-20.0,138.893
2026-02-26 08:16:00,40.203,-10.0,60.203,60.203,125.0,-79.595,,66.48,-20.0,139.798
2026-02-26 08:17:00,40.527,-10.0,60.527,60.527,125.0,-80.174,,67.15,-20.0,140.701
2026-02-26 08:18:00,40.851,-10.0,60.851,60.851,125.0,-80.75,,67.83,-20.0,141.602
2026-02-26 08:19:00,41.176,-10.0,61.176,61.176,125.0,-81.323,,68.5,-20.0,142.499
2026-02-26 08:20:00,41.5,-10.0,61.5,61.5,125.0,-81.894,,69.19,-20.0,143.394
2026-02-26 08:21:00,41.824,-10.0,61.824,61.824,125.0,-82.462,,69.87,-20.0,144.286
2026-02-26 08:22:00,42.147,-10.0,62.147,62.147,125.0,-83.028,,70.56,-20.0,145.176
2026-02-26 08:23:00,42.47,-10.0,62.47,62.47,125.0,-83.592,,71.26,-20.0,146.062
2026-02-26 08:24:00,42.793,-10.0,62.793,62.793,125.0,-84.154,,71.96,-20.0,146.946
2026-02-26 08:25:00,43.114,-10.0,63.114,63.114,125.0,-84.713,,72.67,-20.0,147.827
2026-02-26 08:26:00,43.435,-10.0,63.435,63.435,125.0,-85.271,,73.38,-20.0,148.706
2026-02-26 08:27:00,43.755,-10.0,63.755,63.755,125.0,-85.826,,74.09,-20.0,149.581
2026-02-26 08:28:00,44.073,-10.0,64.073,64.073,125.0,-86.381,,74.81,-20.0,150.454
2026-02-26 08:29:00,44.39,-10.0,64.39,64.39,125.0,-86.933,,75.54,-20.0,151.323
2026-02-26 08:30:00,44.706,-10.0,64.706,64.706,125.0,-87.484,,76.27,-20.0,152.19
2026-02-26 08:31:00,45.02,-10.0,65.02,65.02,125.0,-88.034,,77.0,-20.0,153.054
2026-02-26 08:32:00,45.332,-10.0,65.332,65.332,125.0,-88.583,,77.74,-20.0,153.915
2026-02-26 08:33:00,45.643,-10.0,65.643,65.643,125.0,-89.131,,78.48,-20.0,154.773
2026-02-26 08:34:00,45.951,-10.0,65.951,65.951,125.0,-89.677,,79.23,-20.0,155.629
2026-02-26 08:35:00,46.257,-10.0,66.257,66.257,125.0,-90.223,,79.98,-20.0,156.481
2026-02-26 08:36:00,46.561,-10.0,66.561,66.561,125.0,-90.769,,80.74,-20.0,157.33
2026-02-26 08:37:00,46.863,-10.0,66.863,66.863,125.0,-91.314,,81.5,-20.0,158.176
2026-02-26 08:38:00,47.162,-10.0,67.162,67.162,125.0,-91.858,,82.26,-20.0,159.02
2026-02-26 08:39:00,47.458,-10.0,67.458,67.458,125.0,-92.402,,83.03,-20.0,159.86
2026-02-26 08:40:00,47.751,-10.0,67.751,67.751,125.0,-92.946,,83.81,-20.0,160.697
2026-02-26 08:41:00,48.041,-10.0,68.041,68.041,125.0,-93.49,,84.59,-20.0,161.531
2026-02-26 08:42:00,48.328,-10.0,68.328,68.328,125.0,-94.034,,85.37,-20.0,162.362
2026-02-26 08:43:00,48.612,-10.0,68.612,68.612,125.0,-94.578,,86.16,-20.0,163.19
2026-02-26 08:44:00,48.892,-10.0,68.892,68.892,125.0,-95.122,,86.95,-20.0,164.015
2026-02-26 08:45:00,49.169,-10.0,69.169,69.169,125.0,-95.667,,87.75,-20.0,164.836
2026-02-26 08:46:00,49.442,-10.0,69.442,69.442,125.0,-96.213,,88.55,-20.0,165.655
2026-02-26 08:47:00,49.711,-10.0,69.711,69.711,125.0,-96.759,,89.36,-20.0,166.47
2026-02-26 08:48:00,49.977,-10.0,69.977,69.977,125.0,-97.306,,90.0,-20.0,167.283
2026-02-26 08:49:00,50.238,-10.0,70.238,70.238,125.0,0.0,,90.0,-20.0,70.238
2026-02-26 08:50:00,50.494,-10.0,70.494,70.494,125.0,0.0,,90.0,-20.0,70.494
2026-02-26 08:51:00,50.747,-10.0,70.747,70.747,125.0,0.0,,90.0,-20.0,70.747
2026-02-26 08:52:00,50.995,-10.0,70.995,70.995,125.0,0.0,,90.0,-20.0,70.995
2026-02-26 08:53:00,51.238,-10.0,71.238,71.238,125.0,0.0,,90.0,-20.0,71.238
2026-02-26 08:54:00,51.476,-10.0,71.476,71.476,125.0,0.0,,90.0,-20.0,71.476
2026-02-26 08:55:00,51.71,-10.0,71.71,71.71,125.0,0.0,,90.0,-20.0,71.71
2026-02-26 08:56:00,51.938,-10.0,71.938,71.938,125.0,0.0,,90.0,-20.0,71.938
2026-02-26 08:57:00,52.161,-10.0,72.161,72.161,125.0,0.0,,90.0,-20.0,72.161
2026-02-26 08:58:00,52.379,-10.0,72.379,72.379,125.0,0.0,,90.0,-20.0,72.379
2026-02-26 08:59:00,52.592,-10.0,72.592,72.592,125.0,0.0,,90.0,-20.0,72.592
2026-02-26 09:00:00,52.799,-10.0,72.799,72.799,125.0,0.0,,90.0,-20.0,72.799
2026-02-26 09:01:00,53.0,-10.0,73.0,73.0,125.0,0.0,,90.0,-20.0,73.0
2026-02-26 09:02:00,53.196,-10.0,73.196,73.196,125.0,0.0,,90.0,-20.0,73.196
2026-02-26 09:03:00,53.386,-10.0,73.386,73.386,125.0,0.0,,90.0,-20.0,73.386
2026-02-26 09:04:00,53.57,-10.0,73.57,73.57,125.0,0.0,,90.0,-20.0,73.57
2026-02-26 09:05:00,53.748,-10.0,73.748,73.748,125.0,0.0,,90.0,-20.0,73.748
2026-02-26 09:06:00,53.919,-10.0,73.919,73.919,125.0,0.0,,90.0,-20.0,73.919
2026-02-26 09:07:00,54.085,-10.0,74.085,74.085,125.0,0.0,,90.0,-20.0,74.085
2026-02-26 09:08:00,54.244,-10.0,74.244,74.244,125.0,0.0,,90.0,-20.0,74.244
2026-02-26 09:09:00,54.397,-10.0,74.397,74.397,125.0,0.0,,90.0,-20.0,74.397
2026-02-26 09:10:00,54.543,-10.0,74.543,74.543,125.0,0.0,,90.0,-20.0,74.543
2026-02-26 09:11:00,54.683,-10.0,74.683,74.683,125.0,0.0,,90.0,-20.0,74.683
2026-02-26 09:12:00,54.815,-10.0,74.815,74.815,125.0,0.0,,90.0,-20.0,74.815
2026-02-26 09:13:00,54.942,-10.0,74.942,74.942,125.0,0.0,,90.0,-20.0,74.942
2026-02-26 09:14:00,55.061,-10.0,75.061,75.061,125.0,0.0,,90.0,-20.0,75.061
2026-02-26 09:15:00,55.173,-10.0,75.173,75.173,125.0,0.0,,90.0,-20.0,75.173
2026-02-26 09:16:00,55.279,-10.0,75.279,75.279,125.0,0.0,,90.0,-20.0,75.279
2026-02-26 09:17:00,55.378,-10.0,75.378,75.378,125.0,0.0,,90.0,-20.0,75.378
2026-02-26 09:18:00,55.469,-10.0,75.469,75.469,125.0,0.0,,90.0,-20.0,75.469
2026-02-26 09:19:00,55.553,-10.0,75.553,75.553,125.0,0.0,,90.0,-20.0,75.553
2026-02-26 09:20:00,55.63,-10.0,75.63,75.63,125.0,0.0,,90.0,-20.0,75.63
2026-02-26 09:21:00,55.7,-10.0,75.7,75.7,125.0,0.0,,90.0,-20.0,75.7
2026-02-26 09:22:00,55.763,-10.0,75.763,75.763,125.0,0.0,,90.0,-20.0,75.763
2026-02-26 09:23:00,55.818,-10.0,75.818,75.818,125.0,0.0,,90.0,-20.0,75.818
2026-02-26 09:24:00,55.867,-10.0,75.867,75.867,125.0,0.0,,90.0,-20.0,75.867
2026-02-26 09:25:00,55.907,-10.0,75.907,75.907,125.0,0.0,,90.0,-20.0,75.907
2026-02-26 09:26:00,55.941,-10.0,75.941,75.941,125.0,0.0,,90.0,-20.0,75.941
2026-02-26 09:27:00,55.967,-10.0,75.967,75.967,125.0,0.0,,90.0,-20.0,75.967
2026-02-26 09:28:00,55.985,-10.0,75.985,75.985,125.0,0.0,,90.0,-20.0,75.985
2026-02-26 09:29:00,55.996,-10.0,75.996,75.996,125.0,0.0,,90.0,-20.0,75.996
2026-02-26 09:30:00,56.0,-10.0,76.0,76.0,125.0,0.0,,90.0,-20.0,76.0
2026-02-26 09:31:00,55.996,-10.0,75.996,75.996,125.0,0.0,,90.0,-20.0,75.996
2026-02-26 09:32:00,55.985,-10.0,75.985,75.985,125.0,0.0,,90.0,-20.0,75.985
2026-02-26 09:33:00,55.967,-10.0,75.967,75.967,125.0,0.0,,90.0,-20.0,75.967
2026-02-26 09:34:00,55.941,-10.0,75.941,75.941,125.0,0.0,,90.0,-20.0,75.941
2026-02-26 09:35:00,55.907,-10.0,75.907,75.907,125.0,0.0,,90.0,-20.0,75.907
2026-02-26 09:36:00,55.867,-10.0,75.867,75.867,125.0,0.0,,90.0,-20.0,75.867
2026-02-26 09:37:00,55.818,-10.0,75.818,75.818,125.0,0.0,,90.0,-20.0,75.818
2026-02-26 09:38:00,55.763,-10.0,75.763,75.763,125.0,0.0,,90.0,-20.0,75.763
2026-02-26 09:39:00,55.7,-10.0,75.7,75.7,125.0,0.0,,90.0,-20.0,75.7
2026-02-26 09:40:00,55.63,-10.0,75.63,75.63,125.0,0.0,,90.0,-20.0,75.63
2026-02-26 09:41:00,55.553,-10.0,75.553,75.553,125.0,0.0,,90.0,-20.0,75.553
2026-02-26 09:42:00,55.469,-10.0,75.469,75.469,125.0,0.0,,90.0,-20.0,75.469
2026-02-26 09:43:00,55.378,-10.0,75.378,75.378,125.0,0.0,,90.0,-20.0,75.378
2026-02-26 09:44:00,55.279,-10.0,75.279,75.279,125.0,0.0,,90.0,-20.0,75.279
2026-02-26 09:45:00,55.173,-10.0,75.173,75.173,125.0,0.0,,90.0,-20.0,75.173
2026-02-26 09:46:00,55.061,-10.0,75.061,75.061,125.0,0.0,,90.0,-20.0,75.061
2026-02-26 09:47:00,54.942,-10.0,74.942,74.942,125.0,0.0,,90.0,-20.0,74.942
2026-02-26 09:48:00,54.815,-10.0,74.815,74.815,125.0,0.0,,90.0,-20.0,74.815
2026-02-26 09:49:00,54.683,-10.0,74.683,74.683,125.0,0.0,,90.0,-20.0,74.683
2026-02-26 09:50:00,54.543,-10.0,74.543,74.543,125.0,0.0,,90.0,-20.0,74.543
2026-02-26 09:51:00,54.397,-10.0,74.397,74.397,125.0,0.0,,90.0,-20.0,74.397
2026-02-26 09:52:00,54.244,-10.0,74.244,74.244,125.0,0.0,,90.0,-20.0,74.244
2026-02-26 09:53:00,54.085,-10.0,74.085,74.085,125.0,0.0,,90.0,-20.0,74.085
2026-02-26 09:54:00,53.919,-10.0,73.919,73.919,125.0,0.0,,90.0,-20.0,73.919
2026-02-26 09:55:00,53.748,-10.0,73.748,73.748,125.0,0.0,,90.0,-20.0,73.748
2026-02-26 09:56:00,53.57,-10.0,73.57,73.57,125.0,0.0,,90.0,-20.0,73.57
2026-02-26 09:57:00,53.386,-10.0,73.386,73.386,125.0,0.0,,90.0,-20.0,73.386
2026-02-26 09:58:00,53.196,-10.0,73.196,73.196,125.0,0.0,,90.0,-20.0,73.196
2026-02-26 09:59:00,53.0,-10.0,73.0,73.0,125.0,0.0,,90.0,-20.0,73.0
2026-02-26 10:00:00,52.799,-10.0,72.799,72.799,125.0,0.0,,90.0,-20.0,72.799
2026-02-26 10:01:00,52.592,-10.0,72.592,72.592,125.0,0.0,,90.0,-20.0,72.592
2026-02-26 10:02:00,52.379,-10.0,72.379,72.379,125.0,0.0,,90.0,-20.0,72.379
2026-02-26 10:03:00,52.161,-10.0,72.161,72.161,125.0,0.0,,90.0,-20.0,72.161
2026-02-26 10:04:00,51.938,-10.0,71.938,71.938,125.0,0.0,,90.0,-20.0,71.938
2026-02-26 10:05:00,51.71,-10.0,71.71,71.71,125.0,0.0,,90.0,-20.0,71.71
2026-02-26 10:06:00,51.476,-10.0,71.476,71.476,125.0,0.0,,90.0,-20.0,71.476
2026-02-26 10:07:00,51.238,-10.0,71.238,71.238,125.0,0.0,,90.0,-20.0,71.238
2026-02-26 10:08:00,50.995,-10.0,70.995,70.995,125.0,0.0,,90.0,-20.0,70.995
2026-02-26 10:09:00,50.747,-10.0,70.747,70.747,125.0,0.0,,90.0,-20.0,70.747
2026-02-26 10:10:00,50.494,-10.0,70.494,70.494,125.0,0.0,,90.0,-20.0,70.494
2026-02-26 10:11:00,50.238,-10.0,70.238,70.238,125.0,0.0,,90.0,-20.0,70.238
2026-02-26 10:12:00,49.977,-10.0,69.977,69.977,125.0,0.0,,90.0,-20.0,69.977
2026-02-26 10:13:00,49.711,-10.0,69.711,69.711,125.0,0.0,,90.0,-20.0,69.711
2026-02-26 10:14:00,49.442,-10.0,69.442,69.442,125.0,0.0,,90.0,-20.0,69.442
2026-02-26 10:15:00,49.169,-10.0,69.169,69.169,125.0,0.0,,90.0,-20.0,69.169
2026-02-26 10:16:00,48.892,-10.0,68.892,68.892,125.0,0.0,,90.0,-20.0,68.892
2026-02-26 10:17:00,48.612,-10.0,68.612,68.612,125.0,0.0,,90.0,-20.0,68.612
2026-02-26 10:18:00,48.328,-10.0,68.328,68.328,125.0,0.0,,90.0,-20.0,68.328
2026-02-26 10:19:00,48.041,-10.0,68.041,68.041,125.0,0.0,,90.0,-20.0,68.041
2026-02-26 10:20:00,47.751,-10.0,67.751,67.751,125.0,0.0,,90.0,-20.0,67.751
2026-02-26 10:21:00,47.458,-10.0,67.458,67.458,125.0,0.0,,90.0,-20.0,67.458
2026-02-26 10:22:00,47.162,-10.0,67.162,67.162,125.0,0.0,,90.0,-20.0,67.162
2026-02-26 10:23:00,46.863,-10.0,66.863,66.863,125.0,0.0,,90.0,-20.0,66.863
2026-02-26 10:24:00,46.561,-10.0,66.561,66.561,125.0,0.0,,90.0,-20.0,66.561
2026-02-26 10:25:00,46.257,-10.0,66.257,66.257,125.0,0.0,,90.0,-20.0,66.257
2026-02-26 10:26:00,45.951,-10.0,65.951,65.951,125.0,0.0,,90.0,-20.0,65.951
2026-02-26 10:27:00,45.643,-10.0,65.643,65.643,125.0,0.0,,90.0,-20.0,65.643
2026-02-26 10:28:00,45.332,-10.0,65.332,65.332,125.0,0.0,,90.0,-20.0,65.332
2026-02-26 10:29:00,45.02,-10.0,65.02,65.02,125.0,0.0,,90.0,-20.0,65.02
2026-02-26 10:30:00,44.706,-10.0,64.706,64.706,125.0,0.0,,90.0,-20.0,64.706
2026-02-26 10:31:00,44.39,-10.0,64.39,64.39,125.0,0.0,,90.0,-20.0,64.39
2026-02-26 10:32:00,44.073,-10.0,64.073,64.073,125.0,0.0,,90.0,-20.0,64.073
2026-02-26 10:33:00,43.755,-10.0,63.755,63.755,125.0,0.0,,90.0,-20.0,63.755
2026-02-26 10:34:00,43.435,-10.0,63.435,63.435,125.0,0.0,,90.0,-20.0,63.435
2026-02-26 10:35:00,43.114,-10.0,63.114,63.114,125.0,0.0,,90.0,-20.0,63.114
2026-02-26 10:36:00,42.793,-10.0,62.793,62.793,125.0,0.0,,90.0,-20.0,62.793
2026-02-26 10:37:00,42.47,-10.0,62.47,62.47,125.0,0.0,,90.0,-20.0,62.47
2026-02-26 10:38:00,42.147,-10.0,62.147,62.147,125.0,0.0,,90.0,-20.0,62.147
2026-02-26 10:39:00,41.824,-10.0,61.824,61.824,125.0,0.0,,90.0,-20.0,61.824
2026-02-26 10:40:00,41.5,-10.0,61.5,61.5,125.0,0.0,,90.0,-20.0,61.5
2026-02-26 10:41:00,41.176,-10.0,61.176,61.176,125.0,0.0,,90.0,-20.0,61.176
2026-02-26 10:42:00,40.851,-10.0,60.851,60.851,125.0,0.0,,90.0,-20.0,60.851
2026-02-26 10:43:00,40.527,-10.0,60.527,60.527,125.0,0.0,,90.0,-20.0,60.527
2026-02-26 10:44:00,40.203,-10.0,60.203,60.203,125.0,0.0,,90.0,-20.0,60.203
2026-02-26 10:45:00,39.879,-10.0,59.879,59.879,125.0,0.0,,90.0,-20.0,59.879
2026-02-26 10:46:00,39.555,-10.0,59.555,59.555,125.0,0.0,,90.0,-20.0,59.555
2026-02-26 10:47:00,39.232,-10.0,59.232,59.232,125.0,0.0,,90.0,-20.0,59.232
2026-02-26 10:48:00,38.91,-10.0,58.91,58.91,125.0,0.0,,90.0,-20.0,58.91
2026-02-26 10:49:00,38.588,-10.0,58.588,58.588,125.0,0.0,,90.0,-20.0,58.588
2026-02-26 10:50:00,38.267,-10.0,58.267,58.267,125.0,0.0,,90.0,-20.0,58.267
2026-02-26 10:51:00,37.947,-10.0,57.947,57.947,125.0,0.0,,90.0,-20.0,57.947
2026-02-26 10:52:00,37.628,-10.0,57.628,57.628,125.0,0.0,,90.0,-20.0,57.628
2026-02-26 10:53:00,37.31,-10.0,57.31,57.31,125.0,0.0,,90.0,-20.0,57.31
2026-02-26 10:54:00,36.994,-10.0,56.994,56.994,125.0,0.0,,90.0,-20.0,56.994
2026-02-26 10:55:00,36.679,-10.0,56.679,56.679,125.0,0.0,,90.0,-20.0,56.679
2026-02-26 10:56:00,36.365,-10.0,56.365,56.365,125.0,0.0,,90.0,-20.0,56.365
2026-02-26 10:57:00,36.053,-10.0,56.053,56.053,125.0,0.0,,90.0,-20.0,56.053
2026-02-26 10:58:00,35.742,-10.0,55.742,55.742,125.0,0.0,,90.0,-20.0,55.742
2026-02-26 10:59:00,35.434,-10.0,55.434,55.434,125.0,0.0,,90.0,-20.0,55.434
2026-02-26 11:00:00,35.127,0.0,55.127,55.127,125.0,0.0,,90.0,-20.0,55.127
2026-02-26 11:01:00,34.822,0.0,54.822,54.822,125.0,0.0,,90.0,-20.0,54.822
2026-02-26 11:02:00,34.519,0.0,54.519,54.519,125.0,0.0,,90.0,-20.0,54.519
2026-02-26 11:03:00,34.218,0.0,54.218,54.218,125.0,0.0,,90.0,-20.0,54.218
2026-02-26 11:04:00,33.919,0.0,53.919,53.919,125.0,0.0,,90.0,-20.0,53.919
2026-02-26 11:05:00,33.622,0.0,53.622,53.622,125.0,0.0,,90.0,-20.0,53.622
2026-02-26 11:06:00,33.328,0.0,53.328,53.328,125.0,0.0,,90.0,-20.0,53.328
2026-02-26 11:07:00,33.036,0.0,53.036,53.036,125.0,0.0,,90.0,-20.0,53.036
2026-02-26 11:08:00,32.746,0.0,52.746,52.746,125.0,0.0,,90.0,-20.0,52.746
2026-02-26 11:09:00,32.46,0.0,52.46,52.46,125.0,0.0,,90.0,-20.0,52.46
2026-02-26 11:10:00,32.175,0.0,52.175,52.175,125.0,0.0,,90.0,-20.0,52.175
2026-02-26 11:11:00,31.893,0.0,51.893,51.893,125.0,0.0,,90.0,-20.0,51.893
2026-02-26 11:12:00,31.614,0.0,51.614,51.614,125.0,0.0,,90.0,-20.0,51.614
2026-02-26 11:13:00,31.338,0.0,51.338,51.338,125.0,0.0,,90.0,-20.0,51.338
2026-02-26 11:14:00,31.064,0.0,51.064,51.064,125.0,0.0,,90.0,-20.0,51.064
2026-02-26 11:15:00,30.794,0.0,50.794,50.794,125.0,0.0,,90.0,-20.0,50.794
2026-02-26 11:16:00,30.526,0.0,50.526,50.526,125.0,0.0,,90.0,-20.0,50.526
2026-02-26 11:17:00,30.261,0.0,50.261,50.261,125.0,0.0,,90.0,-20.0,50.261
2026-02-26 11:18:00,29.999,0.0,49.999,49.999,125.0,0.0,,90.0,-20.0,49.999
2026-02-26 11:19:00,29.74,0.0,49.74,49.74,125.0,0.0,,90.0,-20.0,49.74
2026-02-26 11:20:00,29.484,0.0,49.484,49.484,125.0,0.0,,90.0,-20.0,49.484
2026-02-26 11:21:00,29.232,0.0,49.232,49.232,125.0,0.0,,90.0,-20.0,49.232
2026-02-26 11:22:00,28.982,0.0,48.982,48.982,125.0,0.0,,90.0,-20.0,48.982
2026-02-26 11:23:00,28.736,0.0,48.736,48.736,125.0,0.0,,90.0,-20.0,48.736
2026-02-26 11:24:00,28.492,0.0,48.492,48.492,125.0,0.0,,90.0,-20.0,48.492
2026-02-26 11:25:00,28.252,0.0,48.252,48.252,125.0,0.0,,90.0,-20.0,48.252
2026-02-26 11:26:00,28.015,0.0,48.015,48.015,125.0,0.0,,90.0,-20.0,48.015
2026-02-26 11:27:00,27.782,0.0,47.782,47.782,125.0,0.0,,90.0,-20.0,47.782
2026-02-26 11:28:00,27.551,0.0,47.551,47.551,125.0,0.0,,90.0,-20.0,47.551
2026-02-26 11:29:00,27.324,0.0,47.324,47.324,125.0,0.0,,90.0,-20.0,47.324
2026-02-26 11:30:00,27.1,0.0,47.1,47.1,125.0,0.0,,90.0,-20.0,47.1
2026-02-26 11:31:00,26.88,0.0,46.88,46.88,125.0,0.0,,90.0,-20.0,46.88
2026-02-26 11:32:00,26.662,0.0,46.662,46.662,125.0,0.0,,90.0,-20.0,46.662
2026-02-26 11:33:00,26.448,0.0,46.448,46.448,125.0,0.0,,90.0,-20.0,46.448
2026-02-26 11:34:00,26.238,0.0,46.238,46.238,125.0,0.0,,90.0,-20.0,46.238
2026-02-26 11:35:00,26.03,0.0,46.03,46.03,125.0,0.0,,90.0,-20.0,46.03
2026-02-26 11:36:00,25.826,0.0,45.826,45.826,125.0,0.0,,90.0,-20.0,45.826
2026-02-26 11:37:00,25.626,0.0,45.626,45.626,125.0,0.0,,90.0,-20.0,45.626
2026-02-26 11:38:00,25.428,0.0,45.428,45.428,125.0,0.0,,90.0,-20.0,45.428
2026-02-26 11:39:00,25.234,0.0,45.234,45.234,125.0,0.0,,90.0,-20.0,45.234
2026-02-26 11:40:00,25.043,0.0,45.043,45.043,125.0,0.0,,90.0,-20.0,45.043
2026-02-26 11:41:00,24.856,0.0,44.856,44.856,125.0,0.0,,90.0,-20.0,44.856
2026-02-26 11:42:00,24.672,0.0,44.672,44.672,125.0,0.0,,90.0,-20.0,44.672
2026-02-26 11:43:00,24.491,0.0,44.491,44.491,125.0,0.0,,90.0,-20.0,44.491
2026-02-26 11:44:00,24.313,0.0,44.313,44.313,125.0,0.0,,90.0,-20.0,44.313
2026-02-26 11:45:00,24.139,0.0,44.139,44.139,125.0,0.0,,90.0,-20.0,44.139
2026-02-26 11:46:00,23.967,0.0,43.967,43.967,125.0,0.0,,90.0,-20.0,43.967
2026-02-26 11:47:00,23.799,0.0,43.799,43.799,125.0,0.0,,90.0,-20.0,43.799
2026-02-26 11:48:00,23.634,0.0,43.634,43.634,125.0,0.0,,90.0,-20.0,43.634
2026-02-26 11:49:00,23.473,0.0,43.473,43.473,125.0,0.0,,90.0,-20.0,43.473
2026-02-26 11:50:00,23.314,0.0,43.314,43.314,125.0,0.0,,90.0,-20.0,43.314
2026-02-26 11:51:00,23.159,0.0,43.159,43.159,125.0,0.0,,90.0,-20.0,43.159
2026-02-26 11:52:00,23.006,0.0,43.006,43.006,125.0,0.0,,90.0,-20.0,43.006
2026-02-26 11:53:00,22.857,0.0,42.857,42.857,125.0,0.0,,90.0,-20.0,42.857
2026-02-26 11:54:00,22.711,0.0,42.711,42.711,125.0,0.0,,90.0,-20.0,42.711
2026-02-26 11:55:00,22.568,0.0,42.568,42.568,125.0,0.0,,90.0,-20.0,42.568
2026-02-26 11:56:00,22.428,0.0,42.428,42.428,125.0,0.0,,90.0,-20.0,42.428
2026-02-26 11:57:00,22.29,0.0,42.29,42.29,125.0,0.0,,90.0,-20.0,42.29
2026-02-26 11:58:00,22.156,0.0,42.156,42.156,125.0,0.0,,90.0,-20.0,42.156
2026-02-26 11:59:00,22.025,0.0,42.025,42.025,125.0,0.0,,90.0,-20.0,42.025
2026-02-26 12:00:00,21.896,50.0,41.896,41.896,125.0,0.0,50.0,90.0,-20.0,41.896
2026-02-26 12:01:00,21.77,50.0,41.77,41.77,125.0,0.0,50.0,90.0,-20.0,41.77
2026-02-26 12:02:00,21.647,50.0,41.647,41.647,125.0,0.0,50.0,90.0,-20.0,41.647
2026-02-26 12:03:00,21.527,50.0,41.527,41.527,125.0,0.0,50.0,90.0,-20.0,41.527
2026-02-26 12:04:00,21.41,50.0,41.41,41.41,125.0,0.0,50.0,90.0,-20.0,41.41
2026-02-26 12:05:00,21.295,50.0,41.295,41.295,125.0,0.0,50.0,90.0,-20.0,41.295
2026-02-26 12:06:00,21.183,50.0,41.183,41.183,125.0,0.0,50.0,90.0,-20.0,41.183
2026-02-26 12:07:00,21.073,50.0,41.073,41.073,125.0,0.0,50.0,90.0,-20.0,41.073
2026-02-26 12:08:00,20.967,50.0,40.967,40.967,125.0,0.0,50.0,90.0,-20.0,40.967
2026-02-26 12:09:00,20.862,50.0,40.862,40.862,125.0,0.0,50.0,90.0,-20.0,40.862
2026-02-26 12:10:00,20.76,50.0,40.76,40.76,125.0,0.0,50.0,90.0,-20.0,40.76
2026-02-26 12:11:00,20.661,50.0,40.661,40.661,125.0,0.0,50.0,90.0,-20.0,40.661
2026-02-26 12:12:00,20.564,50.0,40.564,40.564,125.0,0.0,50.0,90.0,-20.0,40.564
2026-02-26 12:13:00,20.47,50.0,40.47,40.47,125.0,0.0,50.0,90.0,-20.0,40.47
2026-02-26 12:14:00,20.378,50.0,40.378,40.378,125.0,0.0,50.0,90.0,-20.0,40.378
2026-02-26 12:15:00,20.288,50.0,40.288,40.288,125.0,0.0,50.0,90.0,-20.0,40.288
2026-02-26 12:16:00,20.2,50.0,40.2,40.2,125.0,0.0,50.0,90.0,-20.0,40.2
2026-02-26 12:17:00,20.115,50.0,40.115,40.115,125.0,0.0,50.0,90.0,-20.0,40.115
2026-02-26 12:18:00,20.032,50.0,40.032,40.032,125.0,0.0,50.0,90.0,-20.0,40.032
2026-02-26 12:19:00,19.951,50.0,39.951,39.951,125.0,0.0,50.0,90.0,-20.0,39.951
2026-02-26 12:20:00,19.873,50.0,39.873,39.873,125.0,0.0,50.0,90.0,-20.0,39.873
2026-02-26 12:21:00,19.796,50.0,39.796,39.796,125.0,0.0,50.0,90.0,-20.0,39.796
2026-02-26 12:22:00,19.721,50.0,39.721,39.721,125.0,0.0,50.0,90.0,-20.0,39.721
2026-02-26 12:23:00,19.649,50.0,39.649,39.649,125.0,0.0,50.0,90.0,-20.0,39.649
2026-02-26 12:24:00,19.578,50.0,39.578,39.578,125.0,0.0,50.0,90.0,-20.0,39.578
2026-02-26 12:25:00,19.51,50.0,39.51,39.51,125.0,0.0,50.0,90.0,-20.0,39.51
2026-02-26 12:26:00,19.443,50.0,39.443,39.443,125.0,0.0,50.0,90.0,-20.0,39.443
2026-02-26 12:27:00,19.378,50.0,39.378,39.378,125.0,0.0,50.0,90.0,-20.0,39.378
2026-02-26 12:28:00,19.315,50.0,39.315,39.315,125.0,0.0,50.0,90.0,-20.0,39.315
2026-02-26 12:29:00,19.254,50.0,39.254,39.254,125.0,0.0,50.0,90.0,-20.0,39.254
2026-02-26 12:30:00,19.195,50.0,39.195,39.195,125.0,0.0,50.0,90.0,-20.0,39.195
2026-02-26 12:31:00,19.137,50.0,39.137,39.137,125.0,0.0,50.0,90.0,-20.0,39.137
2026-02-26 12:32:00,19.081,50.0,39.081,39.081,125.0,0.0,50.0,90.0,-20.0,39.081
2026-02-26 12:33:00,19.026,50.0,39.026,39.026,125.0,0.0,50.0,90.0,-20.0,39.026
2026-02-26 12:34:00,18.973,50.0,38.973,38.973,125.0,0.0,50.0,90.0,-20.0,38.973
2026-02-26 12:35:00,18.922,50.0,38.922,38.922,125.0,0.0,50.0,90.0,-20.0,38.922
2026-02-26 12:36:00,18.873,50.0,38.873,38.873,125.0,0.0,50.0,90.0,-20.0,38.873
2026-02-26 12:37:00,18.824,50.0,38.824,38.824,125.0,0.0,50.0,90.0,-20.0,38.824
2026-02-26 12:38:00,18.778,50.0,38.778,38.778,125.0,0.0,50.0,90.0,-20.0,38.778
2026-02-26 12:39:00,18.732,50.0,38.732,38.732,125.0,0.0,50.0,90.0,-20.0,38.732
2026-02-26 12:40:00,18.688,50.0,38.688,38.688,125.0,0.0,50.0,90.0,-20.0,38.688
2026-02-26 12:41:00,18.646,50.0,38.646,38.646,125.0,0.0,50.0,90.0,-20.0,38.646
2026-02-26 12:42:00,18.605,50.0,38.605,38.605,125.0,0.0,50.0,90.0,-20.0,38.605
2026-02-26 12:43:00,18.565,50.0,38.565,38.565,125.0,0.0,50.0,90.0,-20.0,38.565
2026-02-26 12:44:00,18.526,50.0,38.526,38.526,125.0,0.0,50.0,90.0,-20.0,38.526
2026-02-26 12:45:00,18.489,50.0,38.489,38.489,125.0,0.0,50.0,90.0,-20.0,38.489
2026-02-26 12:46:00,18.453,50.0,38.453,38.453,125.0,0.0,50.0,90.0,-20.0,38.453
2026-02-26 12:47:00,18.418,50.0,38.418,38.418,125.0,0.0,50.0,90.0,-20.0,38.418
2026-02-26 12:48:00,18.384,50.0,38.384,38.384,125.0,0.0,50.0,90.0,-20.0,38.384
2026-02-26 12:49:00,18.351,50.0,38.351,38.351,125.0,0.0,50.0,90.0,-20.0,38.351
2026-02-26 12:50:00,18.32,50.0,38.32,38.32,125.0,0.0,50.0,90.0,-20.0,38.32
2026-02-26 12:51:00,18.289,50.0,38.289,38.289,125.0,0.0,50.0,90.0,-20.0,38.289
2026-02-26 12:52:00,18.26,50.0,38.26,38.26,125.0,0.0,50.0,90.0,-20.0,38.26
2026-02-26 12:53:00,18.231,50.0,38.231,38.231,125.0,0.0,50.0,90.0,-20.0,38.231
2026-02-26 12:54:00,18.204,50.0,38.204,38.204,125.0,0.0,50.0,90.0,-20.0,38.204
2026-02-26 12:55:00,18.177,50.0,38.177,38.177,125.0,0.0,50.0,90.0,-20.0,38.177
2026-02-26 12:56:00,18.152,50.0,38.152,38.152,125.0,0.0,50.0,90.0,-20.0,38.152
2026-02-26 12:57:00,18.127,50.0,38.127,38.127,125.0,0.0,50.0,90.0,-20.0,38.127
2026-02-26 12:58:00,18.103,50.0,38.103,38.103,125.0,0.0,50.0,90.0,-20.0,38.103
2026-02-26 12:59:00,18.08,50.0,38.08,38.08,125.0,0.0,50.0,90.0,-20.0,38.08
2026-02-26 13:00:00,18.058,50.0,38.058,38.058,125.0,0.0,50.0,90.0,-20.0,38.058
2026-02-26 13:01:00,18.037,50.0,38.037,38.037,125.0,0.0,50.0,90.0,-20.0,38.037
2026-02-26 13:02:00,18.016,50.0,38.016,38.016,125.0,0.0,50.0,90.0,-20.0,38.016
2026-02-26 13:03:00,17.997,50.0,37.997,37.997,125.0,0.0,50.0,90.0,-20.0,37.997
2026-02-26 13:04:00,17.978,50.0,37.978,37.978,125.0,0.0,50.0,90.0,-20.0,37.978
2026-02-26 13:05:00,17.959,50.0,37.959,37.959,125.0,0.0,50.0,90.0,-20.0,37.959
2026-02-26 13:06:00,17.942,50.0,37.942,37.942,125.0,0.0,50.0,90.0,-20.0,37.942
2026-02-26 13:07:00,17.925,50.0,37.925,37.925,125.0,0.0,50.0,90.0,-20.0,37.925
2026-02-26 13:08:00,17.909,50.0,37.909,37.909,125.0,0.0,50.0,90.0,-20.0,37.909
2026-02-26 13:09:00,17.893,50.0,37.893,37.893,125.0,0.0,50.0,90.0,-20.0,37.893
2026-02-26 13:10:00,17.878,50.0,37.878,37.878,125.0,0.0,50.0,90.0,-20.0,37.878
2026-02-26 13:11:00,17.864,50.0,37.864,37.864,125.0,0.0,50.0,90.0,-20.0,37.864
2026-02-26 13:12:00,17.85,50.0,37.85,37.85,125.0,0.0,50.0,90.0,-20.0,37.85
2026-02-26 13:13:00,17.837,50.0,37.837,37.837,125.0,0.0,50.0,90.0,-20.0,37.837
2026-02-26 13:14:00,17.824,50.0,37.824,37.824,125.0,0.0,50.0,90.0,-20.0,37.824
2026-02-26 13:15:00,17.812,50.0,37.812,37.812,125.0,0.0,50.0,90.0,-20.0,37.812
2026-02-26 13:16:00,17.801,50.0,37.801,37.801,125.0,0.0,50.0,90.0,-20.0,37.801
2026-02-26 13:17:00,17.789,50.0,37.789,37.789,125.0,0.0,50.0,90.0,-20.0,37.789
2026-02-26 13:18:00,17.779,50.0,37.779,37.779,125.0,0.0,50.0,90.0,-20.0,37.779
2026-02-26 13:19:00,17.769,50.0,37.769,37.769,125.0,0.0,50.0,90.0,-20.0,37.769
2026-02-26 13:20:00,17.759,50.0,37.759,37.759,125.0,0.0,50.0,90.0,-20.0,37.759
2026-02-26 13:21:00,17.75,50.0,37.75,37.75,125.0,0.0,50.0,90.0,-20.0,37.75
2026-02-26 13:22:00,17.741,50.0,37.741,37.741,125.0,0.0,50.0,90.0,-20.0,37.741
2026-02-26 13:23:00,17.733,50.0,37.733,37.733,125.0,0.0,50.0,90.0,-20.0,37.733
2026-02-26 13:24:00,17.725,50.0,37.725,37.725,125.0,0.0,50.0,90.0,-20.0,37.725
2026-02-26 13:25:00,17.718,50.0,37.718,37.718,125.0,0.0,50.0,90.0,-20.0,37.718
2026-02-26 13:26:00,17.711,50.0,37.711,37.711,125.0,0.0,50.0,90.0,-20.0,37.711
2026-02-26 13:27:00,17.704,50.0,37.704,37.704,125.0,0.0,50.0,90.0,-20.0,37.704
2026-02-26 13:28:00,17.698,50.0,37.698,37.698,125.0,0.0,50.0,90.0,-20.0,37.698
2026-02-26 13:29:00,17.692,50.0,37.692,37.692,125.0,0.0,50.0,90.0,-20.0,37.692
2026-02-26 13:30:00,17.686,50.0,37.686,37.686,125.0,0.0,50.0,90.0,-20.0,37.686
2026-02-26 13:31:00,17.681,50.0,37.681,37.681,125.0,0.0,50.0,90.0,-20.0,37.681
2026-02-26 13:32:00,17.676,50.0,37.676,37.676,125.0,0.0,50.0,90.0,-20.0,37.676
2026-02-26 13:33:00,17.671,50.0,37.671,37.671,125.0,0.0,50.0,90.0,-20.0,37.671
2026-02-26 13:34:00,17.667,50.0,37.667,37.667,125.0,0.0,50.0,90.0,-20.0,37.667
2026-02-26 13:35:00,17.663,50.0,37.663,37.663,125.0,0.0,50.0,90.0,-20.0,37.663
2026-02-26 13:36:00,17.659,50.0,37.659,37.659,125.0,0.0,50.0,90.0,-20.0,37.659
2026-02-26 13:37:00,17.656,50.0,37.656,37.656,125.0,0.0,50.0,90.0,-20.0,37.656
2026-02-26 13:38:00,17.653,50.0,37.653,37.653,125.0,0.0,50.0,90.0,-20.0,37.653
2026-02-26 13:39:00,17.65,50.0,37.65,37.65,125.0,0.0,50.0,90.0,-20.0,37.65
2026-02-26 13:40:00,17.647,50.0,37.647,37.647,125.0,0.0,50.0,90.0,-20.0,37.647
2026-02-26 13:41:00,17.645,50.0,37.645,37.645,125.0,0.0,50.0,90.0,-20.0,37.645
2026-02-26 13:42:00,17.643,50.0,37.643,37.643,125.0,0.0,50.0,90.0,-20.0,37.643
2026-02-26 13:43:00,17.641,50.0,37.641,37.641,125.0,0.0,50.0,90.0,-20.0,37.641
2026-02-26 13:44:00,17.64,50.0,37.64,37.64,125.0,0.0,50.0,90.0,-20.0,37.64
2026-02-26 13:45:00,17.639,50.0,37.639,37.639,125.0,0.0,50.0,90.0,-20.0,37.639
2026-02-26 13:46:00,17.638,50.0,37.638,37.638,125.0,0.0,50.0,90.0,-20.0,37.638
2026-02-26 13:47:00,17.637,50.0,37.637,37.637,125.0,0.0,50.0,90.0,-20.0,37.637
2026-02-26 13:48:00,17.636,50.0,37.636,37.636,125.0,0.0,50.0,90.0,-20.0,37.636
2026-02-26 13:49:00,17.636,50.0,37.636,37.636,125.0,0.0,50.0,90.0,-20.0,37.636
2026-02-26 13:50:00,17.636,50.0,37.636,37.636,125.0,0.0,50.0,90.0,-20.0,37.636
2026-02-26 13:51:00,17.636,50.0,37.636,37.636,125.0,0.0,50.0,90.0,-20.0,37.636
2026-02-26 13:52:00,17.637,50.0,37.637,37.637,125.0,0.0,50.0,90.0,-20.0,37.637
2026-02-26 13:53:00,17.637,50.0,37.637,37.637,125.0,0.0,50.0,90.0,-20.0,37.637
2026-02-26 13:54:00,17.638,50.0,37.638,37.638,125.0,0.0,50.0,90.0,-20.0,37.638
2026-02-26 13:55:00,17.639,50.0,37.639,37.639,125.0,0.0,50.0,90.0,-20.0,37.639
2026-02-26 13:56:00,17.641,50.0,37.641,37.641,125.0,0.0,50.0,90.0,-20.0,37.641
2026-02-26 13:57:00,17.642,50.0,37.642,37.642,125.0,0.0,50.0,90.0,-20.0,37.642
2026-02-26 13:58:00,17.644,50.0,37.644,37.644,125.0,0.0,50.0,90.0,-20.0,37.644
2026-02-26 13:59:00,17.646,50.0,37.646,37.646,125.0,0.0,50.0,90.0,-20.0,37.646
2026-02-26 14:00:00,17.648,0.0,37.648,37.648,125.0,0.0,,90.0,-20.0,37.648
2026-02-26 14:01:00,17.651,0.0,37.651,37.651,125.0,0.0,,90.0,-20.0,37.651
2026-02-26 14:02:00,17.653,0.0,37.653,37.653,125.0,0.0,,90.0,-20.0,37.653
2026-02-26 14:03:00,17.656,0.0,37.656,37.656,125.0,0.0,,90.0,-20.0,37.656
2026-02-26 14:04:00,17.659,0.0,37.659,37.659,125.0,0.0,,90.0,-20.0,37.659
2026-02-26 14:05:00,17.662,0.0,37.662,37.662,125.0,0.0,,90.0,-20.0,37.662
2026-02-26 14:06:00,17.666,0.0,37.666,37.666,125.0,0.0,,90.0,-20.0,37.666
2026-02-26 14:07:00,17.67,0.0,37.67,37.67,125.0,0.0,,90.0,-20.0,37.67
2026-02-26 14:08:00,17.674,0.0,37.674,37.674,125.0,0.0,,90.0,-20.0,37.674
2026-02-26 14:09:00,17.678,0.0,37.678,37.678,125.0,0.0,,90.0,-20.0,37.678
2026-02-26 14:10:00,17.682,0.0,37.682,37.682,125.0,0.0,,90.0,-20.0,37.682
2026-02-26 14:11:00,17.687,0.0,37.687,37.687,125.0,0.0,,90.0,-20.0,37.687
2026-02-26 14:12:00,17.692,0.0,37.692,37.692,125.0,0.0,,90.0,-20.0,37.692
2026-02-26 14:13:00,17.697,0.0,37.697,37.697,125.0,0.0,,90.0,-20.0,37.697
2026-02-26 14:14:00,17.703,0.0,37.703,37.703,125.0,0.0,,90.0,-20.0,37.703
2026-02-26 14:15:00,17.708,0.0,37.708,37.708,125.0,0.0,,90.0,-20.0,37.708
2026-02-26 14:16:00,17.714,0.0,37.714,37.714,125.0,0.0,,90.0,-20.0,37.714
2026-02-26 14:17:00,17.72,0.0,37.72,37.72,125.0,0.0,,90.0,-20.0,37.72
2026-02-26 14:18:00,17.727,0.0,37.727,37.727,125.0,0.0,,90.0,-20.0,37.727
2026-02-26 14:19:00,17.733,0.0,37.733,37.733,125.0,0.0,,90.0,-20.0,37.733
2026-02-26 14:20:00,17.74,0.0,37.74,37.74,125.0,0.0,,90.0,-20.0,37.74
2026-02-26 14:21:00,17.747,0.0,37.747,37.747,125.0,0.0,,90.0,-20.0,37.747
2026-02-26 14:22:00,17.755,0.0,37.755,37.755,125.0,0.0,,90.0,-20.0,37.755
2026-02-26 14:23:00,17.762,0.0,37.762,37.762,125.0,0.0,,90.0,-20.0,37.762
2026-02-26 14:24:00,17.77,0.0,37.77,37.77,125.0,0.0,,90.0,-20.0,37.77
2026-02-26 14:25:00,17.779,0.0,37.779,37.779,125.0,0.0,,90.0,-20.0,37.779
2026-02-26 14:26:00,17.787,0.0,37.787,37.787,125.0,0.0,,90.0,-20.0,37.787
2026-02-26 14:27:00,17.796,0.0,37.796,37.796,125.0,0.0,,90.0,-20.0,37.796
2026-02-26 14:28:00,17.805,0.0,37.805,37.805,125.0,0.0,,90.0,-20.0,37.805
2026-02-26 14:29:00,17.815,0.0,37.815,37.815,125.0,0.0,,90.0,-20.0,37.815
2026-02-26 14:30:00,17.825,0.0,37.825,37.825,125.0,0.0,,90.0,-20.0,37.825
2026-02-26 14:31:00,17.835,0.0,37.835,37.835,125.0,0.0,,90.0,-20.0,37.835
2026-02-26 14:32:00,17.845,0.0,37.845,37.845,125.0,0.0,,90.0,-20.0,37.845
2026-02-26 14:33:00,17.856,0.0,37.856,37.856,125.0,0.0,,90.0,-20.0,37.856
2026-02-26 14:34:00,17.867,0.0,37.867,37.867,125.0,0.0,,90.0,-20.0,37.867
2026-02-26 14:35:00,17.879,0.0,37.879,37.879,125.0,0.0,,90.0,-20.0,37.879
2026-02-26 14:36:00,17.891,0.0,37.891,37.891,125.0,0.0,,90.0,-20.0,37.891
2026-02-26 14:37:00,17.903,0.0,37.903,37.903,125.0,0.0,,90.0,-20.0,37.903
2026-02-26 14:38:00,17.915,0.0,37.915,37.915,125.0,0.0,,90.0,-20.0,37.915
2026-02-26 14:39:00,17.928,0.0,37.928,37.928,125.0,0.0,,90.0,-20.0,37.928
2026-02-26 14:40:00,17.942,0.0,37.942,37.942,125.0,0.0,,90.0,-20.0,37.942
2026-02-26 14:41:00,17.956,0.0,37.956,37.956,125.0,0.0,,90.0,-20.0,37.956
2026-02-26 14:42:00,17.97,0.0,37.97,37.97,125.0,0.0,,90.0,-20.0,37.97
2026-02-26 14:43:00,17.984,0.0,37.984,37.984,125.0,0.0,,90.0,-20.0,37.984
2026-02-26 14:44:00,17.999,0.0,37.999,37.999,125.0,0.0,,90.0,-20.0,37.999
2026-02-26 14:45:00,18.015,0.0,38.015,38.015,125.0,0.0,,90.0,-20.0,38.015
2026-02-26 14:46:00,18.031,0.0,38.031,38.031,125.0,0.0,,90.0,-20.0,38.031
2026-02-26 14:47:00,18.047,0.0,38.047,38.047,125.0,0.0,,90.0,-20.0,38.047
2026-02-26 14:48:00,18.064,0.0,38.064,38.064,125.0,0.0,,90.0,-20.0,38.064
2026-02-26 14:49:00,18.081,0.0,38.081,38.081,125.0,0.0,,90.0,-20.0,38.081
2026-02-26 14:50:00,18.099,0.0,38.099,38.099,125.0,0.0,,90.0,-20.0,38.099
2026-02-26 14:51:00,18.117,0.0,38.117,38.117,125.0,0.0,,90.0,-20.0,38.117
2026-02-26 14:52:00,18.136,0.0,38.136,38.136,125.0,0.0,,90.0,-20.0,38.136
2026-02-26 14:53:00,18.155,0.0,38.155,38.155,125.0,0.0,,90.0,-20.0,38.155
2026-02-26 14:54:00,18.175,0.0,38.175,38.175,125.0,0.0,,90.0,-20.0,38.175
2026-02-26 14:55:00,18.195,0.0,38.195,38.195,125.0,0.0,,90.0,-20.0,38.195
2026-02-26 14:56:00,18.216,0.0,38.216,38.216,125.0,0.0,,90.0,-20.0,38.216
2026-02-26 14:57:00,18.238,0.0,38.238,38.238,125.0,0.0,,90.0,-20.0,38.238
2026-02-26 14:58:00,18.26,0.0,38.26,38.26,125.0,0.0,,90.0,-20.0,38.26
2026-02-26 14:59:00,18.282,0.0,38.282,38.282,125.0,0.0,,90.0,-20.0,38.282
2026-02-26 15:00:00,18.306,0.0,38.306,38.306,125.0,0.0,,90.0,-20.0,38.306
2026-02-26 15:01:00,18.329,0.0,38.329,38.329,125.0,0.0,,90.0,-20.0,38.329
2026-02-26 15:02:00,18.354,0.0,38.354,38.354,125.0,0.0,,90.0,-20.0,38.354
2026-02-26 15:03:00,18.379,0.0,38.379,38.379,125.0,0.0,,90.0,-20.0,38.379
2026-02-26 15:04:00,18.405,0.0,38.405,38.405,125.0,0.0,,90.0,-20.0,38.405
2026-02-26 15:05:00,18.431,0.0,38.431,38.431,125.0,0.0,,90.0,-20.0,38.431
2026-02-26 15:06:00,18.458,0.0,38.458,38.458,125.0,0.0,,90.0,-20.0,38.458
2026-02-26 15:07:00,18.486,0.0,38.486,38.486,125.0,0.0,,90.0,-20.0,38.486
2026-02-26 15:08:00,18.514,0.0,38.514,38.514,125.0,0.0,,90.0,-20.0,38.514
2026-02-26 15:09:00,18.543,0.0,38.543,38.543,125.0,0.0,,90.0,-20.0,38.543
2026-02-26 15:10:00,18.573,0.0,38.573,38.573,125.0,0.0,,90.0,-20.0,38.573
2026-02-26 15:11:00,18.604,0.0,38.604,38.604,125.0,0.0,,90.0,-20.0,38.604
2026-02-26 15:12:00,18.635,0.0,38.635,38.635,125.0,0.0,,90.0,-20.0,38.635
2026-02-26 15:13:00,18.667,0.0,38.667,38.667,125.0,0.0,,90.0,-20.0,38.667
2026-02-26 15:14:00,18.7,0.0,38.7,38.7,125.0,0.0,,90.0,-20.0,38.7
2026-02-26 15:15:00,18.734,0.0,38.734,38.734,125.0,0.0,,90.0,-20.0,38.734
2026-02-26 15:16:00,18.768,0.0,38.768,38.768,125.0,0.0,,90.0,-20.0,38.768
2026-02-26 15:17:00,18.804,0.0,38.804,38.804,125.0,0.0,,90.0,-20.0,38.804
2026-02-26 15:18:00,18.84,0.0,38.84,38.84,125.0,0.0,,90.0,-20.0,38.84
2026-02-26 15:19:00,18.877,0.0,38.877,38.877,125.0,0.0,,90.0,-20.0,38.877
2026-02-26 15:20:00,18.915,0.0,38.915,38.915,125.0,0.0,,90.0,-20.0,38.915
2026-02-26 15:21:00,18.954,0.0,38.954,38.954,125.0,0.0,,90.0,-20.0,38.954
2026-02-26 15:22:00,18.993,0.0,38.993,38.993,125.0,0.0,,90.0,-20.0,38.993
2026-02-26 15:23:00,19.034,0.0,39.034,39.034,125.0,0.0,,90.0,-20.0,39.034
2026-02-26 15:24:00,19.076,0.0,39.076,39.076,125.0,0.0,,90.0,-20.0,39.076
2026-02-26 15:25:00,19.118,0.0,39.118,39.118,125.0,0.0,,90.0,-20.0,39.118
2026-02-26 15:26:00,19.162,0.0,39.162,39.162,125.0,0.0,,90.0,-20.0,39.162
2026-02-26 15:27:00,19.206,0.0,39.206,39.206,125.0,0.0,,90.0,-20.0,39.206
2026-02-26 15:28:00,19.251,0.0,39.251,39.251,125.0,0.0,,90.0,-20.0,39.251
2026-02-26 15:29:00,19.298,0.0,39.298,39.298,125.0,0.0,,90.0,-20.0,39.298
2026-02-26 15:30:00,19.345,0.0,39.345,39.345,125.0,0.0,,90.0,-20.0,39.345
2026-02-26 15:31:00,19.394,0.0,39.394,39.394,125.0,0.0,,90.0,-20.0,39.394
2026-02-26 15:32:00,19.444,0.0,39.444,39.444,125.0,0.0,,90.0,-20.0,39.444
2026-02-26 15:33:00,19.494,0.0,39.494,39.494,125.0,0.0,,90.0,-20.0,39.494
2026-02-26 15:34:00,19.546,0.0,39.546,39.546,125.0,0.0,,90.0,-20.0,39.546
2026-02-26 15:35:00,19.599,0.0,39.599,39.599,125.0,0.0,,90.0,-20.0,39.599
2026-02-26 15:36:00,19.653,0.0,39.653,39.653,125.0,0.0,,90.0,-20.0,39.653
2026-02-26 15:37:00,19.709,0.0,39.709,39.709,125.0,0.0,,90.0,-20.0,39.709
2026-02-26 15:38:00,19.765,0.0,39.765,39.765,125.0,0.0,,90.0,-20.0,39.765
2026-02-26 15:39:00,19.823,0.0,39.823,39.823,125.0,0.0,,90.0,-20.0,39.823
2026-02-26 15:40:00,19.881,0.0,39.881,39.881,125.0,0.0,,90.0,-20.0,39.881
2026-02-26 15:41:00,19.941,0.0,39.941,39.941,125.0,0.0,,90.0,-20.0,39.941
2026-02-26 15:42:00,20.003,0.0,40.003,40.003,125.0,0.0,,90.0,-20.0,40.003
2026-02-26 15:43:00,20.065,0.0,40.065,40.065,125.0,0.0,,90.0,-20.0,40.065
2026-02-26 15:44:00,20.129,0.0,40.129,40.129,125.0,0.0,,90.0,-20.0,40.129
2026-02-26 15:45:00,20.194,0.0,40.194,40.194,125.0,0.0,,90.0,-20.0,40.194
2026-02-26 15:46:00,20.261,0.0,40.261,40.261,125.0,0.0,,90.0,-20.0,40.261
2026-02-26 15:47:00,20.328,0.0,40.328,40.328,125.0,0.0,,90.0,-20.0,40.328
2026-02-26 15:48:00,20.398,0.0,40.398,40.398,125.0,0.0,,90.0,-20.0,40.398
2026-02-26 15:49:00,20.468,0.0,40.468,40.468,125.0,0.0,,90.0,-20.0,40.468
2026-02-26 15:50:00,20.54,0.0,40.54,40.54,125.0,0.0,,90.0,-20.0,40.54
2026-02-26 15:51:00,20.613,0.0,40.613,40.613,125.0,0.0,,90.0,-20.0,40.613
2026-02-26 15:52:00,20.688,0.0,40.688,40.688,125.0,0.0,,90.0,-20.0,40.688
2026-02-26 15:53:00,20.764,0.0,40.764,40.764,125.0,0.0,,90.0,-20.0,40.764
2026-02-26 15:54:00,20.842,0.0,40.842,40.842,125.0,0.0,,90.0,-20.0,40.842
2026-02-26 15:55:00,20.921,0.0,40.921,40.921,125.0,0.0,,90.0,-20.0,40.921
2026-02-26 15:56:00,21.001,0.0,41.001,41.001,125.0,0.0,,90.0,-20.0,41.001
2026-02-26 15:57:00,21.083,0.0,41.083,41.083,125.0,0.0,,90.0,-20.0,41.083
2026-02-26 15:58:00,21.167,0.0,41.167,41.167,125.0,0.0,,90.0,-20.0,41.167
2026-02-26 15:59:00,21.252,0.0,41.252,41.252,125.0,0.0,,90.0,-20.0,41.252
2026-02-26 16:00:00,21.339,0.0,41.339,41.339,125.0,0.0,,90.0,-20.0,41.339
2026-02-26 16:01:00,21.427,0.0,41.427,41.427,125.0,0.0,,90.0,-20.0,41.427
2026-02-26 16:02:00,21.517,0.0,41.517,41.517,125.0,0.0,,90.0,-20.0,41.517
2026-02-26 16:03:00,21.608,0.0,41.608,41.608,125.0,0.0,,90.0,-20.0,41.608
2026-02-26 16:04:00,21.701,0.0,41.701,41.701,125.0,0.0,,90.0,-20.0,41.701
2026-02-26 16:05:00,21.796,0.0,41.796,41.796,125.0,0.0,,90.0,-20.0,41.796
2026-02-26 16:06:00,21.892,0.0,41.892,41.892,125.0,0.0,,90.0,-20.0,41.892
2026-02-26 16:07:00,21.99,0.0,41.99,41.99,125.0,0.0,,90.0,-20.0,41.99
2026-02-26 16:08:00,22.09,0.0,42.09,42.09,125.0,0.0,,90.0,-20.0,42.09
2026-02-26 16:09:00,22.192,0.0,42.192,42.192,125.0,0.0,,90.0,-20.0,42.192
2026-02-26 16:10:00,22.295,0.0,42.295,42.295,125.0,0.0,,90.0,-20.0,42.295
2026-02-26 16:11:00,22.4,0.0,42.4,42.4,125.0,0.0,,90.0,-20.0,42.4
2026-02-26 16:12:00,22.506,0.0,42.506,42.506,125.0,0.0,,90.0,-20.0,42.506
2026-02-26 16:13:00,22.615,0.0,42.615,42.615,125.0,0.0,,90.0,-20.0,42.615
2026-02-26 16:14:00,22.725,0.0,42.725,42.725,125.0,0.0,,90.0,-20.0,42.725
2026-02-26 16:15:00,22.837,0.0,42.837,42.837,125.0,0.0,,90.0,-20.0,42.837
2026-02-26 16:16:00,22.951,0.0,42.951,42.951,125.0,0.0,,90.0,-20.0,42.951
2026-02-26 16:17:00,23.067,0.0,43.067,43.067,125.0,0.0,,90.0,-20.0,43.067
2026-02-26 16:18:00,23.184,0.0,43.184,43.184,125.0,0.0,,90.0,-20.0,43.184
2026-02-26 16:19:00,23.303,0.0,43.303,43.303,125.0,0.0,,90.0,-20.0,43.303
2026-02-26 16:20:00,23.425,0.0,43.425,43.425,125.0,0.0,,90.0,-20.0,43.425
2026-02-26 16:21:00,23.548,0.0,43.548,43.548,125.0,0.0,,90.0,-20.0,43.548
2026-02-26 16:22:00,23.673,0.0,43.673,43.673,125.0,0.0,,90.0,-20.0,43.673
2026-02-26 16:23:00,23.8,0.0,43.8,43.8,125.0,0.0,,90.0,-20.0,43.8
2026-02-26 16:24:00,23.928,0.0,43.928,43.928,125.0,0.0,,90.0,-20.0,43.928
2026-02-26 16:25:00,24.059,0.0,44.059,44.059,125.0,0.0,,90.0,-20.0,44.059
2026-02-26 16:26:00,24.192,0.0,44.192,44.192,125.0,0.0,,90.0,-20.0,44.192
2026-02-26 16:27:00,24.326,0.0,44.326,44.326,125.0,0.0,,90.0,-20.0,44.326
2026-02-26 16:28:00,24.463,0.0,44.463,44.463,125.0,0.0,,90.0,-20.0,44.463
2026-02-26 16:29:00,24.601,0.0,44.601,44.601,125.0,0.0,,90.0,-20.0,44.601
2026-02-26 16:30:00,24.742,0.0,44.742,44.742,125.0,0.0,,90.0,-20.0,44.742
2026-02-26 16:31:00,24.884,0.0,44.884,44.884,125.0,0.0,,90.0,-20.0,44.884
2026-02-26 16:32:00,25.029,0.0,45.029,45.029,125.0,0.0,,90.0,-20.0,45.029
2026-02-26 16:33:00,25.175,0.0,45.175,45.175,125.0,0.0,,90.0,-20.0,45.175
2026-02-26 16:34:00,25.323,0.0,45.323,45.323,125.0,0.0,,90.0,-20.0,45.323
2026-02-26 16:35:00,25.474,0.0,45.474,45.474,125.0,0.0,,90.0,-20.0,45.474
2026-02-26 16:36:00,25.626,0.0,45.626,45.626,125.0,0.0,,90.0,-20.0,45.626
2026-02-26 16:37:00,25.781,0.0,45.781,45.781,125.0,0.0,,90.0,-20.0,45.781
2026-02-26 16:38:00,25.937,0.0,45.937,45.937,125.0,0.0,,90.0,-20.0,45.937
2026-02-26 16:39:00,26.096,0.0,46.096,46.096,125.0,0.0,,90.0,-20.0,46.096
2026-02-26 16:40:00,26.256,0.0,46.256,46.256,125.0,0.0,,90.0,-20.0,46.256
2026-02-26 16:41:00,26.419,0.0,46.419,46.419,125.0,0.0,,90.0,-20.0,46.419
2026-02-26 16:42:00,26.583,0.0,46.583,46.583,125.0,0.0,,90.0,-20.0,46.583
2026-02-26 16:43:00,26.75,0.0,46.75,46.75,125.0,0.0,,90.0,-20.0,46.75
2026-02-26 16:44:00,26.918,0.0,46.918,46.918,125.0,0.0,,90.0,-20.0,46.918
2026-02-26 16:45:00,27.089,0.0,47.089,47.089,125.0,0.0,,90.0,-20.0,47.089
2026-02-26 16:46:00,27.262,0.0,47.262,47.262,125.0,0.0,,90.0,-20.0,47.262
2026-02-26 16:47:00,27.436,0.0,47.436,47.436,125.0,0.0,,90.0,-20.0,47.436
2026-02-26 16:48:00,27.613,0.0,47.613,47.613,125.0,0.0,,90.0,-20.0,47.613
2026-02-26 16:49:00,27.792,0.0,47.792,47.792,125.0,0.0,,90.0,-20.0,47.792
2026-02-26 16:50:00,27.973,0.0,47.973,47.973,125.0,0.0,,90.0,-20.0,47.973
2026-02-26 16:51:00,28.156,0.0,48.156,48.156,125.0,0.0,,90.0,-20.0,48.156
2026-02-26 16:52:00,28.34,0.0,48.34,48.34,125.0,0.0,,90.0,-20.0,48.34
2026-02-26 16:53:00,28.527,0.0,48.527,48.527,125.0,0.0,,90.0,-20.0,48.527
2026-02-26 16:54:00,28.716,0.0,48.716,48.716,125.0,0.0,,90.0,-20.0,48.716
2026-02-26 16:55:00,28.907,0.0,48.907,48.907,125.0,0.0,,90.0,-20.0,48.907
2026-02-26 16:56:00,29.1,0.0,49.1,49.1,125.0,0.0,,90.0,-20.0,49.1
2026-02-26 16:57:00,29.295,0.0,49.295,49.295,125.0,0.0,,90.0,-20.0,49.295
2026-02-26 16:58:00,29.491,0.0,49.491,49.491,125.0,0.0,,90.0,-20.0,49.491
2026-02-26 16:59:00,29.69,0.0,49.69,49.69,125.0,0.0,,90.0,-20.0,49.69
2026-02-26 17:00:00,29.891,-10.0,49.891,49.891,125.0,0.0,,90.0,-20.0,49.891
2026-02-26 17:01:00,30.094,-10.0,50.094,50.094,125.0,0.0,,90.0,-20.0,50.094
2026-02-26 17:02:00,30.298,-10.0,50.298,50.298,125.0,0.0,,90.0,-20.0,50.298
2026-02-26 17:03:00,30.505,-10.0,50.505,50.505,125.0,0.0,,90.0,-20.0,50.505
2026-02-26 17:04:00,30.713,-10.0,50.713,50.713,125.0,0.0,,90.0,-20.0,50.713
2026-02-26 17:05:00,30.923,-10.0,50.923,50.923,125.0,0.0,,90.0,-20.0,50.923
2026-02-26 17:06:00,31.135,-10.0,51.135,51.135,125.0,0.0,,90.0,-20.0,51.135
2026-02-26 17:07:00,31.349,-10.0,51.349,51.349,125.0,0.0,,90.0,-20.0,51.349
2026-02-26 17:08:00,31.565,-10.0,51.565,51.565,125.0,0.0,,90.0,-20.0,51.565
2026-02-26 17:09:00,31.783,-10.0,51.783,51.783,125.0,0.0,,90.0,-20.0,51.783
2026-02-26 17:10:00,32.002,-10.0,52.002,52.002,125.0,0.0,,90.0,-20.0,52.002
2026-02-26 17:11:00,32.223,-10.0,52.223,52.223,125.0,0.0,,90.0,-20.0,52.223
2026-02-26 17:12:00,32.446,-10.0,51.978,51.978,125.0,0.0,,90.0,-19.532,51.978
2026-02-26 17:13:00,32.671,-10.0,50.91,50.91,125.0,0.0,,90.0,-18.239,50.91
2026-02-26 17:14:00,32.897,-10.0,49.842,49.842,125.0,0.0,,90.0,-16.945,49.842
2026-02-26 17:15:00,33.125,-10.0,48.773,48.773,125.0,0.0,,90.0,-15.647,48.773
2026-02-26 17:16:00,33.355,-10.0,47.702,47.702,125.0,0.0,,90.0,-14.347,47.702
2026-02-26 17:17:00,33.586,-10.0,46.631,46.631,125.0,0.0,,90.0,-13.045,46.631
2026-02-26 17:18:00,33.819,-10.0,45.559,45.559,125.0,0.0,,90.0,-11.739,45.559
2026-02-26 17:19:00,34.054,-10.0,44.486,44.486,125.0,0.0,,90.0,-10.432,44.486
2026-02-26 17:20:00,34.29,-10.0,43.412,43.412,125.0,0.0,,90.0,-9.122,43.412
2026-02-26 17:21:00,34.528,-10.0,42.337,42.337,125.0,0.0,,90.0,-7.81,42.337
2026-02-26 17:22:00,34.767,-10.0,41.262,41.262,125.0,0.0,,90.0,-6.495,41.262
2026-02-26 17:23:00,35.007,-10.0,40.186,40.186,125.0,0.0,,90.0,-5.178,40.186
2026-02-26 17:24:00,35.249,-10.0,39.109,39.109,125.0,0.0,,90.0,-3.859,39.109
2026-02-26 17:25:00,35.493,-10.0,38.031,38.031,125.0,0.0,,90.0,-2.538,38.031
2026-02-26 17:26:00,35.737,-10.0,36.952,36.952,125.0,0.0,,90.0,-1.215,36.952
2026-02-26 17:27:00,35.983,-10.0,35.873,35.873,125.0,0.0,,90.0,0.11,35.873
2026-02-26 17:28:00,36.231,-10.0,34.793,34.793,125.0,0.0,,90.0,1.437,34.793
2026-02-26 17:29:00,36.479,-10.0,33.713,33.713,125.0,0.0,,90.0,2.766,33.713
2026-02-26 17:30:00,36.729,-10.0,32.632,32.632,125.0,0.0,,90.0,4.097,32.632
2026-02-26 17:31:00,36.98,-10.0,31.55,31.55,125.0,0.0,,90.0,5.43,31.55
2026-02-26 17:32:00,37.232,-10.0,30.467,30.467,125.0,0.0,,90.0,6.765,30.467
2026-02-26 17:33:00,37.485,-10.0,29.384,29.384,125.0,0.0,,90.0,8.101,29.384
2026-02-26 17:34:00,37.739,-10.0,28.301,28.301,125.0,0.0,,90.0,9.439,28.301
2026-02-26 17:35:00,37.995,-10.0,27.217,27.217,125.0,0.0,,90.0,10.778,27.217
2026-02-26 17:36:00,38.251,-10.0,26.132,26.132,125.0,0.0,,90.0,12.119,26.132
2026-02-26 17:37:00,38.508,-10.0,25.047,25.047,125.0,0.0,,90.0,13.461,25.047
2026-02-26 17:38:00,38.766,-10.0,23.961,23.961,125.0,0.0,,90.0,14.805,23.961
2026-02-26 17:39:00,39.025,-10.0,22.875,22.875,125.0,0.0,,90.0,16.15,22.875
2026-02-26 17:40:00,39.285,-10.0,21.789,21.789,125.0,0.0,,90.0,17.496,21.789
2026-02-26 17:41:00,39.545,-10.0,20.702,20.702,125.0,0.0,,90.0,18.843,20.702
2026-02-26 17:42:00,39.806,-10.0,19.615,19.615,125.0,0.0,,90.0,20.191,19.615
2026-02-26 17:43:00,40.068,-10.0,18.527,18.527,125.0,0.0,,90.0,21.541,18.527
2026-02-26 17:44:00,40.33,-10.0,17.439,17.439,125.0,0.0,,90.0,22.891,17.439
2026-02-26 17:45:00,40.593,-10.0,16.351,16.351,125.0,0.0,,90.0,24.242,16.351
2026-02-26 17:46:00,40.856,-10.0,15.262,15.262,125.0,0.0,,90.0,25.594,15.262
2026-02-26 17:47:00,41.12,-10.0,14.173,14.173,125.0,0.0,,90.0,26.947,14.173
2026-02-26 17:48:00,41.384,-10.0,13.084,13.084,125.0,0.0,,90.0,28.3,13.084
2026-02-26 17:49:00,41.649,-10.0,11.995,11.995,125.0,0.0,,90.0,29.654,11.995
2026-02-26 17:50:00,41.913,-10.0,10.905,10.905,125.0,0.0,,90.0,31.009,10.905
2026-02-26 17:51:00,42.178,-10.0,9.815,9.815,125.0,0.0,,90.0,32.364,9.815
2026-02-26 17:52:00,42.444,-10.0,8.725,8.725,125.0,0.0,,90.0,33.719,8.725
2026-02-26 17:53:00,42.709,-10.0,7.635,7.635,125.0,0.0,,90.0,35.074,7.635
2026-02-26 17:54:00,42.974,-10.0,6.544,6.544,125.0,0.0,,90.0,36.43,6.544
2026-02-26 17:55:00,43.24,-10.0,5.454,5.454,125.0,0.0,,90.0,37.786,5.454
2026-02-26 17:56:00,43.505,-10.0,4.363,4.363,125.0,0.0,,90.0,39.142,4.363
2026-02-26 17:57:00,43.77,-10.0,3.272,3.272,125.0,0.0,,90.0,40.498,3.272
2026-02-26 17:58:00,44.035,-10.0,2.182,2.182,125.0,0.0,,90.0,41.853,2.182
2026-02-26 17:59:00,44.3,-10.0,1.091,1.091,125.0,0.0,,90.0,43.209,1.091
2026-02-26 18:00:00,44.564,-10.0,0.0,0.0,125.0,0.0,,90.0,44.564,0.0
2026-02-26 18:01:00,44.828,-10.0,0.0,0.0,125.0,0.0,,90.0,44.828,0.0
2026-02-26 18:02:00,45.092,-10.0,0.0,0.0,125.0,0.0,,90.0,45.092,0.0
2026-02-26 18:03:00,45.355,-10.0,0.0,0.0,125.0,0.0,,90.0,45.355,0.0
2026-02-26 18:04:00,45.618,-10.0,0.0,0.0,125.0,0.0,,90.0,45.618,0.0
2026-02-26 18:05:00,45.88,-10.0,0.0,0.0,125.0,0.0,,90.0,45.88,0.0
2026-02-26 18:06:00,46.142,-10.0,0.0,0.0,125.0,0.0,,90.0,46.142,0.0
2026-02-26 18:07:00,46.402,-10.0,0.0,0.0,125.0,0.0,,90.0,46.402,0.0
2026-02-26 18:08:00,46.662,-10.0,0.0,0.0,125.0,0.0,,90.0,46.662,0.0
2026-02-26 18:09:00,46.921,-10.0,0.0,0.0,125.0,0.0,,90.0,46.921,0.0
2026-02-26 18:10:00,47.179,-10.0,0.0,0.0,125.0,0.0,,90.0,47.179,0.0
2026-02-26 18:11:00,47.436,-10.0,0.0,0.0,125.0,0.0,,90.0,47.436,0.0
2026-02-26 18:12:00,47.692,-10.0,0.0,0.0,125.0,0.0,,90.0,47.692,0.0
2026-02-26 18:13:00,47.947,-10.0,0.0,0.0,125.0,0.0,,90.0,47.947,0.0
2026-02-26 18:14:00,48.201,-10.0,0.0,0.0,125.0,0.0,,90.0,48.201,0.0
2026-02-26 18:15:00,48.454,-10.0,0.0,0.0,125.0,0.0,,90.0,48.454,0.0
2026-02-26 18:16:00,48.705,-10.0,0.0,0.0,125.0,0.0,,90.0,48.705,0.0
2026-02-26 18:17:00,48.955,-10.0,0.0,0.0,125.0,0.0,,90.0,48.955,0.0
2026-02-26 18:18:00,49.203,-10.0,0.0,0.0,125.0,0.0,,90.0,49.203,0.0
2026-02-26 18:19:00,49.45,-10.0,0.0,0.0,125.0,0.0,,90.0,49.45,0.0
2026-02-26 18:20:00,49.696,-10.0,0.0,0.0,125.0,0.0,,90.0,49.696,0.0
2026-02-26 18:21:00,49.939,-10.0,0.0,0.0,125.0,0.0,,90.0,49.939,0.0
2026-02-26 18:22:00,50.181,-10.0,0.0,0.0,125.0,0.0,,90.0,50.181,0.0
2026-02-26 18:23:00,50.421,-10.0,0.0,0.0,125.0,0.0,,90.0,50.421,0.0
2026-02-26 18:24:00,50.66,-10.0,0.0,0.0,125.0,0.0,,90.0,50.66,0.0
2026-02-26 18:25:00,50.896,-10.0,0.0,0.0,125.0,0.0,,90.0,50.896,0.0
2026-02-26 18:26:00,51.131,-10.0,0.0,0.0,125.0,0.0,,90.0,51.131,0.0
2026-02-26 18:27:00,51.363,-10.0,0.0,0.0,125.0,0.0,,90.0,51.363,0.0
2026-02-26 18:28:00,51.594,-10.0,0.0,0.0,125.0,0.0,,90.0,51.594,0.0
2026-02-26 18:29:00,51.822,-10.0,0.0,0.0,125.0,0.0,,90.0,51.822,0.0
2026-02-26 18:30:00,52.048,-10.0,0.0,0.0,125.0,0.0,,90.0,52.048,0.0
2026-02-26 18:31:00,52.272,-10.0,0.0,0.0,125.0,0.0,,90.0,52.272,0.0
2026-02-26 18:32:00,52.493,-10.0,0.0,0.0,125.0,0.0,,90.0,52.493,0.0
2026-02-26 18:33:00,52.712,-10.0,0.0,0.0,125.0,0.0,,90.0,52.712,0.0
2026-02-26 18:34:00,52.929,-10.0,0.0,0.0,125.0,0.0,,90.0,52.929,0.0
2026-02-26 18:35:00,53.143,-10.0,0.0,0.0,125.0,0.0,,90.0,53.143,0.0
2026-02-26 18:36:00,53.354,-10.0,0.0,0.0,125.0,0.0,,90.0,53.354,0.0
2026-02-26 18:37:00,53.563,-10.0,0.0,0.0,125.0,0.0,,90.0,53.563,0.0
2026-02-26 18:38:00,53.769,-10.0,0.0,0.0,125.0,0.0,,90.0,53.769,0.0
2026-02-26 18:39:00,53.972,-10.0,0.0,0.0,125.0,0.0,,90.0,53.972,0.0
2026-02-26 18:40:00,54.173,-10.0,0.0,0.0,125.0,0.0,,90.0,54.173,0.0
2026-02-26 18:41:00,54.37,-10.0,0.0,0.0,125.0,0.0,,90.0,54.37,0.0
2026-02-26 18:42:00,54.565,-10.0,0.0,0.0,125.0,0.0,,90.0,54.565,0.0
2026-02-26 18:43:00,54.756,-10.0,0.0,0.0,125.0,0.0,,90.0,54.756,0.0
2026-02-26 18:44:00,54.945,-10.0,0.0,0.0,125.0,0.0,,90.0,54.945,0.0
2026-02-26 18:45:00,55.13,-10.0,0.0,0.0,125.0,0.0,,90.0,55.13,0.0
2026-02-26 18:46:00,55.312,-10.0,0.0,0.0,125.0,0.0,,90.0,55.312,0.0
2026-02-26 18:47:00,55.491,-10.0,0.0,0.0,125.0,0.0,,90.0,55.491,0.0
2026-02-26 18:48:00,55.667,-10.0,0.0,0.0,125.0,0.0,,90.0,55.667,0.0
2026-02-26 18:49:00,55.839,-10.0,0.0,0.0,125.0,0.0,,90.0,55.839,0.0
2026-02-26 18:50:00,56.008,-10.0,0.0,0.0,125.0,0.0,,90.0,56.008,0.0
2026-02-26 18:51:00,56.173,-10.0,0.0,0.0,125.0,0.0,,90.0,56.173,0.0
2026-02-26 18:52:00,56.335,-10.0,0.0,0.0,125.0,0.0,,90.0,56.335,0.0
2026-02-26 18:53:00,56.494,-10.0,0.0,0.0,125.0,0.0,,90.0,56.494,0.0
2026-02-26 18:54:00,56.648,-10.0,0.0,0.0,125.0,0.0,,90.0,56.648,0.0
2026-02-26 18:55:00,56.799,-10.0,0.0,0.0,125.0,0.0,,90.0,56.799,0.0
2026-02-26 18:56:00,56.947,-10.0,0.0,0.0,125.0,0.0,,90.0,56.947,0.0
2026-02-26 18:57:00,57.09,-10.0,0.0,0.0,125.0,0.0,,90.0,57.09,0.0
2026-02-26 18:58:00,57.23,-10.0,0.0,0.0,125.0,0.0,,90.0,57.23,0.0
2026-02-26 18:59:00,57.366,-10.0,0.0,0.0,125.0,0.0,,90.0,57.366,0.0
2026-02-26 19:00:00,57.498,50.0,50.0,50.0,125.0,50.0,50.0,89.58,7.498,0.0
2026-02-26 19:01:00,57.627,50.0,50.0,50.0,125.0,50.0,50.0,89.17,7.627,0.0
2026-02-26 19:02:00,57.751,50.0,50.0,50.0,125.0,50.0,50.0,88.75,7.751,0.0
2026-02-26 19:03:00,57.871,50.0,50.0,50.0,125.0,50.0,50.0,88.33,7.871,0.0
2026-02-26 19:04:00,57.988,50.0,50.0,50.0,125.0,50.0,50.0,87.92,7.988,0.0
2026-02-26 19:05:00,58.1,50.0,50.0,50.0,125.0,50.0,50.0,87.5,8.1,0.0
2026-02-26 19:06:00,58.208,50.0,50.0,50.0,125.0,50.0,50.0,87.08,8.208,0.0
2026-02-26 19:07:00,58.312,50.0,50.0,50.0,125.0,50.0,50.0,86.67,8.312,0.0
2026-02-26 19:08:00,58.411,50.0,50.0,50.0,125.0,50.0,50.0,86.25,8.411,0.0
2026-02-26 19:09:00,58.507,50.0,50.0,50.0,125.0,50.0,50.0,85.83,8.507,0.0
2026-02-26 19:10:00,58.598,50.0,50.0,50.0,125.0,50.0,50.0,85.42,8.598,0.0
2026-02-26 19:11:00,58.685,50.0,50.0,50.0,125.0,50.0,50.0,85.0,8.685,0.0
2026-02-26 19:12:00,58.768,50.0,50.0,50.0,125.0,50.0,50.0,84.58,8.768,0.0
2026-02-26 19:13:00,58.847,50.0,50.0,50.0,125.0,50.0,50.0,84.17,8.847,0.0
2026-02-26 19:14:00,58.921,50.0,50.0,50.0,125.0,50.0,50.0,83.75,8.921,0.0
2026-02-26 19:15:00,58.99,50.0,50.0,50.0,125.0,50.0,50.0,83.33,8.99,0.0
2026-02-26 19:16:00,59.056,50.0,50.0,50.0,125.0,50.0,50.0,82.92,9.056,0.0
2026-02-26 19:17:00,59.117,50.0,50.0,50.0,125.0,50.0,50.0,82.5,9.117,0.0
2026-02-26 19:18:00,59.173,50.0,50.0,50.0,125.0,50.0,50.0,82.08,9.173,0.0
2026-02-26 19:19:00,59.225,50.0,50.0,50.0,125.0,50.0,50.0,81.67,9.225,0.0
2026-02-26 19:20:00,59.273,50.0,50.0,50.0,125.0,50.0,50.0,81.25,9.273,0.0
2026-02-26 19:21:00,59.316,50.0,50.0,50.0,125.0,50.0,50.0,80.83,9.316,0.0
2026-02-26 19:22:00,59.354,50.0,50.0,50.0,125.0,50.0,50.0,80.42,9.354,0.0
2026-02-26 19:23:00,59.388,50.0,50.0,50.0,125.0,50.0,50.0,80.0,9.388,0.0
2026-02-26 19:24:00,59.418,50.0,50.0,50.0,125.0,50.0,50.0,79.58,9.418,0.0
2026-02-26 19:25:00,59.443,50.0,50.0,50.0,125.0,50.0,50.0,79.17,9.443,0.0
2026-02-26 19:26:00,59.464,50.0,50.0,50.0,125.0,50.0,50.0,78.75,9.464,0.0
2026-02-26 19:27:00,59.479,50.0,50.0,50.0,125.0,50.0,50.0,78.33,9.479,0.0
2026-02-26 19:28:00,59.491,50.0,50.0,50.0,125.0,50.0,50.0,77.92,9.491,0.0
2026-02-26 19:29:00,59.498,50.0,50.0,50.0,125.0,50.0,50.0,77.5,9.498,0.0
2026-02-26 19:30:00,59.5,50.0,50.0,50.0,125.0,50.0,50.0,77.08,9.5,0.0
2026-02-26 19:31:00,59.498,50.0,50.0,50.0,125.0,50.0,50.0,76.67,9.498,0.0
2026-02-26 19:32:00,59.491,50.0,50.0,50.0,125.0,50.0,50.0,76.25,9.491,0.0
2026-02-26 19:33:00,59.479,50.0,50.0,50.0,125.0,50.0,50.0,75.83,9.479,0.0
2026-02-26 19:34:00,59.464,50.0,50.0,50.0,125.0,50.0,50.0,75.42,9.464,0.0
2026-02-26 19:35:00,59.443,50.0,50.0,50.0,125.0,50.0,50.0,75.0,9.443,0.0
2026-02-26 19:36:00,59.418,50.0,50.0,50.0,125.0,50.0,50.0,74.58,9.418,0.0
2026-02-26 19:37:00,59.388,50.0,50.0,50.0,125.0,50.0,50.0,74.17,9.388,0.0
2026-02-26 19:38:00,59.354,50.0,50.0,50.0,125.0,50.0,50.0,73.75,9.354,0.0
2026-02-26 19:39:00,59.316,50.0,50.0,50.0,125.0,50.0,50.0,73.33,9.316,0.0
2026-02-26 19:40:00,59.273,50.0,50.0,50.0,125.0,50.0,50.0,72.92,9.273,0.0
2026-02-26 19:41:00,59.225,50.0,50.0,50.0,125.0,50.0,50.0,72.5,9.225,0.0
2026-02-26 19:42:00,59.173,50.0,50.0,50.0,125.0,50.0,50.0,72.08,9.173,0.0
2026-02-26 19:43:00,59.117,50.0,50.0,50.0,125.0,50.0,50.0,71.67,9.117,0.0
2026-02-26 19:44:00,59.056,50.0,50.0,50.0,125.0,50.0,50.0,71.25,9.056,0.0
2026-02-26 19:45:00,58.99,50.0,50.0,50.0,125.0,50.0,50.0,70.83,8.99,0.0
2026-02-26 19:46:00,58.921,50.0,50.0,50.0,125.0,50.0,50.0,70.42,8.921,0.0
2026-02-26 19:47:00,58.847,50.0,50.0,50.0,125.0,50.0,50.0,70.0,8.847,0.0
2026-02-26 19:48:00,58.768,50.0,50.0,50.0,125.0,50.0,50.0,69.58,8.768,0.0
2026-02-26 19:49:00,58.685,50.0,50.0,50.0,125.0,50.0,50.0,69.17,8.685,0.0
2026-02-26 19:50:00,58.598,50.0,50.0,50.0,125.0,50.0,50.0,68.75,8.598,0.0
2026-02-26 19:51:00,58.507,50.0,50.0,50.0,125.0,50.0,50.0,68.33,8.507,0.0
2026-02-26 19:52:00,58.411,50.0,50.0,50.0,125.0,50.0,50.0,67.92,8.411,0.0
2026-02-26 19:53:00,58.312,50.0,50.0,50.0,125.0,50.0,50.0,67.5,8.312,0.0
2026-02-26 19:54:00,58.208,50.0,50.0,50.0,125.0,50.0,50.0,67.08,8.208,0.0
2026-02-26 19:55:00,58.1,50.0,50.0,50.0,125.0,50.0,50.0,66.67,8.1,0.0
2026-02-26 19:56:00,57.988,50.0,50.0,50.0,125.0,50.0,50.0,66.25,7.988,0.0
2026-02-26 19:57:00,57.871,50.0,50.0,50.0,125.0,50.0,50.0,65.83,7.871,0.0
2026-02-26 19:58:00,57.751,50.0,50.0,50.0,125.0,50.0,50.0,65.42,7.751,0.0
2026-02-26 19:59:00,57.627,50.0,50.0,50.0,125.0,50.0,50.0,65.0,7.627,0.0
2026-02-26 20:00:00,57.498,50.0,50.0,50.0,125.0,50.0,50.0,64.58,7.498,0.0
2026-02-26 20:01:00,57.366,50.0,50.0,50.0,125.0,50.0,50.0,64.17,7.366,0.0
2026-02-26 20:02:00,57.23,50.0,50.0,50.0,125.0,50.0,50.0,63.75,7.23,0.0
2026-02-26 20:03:00,57.09,50.0,50.0,50.0,125.0,50.0,50.0,63.33,7.09,0.0
2026-02-26 20:04:00,56.947,50.0,50.0,50.0,125.0,50.0,50.0,62.92,6.947,0.0
2026-02-26 20:05:00,56.799,50.0,50.0,50.0,125.0,50.0,50.0,62.5,6.799,0.0
2026-02-26 20:06:00,56.648,50.0,50.0,50.0,125.0,50.0,50.0,62.08,6.648,0.0
2026-02-26 20:07:00,56.494,50.0,50.0,50.0,125.0,50.0,50.0,61.67,6.494,0.0
2026-02-26 20:08:00,56.335,50.0,50.0,50.0,125.0,50.0,50.0,61.25,6.335,0.0
2026-02-26 20:09:00,56.173,50.0,50.0,50.0,125.0,50.0,50.0,60.83,6.173,0.0
2026-02-26 20:10:00,56.008,50.0,50.0,50.0,125.0,50.0,50.0,60.42,6.008,0.0
2026-02-26 20:11:00,55.839,50.0,50.0,50.0,125.0,50.0,50.0,60.0,5.839,0.0
2026-02-26 20:12:00,55.667,50.0,50.0,50.0,125.0,50.0,50.0,59.58,5.667,0.0
2026-02-26 20:13:00,55.491,50.0,50.0,50.0,125.0,50.0,50.0,59.17,5.491,0.0
2026-02-26 20:14:00,55.312,50.0,50.0,50.0,125.0,50.0,50.0,58.75,5.312,0.0
2026-02-26 20:15:00,55.13,50.0,50.0,50.0,125.0,50.0,50.0,58.33,5.13,0.0
2026-02-26 20:16:00,54.945,50.0,50.0,50.0,125.0,50.0,50.0,57.92,4.945,0.0
2026-02-26 20:17:00,54.756,50.0,50.0,50.0,125.0,50.0,50.0,57.5,4.756,0.0
2026-02-26 20:18:00,54.565,50.0,50.0,50.0,125.0,50.0,50.0,57.08,4.565,0.0
2026-02-26 20:19:00,54.37,50.0,50.0,50.0,125.0,50.0,50.0,56.67,4.37,0.0
2026-02-26 20:20:00,54.173,50.0,50.0,50.0,125.0,50.0,50.0,56.25,4.173,0.0
2026-02-26 20:21:00,53.972,50.0,50.0,50.0,125.0,50.0,50.0,55.83,3.972,0.0
2026-02-26 20:22:00,53.769,50.0,50.0,50.0,125.0,50.0,50.0,55.42,3.769,0.0
2026-02-26 20:23:00,53.563,50.0,50.0,50.0,125.0,50.0,50.0,55.0,3.563,0.0
2026-02-26 20:24:00,53.354,50.0,50.0,50.0,125.0,50.0,50.0,54.58,3.354,0.0
2026-02-26 20:25:00,53.143,50.0,50.0,50.0,125.0,50.0,50.0,54.17,3.143,0.0
2026-02-26 20:26:00,52.929,50.0,50.0,50.0,125.0,50.0,50.0,53.75,2.929,0.0
2026-02-26 20:27:00,52.712,50.0,50.0,50.0,125.0,50.0,50.0,53.33,2.712,0.0
2026-02-26 20:28:00,52.493,50.0,50.0,50.0,125.0,50.0,50.0,52.92,2.493,0.0
2026-02-26 20:29:00,52.272,50.0,50.0,50.0,125.0,50.0,50.0,52.5,2.272,0.0
2026-02-26 20:30:00,52.048,50.0,50.0,50.0,125.0,50.0,50.0,52.08,2.048,0.0
2026-02-26 20:31:00,51.822,50.0,50.0,50.0,125.0,50.0,50.0,51.67,1.822,0.0
2026-02-26 20:32:00,51.594,50.0,50.0,50.0,125.0,50.0,50.0,51.25,1.594,0.0
2026-02-26 20:33:00,51.363,50.0,50.0,50.0,125.0,50.0,50.0,50.83,1.363,0.0
2026-02-26 20:34:00,51.131,50.0,50.0,50.0,125.0,50.0,50.0,50.42,1.131,0.0
2026-02-26 20:35:00,50.896,50.0,50.0,50.0,125.0,50.0,50.0,50.0,0.896,0.0
2026-02-26 20:36:00,50.66,50.0,50.0,50.0,125.0,50.0,50.0,49.58,0.66,0.0
2026-02-26 20:37:00,50.421,50.0,50.0,50.0,125.0,50.0,50.0,49.17,0.421,0.0
2026-02-26 20:38:00,50.181,50.0,50.0,50.0,125.0,50.0,50.0,48.75,0.181,0.0
2026-02-26 20:39:00,49.939,50.0,50.0,50.0,125.0,50.0,50.0,48.33,-0.061,0.0
2026-02-26 20:40:00,49.696,50.0,50.0,50.0,125.0,50.0,50.0,47.92,-0.304,0.0
2026-02-26 20:41:00,49.45,50.0,50.0,50.0,125.0,50.0,50.0,47.5,-0.55,0.0
2026-02-26 20:42:00,49.203,50.0,50.0,50.0,125.0,50.0,50.0,47.08,-0.797,0.0
2026-02-26 20:43:00,48.955,50.0,50.0,50.0,125.0,50.0,50.0,46.67,-1.045,0.0
2026-02-26 20:44:00,48.705,50.0,50.0,50.0,125.0,50.0,50.0,46.25,-1.295,0.0
2026-02-26 20:45:00,48.454,50.0,50.0,50.0,125.0,50.0,50.0,45.83,-1.546,0.0
2026-02-26 20:46:00,48.201,50.0,50.0,50.0,125.0,50.0,50.0,45.42,-1.799,0.0
2026-02-26 20:47:00,47.947,50.0,50.0,50.0,125.0,50.0,50.0,45.0,-2.053,0.0
2026-02-26 20:48:00,47.692,50.0,50.0,50.0,125.0,50.0,50.0,44.58,-2.308,0.0
2026-02-26 20:49:00,47.436,50.0,50.0,50.0,125.0,50.0,50.0,44.17,-2.564,0.0
2026-02-26 20:50:00,47.179,50.0,50.0,50.0,125.0,50.0,50.0,43.75,-2.821,0.0
2026-02-26 20:51:00,46.921,50.0,50.0,50.0,125.0,50.0,50.0,43.33,-3.079,0.0
2026-02-26 20:52:00,46.662,50.0,50.0,50.0,125.0,50.0,50.0,42.92,-3.338,0.0
2026-02-26 20:53:00,46.402,50.0,50.0,50.0,125.0,50.0,50.0,42.5,-3.598,0.0
2026-02-26 20:54:00,46.142,50.0,50.0,50.0,125.0,50.0,50.0,42.08,-3.858,0.0
2026-02-26 20:55:00,45.88,50.0,50.0,50.0,125.0,50.0,50.0,41.67,-4.12,0.0
2026-02-26 20:56:00,45.618,50.0,50.0,50.0,125.0,50.0,50.0,41.25,-4.382,0.0
2026-02-26 20:57:00,45.355,50.0,50.0,50.0,125.0,50.0,50.0,40.83,-4.645,0.0
2026-02-26 20:58:00,45.092,50.0,50.0,50.0,125.0,50.0,50.0,40.42,-4.908,0.0
2026-02-26 20:59:00,44.828,50.0,50.0,50.0,125.0,50.0,50.0,40.0,-5.172,0.0
2026-02-26 21:00:00,44.564,50.0,50.0,50.0,125.0,50.0,50.0,39.58,-5.436,0.0
2026-02-26 21:01:00,44.3,50.0,50.0,50.0,125.0,50.0,50.0,39.17,-5.7,0.0
2026-02-26 21:02:00,44.035,50.0,50.0,50.0,125.0,50.0,50.0,38.75,-5.965,0.0
2026-02-26 21:03:00,43.77,50.0,50.0,50.0,125.0,50.0,50.0,38.33,-6.23,0.0
2026-02-26 21:04:00,43.505,50.0,50.0,50.0,125.0,50.0,50.0,37.92,-6.495,0.0
2026-02-26 21:05:00,43.24,50.0,50.0,50.0,125.0,50.0,50.0,37.5,-6.76,0.0
2026-02-26 21:06:00,42.974,50.0,50.0,50.0,125.0,50.0,50.0,37.08,-7.026,0.0
2026-02-26 21:07:00,42.709,50.0,50.0,50.0,125.0,50.0,50.0,36.67,-7.291,0.0
2026-02-26 21:08:00,42.444,50.0,50.0,50.0,125.0,50.0,50.0,36.25,-7.556,0.0
2026-02-26 21:09:00,42.178,50.0,50.0,50.0,125.0,50.0,50.0,35.83,-7.822,0.0
2026-02-26 21:10:00,41.913,50.0,50.0,50.0,125.0,50.0,50.0,35.42,-8.087,0.0
2026-02-26 21:11:00,41.649,50.0,50.0,50.0,125.0,50.0,50.0,35.0,-8.351,0.0
2026-02-26 21:12:00,41.384,50.0,50.0,50.0,125.0,50.0,50.0,34.58,-8.616,0.0
2026-02-26 21:13:00,41.12,50.0,50.0,50.0,125.0,50.0,50.0,34.17,-8.88,0.0
2026-02-26 21:14:00,40.856,50.0,50.0,50.0,125.0,50.0,50.0,33.75,-9.144,0.0
2026-02-26 21:15:00,40.593,50.0,50.0,50.0,125.0,50.0,50.0,33.33,-9.407,0.0
2026-02-26 21:16:00,40.33,50.0,50.0,50.0,125.0,50.0,50.0,32.92,-9.67,0.0
2026-02-26 21:17:00,40.068,50.0,50.0,50.0,125.0,50.0,50.0,32.5,-9.932,0.0
2026-02-26 21:18:00,39.806,50.0,50.0,50.0,125.0,50.0,50.0,32.08,-10.194,0.0
2026-02-26 21:19:00,39.545,50.0,50.0,50.0,125.0,50.0,50.0,31.67,-10.455,0.0
2026-02-26 21:20:00,39.285,50.0,50.0,50.0,125.0,50.0,50.0,31.25,-10.715,0.0
2026-02-26 21:21:00,39.025,50.0,50.0,50.0,125.0,50.0,50.0,30.83,-10.975,0.0
2026-02-26 21:22:00,38.766,50.0,50.0,50.0,125.0,50.0,50.0,30.42,-11.234,0.0
2026-02-26 21:23:00,38.508,50.0,50.0,50.0,125.0,50.0,50.0,30.0,-11.492,0.0
2026-02-26 21:24:00,38.251,50.0,50.0,50.0,125.0,50.0,50.0,29.58,-11.749,0.0
2026-02-26 21:25:00,37.995,50.0,50.0,50.0,125.0,50.0,50.0,29.17,-12.005,0.0
2026-02-26 21:26:00,37.739,50.0,50.0,50.0,125.0,50.0,50.0,28.75,-12.261,0.0
2026-02-26 21:27:00,37.485,50.0,50.0,50.0,125.0,50.0,50.0,28.33,-12.515,0.0
2026-02-26 21:28:00,37.232,50.0,50.0,50.0,125.0,50.0,50.0,27.92,-12.768,0.0
2026-02-26 21:29:00,36.98,50.0,50.0,50.0,125.0,50.0,50.0,27.5,-13.02,0.0
2026-02-26 21:30:00,36.729,50.0,50.0,50.0,125.0,50.0,50.0,27.08,-13.271,0.0
2026-02-26 21:31:00,36.479,50.0,50.0,50.0,125.0,50.0,50.0,26.67,-13.521,0.0
2026-02-26 21:32:00,36.231,50.0,50.0,50.0,125.0,50.0,50.0,26.25,-13.769,0.0
2026-02-26 21:33:00,35.983,50.0,50.0,50.0,125.0,50.0,50.0,25.83,-14.017,0.0
2026-02-26 21:34:00,35.737,50.0,50.0,50.0,125.0,50.0,50.0,25.42,-14.263,0.0
2026-02-26 21:35:00,35.493,50.0,50.0,50.0,125.0,50.0,50.0,25.0,-14.507,0.0
2026-02-26 21:36:00,35.249,50.0,50.0,50.0,125.0,50.0,50.0,24.58,-14.751,0.0
2026-02-26 21:37:00,35.007,50.0,50.0,50.0,125.0,50.0,50.0,24.17,-14.993,0.0
2026-02-26 21:38:00,34.767,50.0,50.0,50.0,125.0,50.0,50.0,23.75,-15.233,0.0
2026-02-26 21:39:00,34.528,50.0,50.0,50.0,125.0,50.0,50.0,23.33,-15.472,0.0
2026-02-26 21:40:00,34.29,50.0,50.0,50.0,125.0,50.0,50.0,22.92,-15.71,0.0
2026-02-26 21:41:00,34.054,50.0,50.0,50.0,125.0,50.0,50.0,22.5,-15.946,0.0
2026-02-26 21:42:00,33.819,50.0,50.0,50.0,125.0,50.0,50.0,22.08,-16.181,0.0
2026-02-26 21:43:00,33.586,50.0,50.0,50.0,125.0,50.0,50.0,21.67,-16.414,0.0
2026-02-26 21:44:00,33.355,50.0,50.0,50.0,125.0,50.0,50.0,21.25,-16.645,0.0
2026-02-26 21:45:00,33.125,50.0,50.0,50.0,125.0,50.0,50.0,20.83,-16.875,0.0
2026-02-26 21:46:00,32.897,50.0,50.0,50.0,125.0,50.0,50.0,20.42,-17.103,0.0
2026-02-26 21:47:00,32.671,50.0,50.0,50.0,125.0,50.0,50.0,20.0,-17.329,0.0
2026-02-26 21:48:00,32.446,50.0,50.0,50.0,125.0,50.0,50.0,19.58,-17.554,0.0
2026-02-26 21:49:00,32.223,50.0,50.0,50.0,125.0,50.0,50.0,19.17,-17.777,0.0
2026-02-26 21:50:00,32.002,50.0,50.0,50.0,125.0,50.0,50.0,18.75,-17.998,0.0
2026-02-26 21:51:00,31.783,50.0,50.0,50.0,125.0,50.0,50.0,18.33,-18.217,0.0
2026-02-26 21:52:00,31.565,50.0,50.0,50.0,125.0,50.0,50.0,17.92,-18.435,0.0
2026-02-26 21:53:00,31.349,50.0,50.0,50.0,125.0,50.0,50.0,17.5,-18.651,0.0
2026-02-26 21:54:00,31.135,50.0,50.0,50.0,125.0,50.0,50.0,17.08,-18.865,0.0
2026-02-26 21:55:00,30.923,50.0,50.0,50.0,125.0,50.0,50.0,16.67,-19.077,0.0
2026-02-26 21:56:00,30.713,50.0,50.0,50.0,125.0,50.0,50.0,16.25,-19.287,0.0
2026-02-26 21:57:00,30.505,50.0,50.0,50.0,125.0,50.0,50.0,15.83,-19.495,0.0
2026-02-26 21:58:00,30.298,50.0,50.0,50.0,125.0,50.0,50.0,15.42,-19.702,0.0
2026-02-26 21:59:00,30.094,50.0,50.0,50.0,125.0,50.0,50.0,15.0,-19.906,0.0
2026-02-26 22:00:00,29.891,0.0,0.0,0.0,125.0,0.0,,15.0,29.891,0.0
2026-02-26 22:01:00,29.69,0.0,0.0,0.0,125.0,0.0,,15.0,29.69,0.0
2026-02-26 22:02:00,29.491,0.0,0.0,0.0,125.0,0.0,,15.0,29.491,0.0
2026-02-26 22:03:00,29.295,0.0,0.0,0.0,125.0,0.0,,15.0,29.295,0.0
2026-02-26 22:04:00,29.1,0.0,0.0,0.0,125.0,0.0,,15.0,29.1,0.0
2026-02-26 22:05:00,28.907,0.0,0.0,0.0,125.0,0.0,,15.0,28.907,0.0
2026-02-26 22:06:00,28.716,0.0,0.0,0.0,125.0,0.0,,15.0,28.716,0.0
2026-02-26 22:07:00,28.527,0.0,0.0,0.0,125.0,0.0,,15.0,28.527,0.0
2026-02-26 22:08:00,28.34,0.0,0.0,0.0,125.0,0.0,,15.0,28.34,0.0
2026-02-26 22:09:00,28.156,0.0,0.0,0.0,125.0,0.0,,15.0,28.156,0.0
2026-02-26 22:10:00,27.973,0.0,0.0,0.0,125.0,0.0,,15.0,27.973,0.0
2026-02-26 22:11:00,27.792,0.0,0.0,0.0,125.0,0.0,,15.0,27.792,0.0
2026-02-26 22:12:00,27.613,0.0,0.0,0.0,125.0,0.0,,15.0,27.613,0.0
2026-02-26 22:13:00,27.436,0.0,0.0,0.0,125.0,0.0,,15.0,27.436,0.0
2026-02-26 22:14:00,27.262,0.0,0.0,0.0,125.0,0.0,,15.0,27.262,0.0
2026-02-26 22:15:00,27.089,0.0,0.0,0.0,125.0,0.0,,15.0,27.089,0.0
2026-02-26 22:16:00,26.918,0.0,0.0,0.0,125.0,0.0,,15.0,26.918,0.0
2026-02-26 22:17:00,26.75,0.0,0.0,0.0,125.0,0.0,,15.0,26.75,0.0
2026-02-26 22:18:00,26.583,0.0,0.0,0.0,125.0,0.0,,15.0,26.583,0.0
2026-02-26 22:19:00,26.419,0.0,0.0,0.0,125.0,0.0,,15.0,26.419,0.0
2026-02-26 22:20:00,26.256,0.0,0.0,0.0,125.0,0.0,,15.0,26.256,0.0
2026-02-26 22:21:00,26.096,0.0,0.0,0.0,125.0,0.0,,15.0,26.096,0.0
2026-02-26 22:22:00,25.937,0.0,0.0,0.0,125.0,0.0,,15.0,25.937,0.0
2026-02-26 22:23:00,25.781,0.0,0.0,0.0,125.0,0.0,,15.0,25.781,0.0
2026-02-26 22:24:00,25.626,0.0,0.0,0.0,125.0,0.0,,15.0,25.626,0.0
2026-02-26 22:25:00,25.474,0.0,0.0,0.0,125.0,0.0,,15.0,25.474,0.0
2026-02-26 22:26:00,25.323,0.0,0.0,0.0,125.0,0.0,,15.0,25.323,0.0
2026-02-26 22:27:00,25.175,0.0,0.0,0.0,125.0,0.0,,15.0,25.175,0.0
2026-02-26 22:28:00,25.029,0.0,0.0,0.0,125.0,0.0,,15.0,25.029,0.0
2026-02-26 22:29:00,24.884,0.0,0.0,0.0,125.0,0.0,,15.0,24.884,0.0
2026-02-26 22:30:00,24.742,0.0,0.0,0.0,125.0,0.0,,15.0,24.742,0.0
2026-02-26 22:31:00,24.601,0.0,0.0,0.0,125.0,0.0,,15.0,24.601,0.0
2026-02-26 22:32:00,24.463,0.0,0.0,0.0,125.0,0.0,,15.0,24.463,0.0
2026-02-26 22:33:00,24.326,0.0,0.0,0.0,125.0,0.0,,15.0,24.326,0.0
2026-02-26 22:34:00,24.192,0.0,0.0,0.0,125.0,0.0,,15.0,24.192,0.0
2026-02-26 22:35:00,24.059,0.0,0.0,0.0,125.0,0.0,,15.0,24.059,0.0
2026-02-26 22:36:00,23.928,0.0,0.0,0.0,125.0,0.0,,15.0,23.928,0.0
2026-02-26 22:37:00,23.8,0.0,0.0,0.0,125.0,0.0,,15.0,23.8,0.0
2026-02-26 22:38:00,23.673,0.0,0.0,0.0,125.0,0.0,,15.0,23.673,0.0
2026-02-26 22:39:00,23.548,0.0,0.0,0.0,125.0,0.0,,15.0,23.548,0.0
2026-02-26 22:40:00,23.425,0.0,0.0,0.0,125.0,0.0,,15.0,23.425,0.0
2026-02-26 22:41:00,23.303,0.0,0.0,0.0,125.0,0.0,,15.0,23.303,0.0
2026-02-26 22:42:00,23.184,0.0,0.0,0.0,125.0,0.0,,15.0,23.184,0.0
2026-02-26 22:43:00,23.067,0.0,0.0,0.0,125.0,0.0,,15.0,23.067,0.0
2026-02-26 22:44:00,22.951,0.0,0.0,0.0,125.0,0.0,,15.0,22.951,0.0
2026-02-26 22:45:00,22.837,0.0,0.0,0.0,125.0,0.0,,15.0,22.837,0.0
2026-02-26 22:46:00,22.725,0.0,0.0,0.0,125.0,0.0,,15.0,22.725,0.0
2026-02-26 22:47:00,22.615,0.0,0.0,0.0,125.0,0.0,,15.0,22.615,0.0
2026-02-26 22:48:00,22.506,0.0,0.0,0.0,125.0,0.0,,15.0,22.506,0.0
2026-02-26 22:49:00,22.4,0.0,0.0,0.0,125.0,0.0,,15.0,22.4,0.0
2026-02-26 22:50:00,22.295,0.0,0.0,0.0,125.0,0.0,,15.0,22.295,0.0
2026-02-26 22:51:00,22.192,0.0,0.0,0.0,125.0,0.0,,15.0,22.192,0.0
2026-02-26 22:52:00,22.09,0.0,0.0,0.0,125.0,0.0,,15.0,22.09,0.0
2026-02-26 22:53:00,21.99,0.0,0.0,0.0,125.0,0.0,,15.0,21.99,0.0
2026-02-26 22:54:00,21.892,0.0,0.0,0.0,125.0,0.0,,15.0,21.892,0.0
2026-02-26 22:55:00,21.796,0.0,0.0,0.0,125.0,0.0,,15.0,21.796,0.0
2026-02-26 22:56:00,21.701,0.0,0.0,0.0,125.0,0.0,,15.0,21.701,0.0
2026-02-26 22:57:00,21.608,0.0,0.0,0.0,125.0,0.0,,15.0,21.608,0.0
2026-02-26 22:58:00,21.517,0.0,0.0,0.0,125.0,0.0,,15.0,21.517,0.0
2026-02-26 22:59:00,21.427,0.0,0.0,0.0,125.0,0.0,,15.0,21.427,0.0
2026-02-26 23:00:00,21.339,0.0,0.0,0.0,125.0,0.0,,15.0,21.339,0.0
2026-02-26 23:01:00,21.252,0.0,0.0,0.0,125.0,0.0,,15.0,21.252,0.0
2026-02-26 23:02:00,21.167,0.0,0.0,0.0,125.0,0.0,,15.0,21.167,0.0
2026-02-26 23:03:00,21.083,0.0,0.0,0.0,125.0,0.0,,15.0,21.083,0.0
2026-02-26 23:04:00,21.001,0.0,0.0,0.0,125.0,0.0,,15.0,21.001,0.0
2026-02-26 23:05:00,20.921,0.0,0.0,0.0,125.0,0.0,,15.0,20.921,0.0
2026-02-26 23:06:00,20.841,0.0,0.0,0.0,125.0,0.0,,15.0,20.841,0.0
2026-02-26 23:07:00,20.764,0.0,0.0,0.0,125.0,0.0,,15.0,20.764,0.0
2026-02-26 23:08:00,20.688,0.0,0.0,0.0,125.0,0.0,,15.0,20.688,0.0
2026-02-26 23:09:00,20.613,0.0,0.0,0.0,125.0,0.0,,15.0,20.613,0.0
2026-02-26 23:10:00,20.54,0.0,0.0,0.0,125.0,0.0,,15.0,20.54,0.0
2026-02-26 23:11:00,20.468,0.0,0.0,0.0,125.0,0.0,,15.0,20.468,0.0
2026-02-26 23:12:00,20.397,0.0,0.0,0.0,125.0,0.0,,15.0,20.397,0.0
2026-02-26 23:13:00,20.328,0.0,0.0,0.0,125.0,0.0,,15.0,20.328,0.0
2026-02-26 23:14:00,20.261,0.0,0.0,0.0,125.0,0.0,,15.0,20.261,0.0
2026-02-26 23:15:00,20.194,0.0,0.0,0.0,125.0,0.0,,15.0,20.194,0.0
2026-02-26 23:16:00,20.129,0.0,0.0,0.0,125.0,0.0,,15.0,20.129,0.0
2026-02-26 23:17:00,20.065,0.0,0.0,0.0,125.0,0.0,,15.0,20.065,0.0
2026-02-26 23:18:00,20.003,0.0,0.0,0.0,125.0,0.0,,15.0,20.003,0.0
2026-02-26 23:19:00,19.941,0.0,0.0,0.0,125.0,0.0,,15.0,19.941,0.0
2026-02-26 23:20:00,19.881,0.0,0.0,0.0,125.0,0.0,,15.0,19.881,0.0
2026-02-26 23:21:00,19.823,0.0,0.0,0.0,125.0,0.0,,15.0,19.823,0.0
2026-02-26 23:22:00,19.765,0.0,0.0,0.0,125.0,0.0,,15.0,19.765,0.0
2026-02-26 23:23:00,19.708,0.0,0.0,0.0,125.0,0.0,,15.0,19.708,0.0
2026-02-26 23:24:00,19.653,0.0,0.0,0.0,125.0,0.0,,15.0,19.653,0.0
2026-02-26 23:25:00,19.599,0.0,0.0,0.0,125.0,0.0,,15.0,19.599,0.0
2026-02-26 23:26:00,19.546,0.0,0.0,0.0,125.0,0.0,,15.0,19.546,0.0
2026-02-26 23:27:00,19.494,0.0,0.0,0.0,125.0,0.0,,15.0,19.494,0.0
2026-02-26 23:28:00,19.444,0.0,0.0,0.0,125.0,0.0,,15.0,19.444,0.0
2026-02-26 23:29:00,19.394,0.0,0.0,0.0,125.0,0.0,,15.0,19.394,0.0
2026-02-26 23:30:00,19.345,0.0,0.0,0.0,125.0,0.0,,15.0,19.345,0.0
2026-02-26 23:31:00,19.298,0.0,0.0,0.0,125.0,0.0,,15.0,19.298,0.0
2026-02-26 23:32:00,19.251,0.0,0.0,0.0,125.0,0.0,,15.0,19.251,0.0
2026-02-26 23:33:00,19.206,0.0,0.0,0.0,125.0,0.0,,15.0,19.206,0.0
2026-02-26 23:34:00,19.161,0.0,0.0,0.0,125.0,0.0,,15.0,19.161,0.0
2026-02-26 23:35:00,19.118,0.0,0.0,0.0,125.0,0.0,,15.0,19.118,0.0
2026-02-26 23:36:00,19.075,0.0,0.0,0.0,125.0,0.0,,15.0,19.075,0.0
2026-02-26 23:37:00,19.034,0.0,0.0,0.0,125.0,0.0,,15.0,19.034,0.0
2026-02-26 23:38:00,18.993,0.0,0.0,0.0,125.0,0.0,,15.0,18.993,0.0
2026-02-26 23:39:00,18.953,0.0,0.0,0.0,125.0,0.0,,15.0,18.953,0.0
2026-02-26 23:40:00,18.915,0.0,0.0,0.0,125.0,0.0,,15.0,18.915,0.0
2026-02-26 23:41:00,18.877,0.0,0.0,0.0,125.0,0.0,,15.0,18.877,0.0
2026-02-26 23:42:00,18.84,0.0,0.0,0.0,125.0,0.0,,15.0,18.84,0.0
2026-02-26 23:43:00,18.803,0.0,0.0,0.0,125.0,0.0,,15.0,18.803,0.0
2026-02-26 23:44:00,18.768,0.0,0.0,0.0,125.0,0.0,,15.0,18.768,0.0
2026-02-26 23:45:00,18.733,0.0,0.0,0.0,125.0,0.0,,15.0,18.733,0.0
2026-02-26 23:46:00,18.7,0.0,0.0,0.0,125.0,0.0,,15.0,18.7,0.0
2026-02-26 23:47:00,18.667,0.0,0.0,0.0,125.0,0.0,,15.0,18.667,0.0
2026-02-26 23:48:00,18.635,0.0,0.0,0.0,125.0,0.0,,15.0,18.635,0.0
2026-02-26 23:49:00,18.603,0.0,0.0,0.0,125.0,0.0,,15.0,18.603,0.0
2026-02-26 23:50:00,18.573,0.0,0.0,0.0,125.0,0.0,,15.0,18.573,0.0
2026-02-26 23:51:00,18.543,0.0,0.0,0.0,125.0,0.0,,15.0,18.543,0.0
2026-02-26 23:52:00,18.514,0.0,0.0,0.0,125.0,0.0,,15.0,18.514,0.0
2026-02-26 23:53:00,18.485,0.0,0.0,0.0,125.0,0.0,,15.0,18.485,0.0
2026-02-26 23:54:00,18.457,0.0,0.0,0.0,125.0,0.0,,15.0,18.457,0.0
2026-02-26 23:55:00,18.43,0.0,0.0,0.0,125.0,0.0,,15.0,18.43,0.0
2026-02-26 23:56:00,18.404,0.0,0.0,0.0,125.0,0.0,,15.0,18.404,0.0
2026-02-26 23:57:00,18.378,0.0,0.0,0.0,125.0,0.0,,15.0,18.378,0.0
2026-02-26 23:58:00,18.353,0.0,0.0,0.0,125.0,0.0,,15.0,18.353,0.0
2026-02-26 23:59:00,18.328,0.0,0.0,0.0,125.0,0.0,,15.0,18.328,0.0
