time,负载功率(kW),TOU计划功率(kW),逆变功率(kW),逆变设置功率(kW),逆变限制功率(kW),电池功率(kW),电池设置功率(kW),储能SOC(%),电网功率(kW),光伏功率(kW)
2026-02-26 00:00:00,45.0,0.0,0.0,0.0,125.0,0.0,,30.0,45.0,0.0
2026-02-26 00:01:00,45.0,0.0,0.0,0.0,125.0,0.0,,30.0,45.0,0.0
2026-02-26 00:02:00,45.0,0.0,0.0,0.0,125.0,0.0,,30.0,45.0,0.0
2026-02-26 00:03:00,45.0,0.0,0.0,0.0,125.0,0.0,,30.0,45.0,0.0
2026-02-26 00:04:00,45.0,0.0,0.0,0.0,125.0,0.0,,30.0,45.0,0.0
2026-02-26 00:05:00,45.0,0.0,0.0,0.0,125.0,0.0,,30.0,45.0,0.0
2026-02-26 00:06:00,45.0,0.0,0.0,0.0,125.0,0.0,,30.0,45.0,0.0
2026-02-26 00:07:00,45.0,0.0,0.0,0.0,125.0,0.0,,30.0,45.0,0.0
2026-02-26 00:08:00,45.0,0.0,0.0,0.0,125.0,0.0,,30.0,45.0,0.0
2026-02-26 00:09:00,45.0,0.0,0.0,0.0,125.0,0.0,,30.0,45.0,0.0
2026-02-26 00:10:00,45.0,0.0,0.0,0.0,125.0,0.0,,30.0,45.0,0.0
2026-02-26 00:11:00,45.0,0.0,0.0,0.0,125.0,0.0,,30.0,45.0,0.0
2026-02-26 00:12:00,45.0,0.0,0.0,0.0,125.0,0.0,,30.0,45.0,0.0
2026-02-26 00:13:00,45.0,0.0,0.0,0.0,125.0,0.0,,30.0,45.0,0.0
2026-02-26 00:14:00,45.0,0.0,0.0,0.0,125.0,0.0,,30.0,45.0,0.0
2026-02-26 00:15:00,45.0,0.0,0.0,0.0,125.0,0.0,,30.0,45.0,0.0
2026-02-26 00:16:00,45.0,0.0,0.0,0.0,125.0,0.0,,30.0,45.0,0.0
2026-02-26 00:17:00,45.0,0.0,0.0,0.0,125.0,0.0,,30.0,45.0,0.0
2026-02-26 00:18:00,45.0,0.0,0.0,0.0,125.0,0.0,,30.0,45.0,0.0
2026-02-26 00:19:00,45.0,0.0,0.0,0.0,125.0,0.0,,30.0,45.0,0.0
2026-02-26 00:20:00,45.0,0.0,0.0,0.0,125.0,0.0,,30.0,45.0,0.0
2026-02-26 00:21:00,45.0,0.0,0.0,0.0,125.0,0.0,,30.0,45.0,0.0
2026-02-26 00:22:00,45.0,0.0,0.0,0.0,125.0,0.0,,30.0,45.0,0.0
2026-02-26 00:23:00,45.0,0.0,0.0,0.0,125.0,0.0,,30.0,45.0,0.0
2026-02-26 00:24:00,45.0,0.0,0.0,0.0,125.0,0.0,,30.0,45.0,0.0
2026-02-26 00:25:00,45.0,0.0,0.0,0.0,125.0,0.0,,30.0,45.0,0.0
2026-02-26 00:26:00,45.0,0.0,0.0,0.0,125.0,0.0,,30.0,45.0,0.0
2026-02-26 00:27:00,45.0,0.0,0.0,0.0,125.0,0.0,,30.0,45.0,0.0
2026-02-26 00:28:00,45.0,0.0,0.0,0.0,125.0,0.0,,30.0,45.0,0.0
2026-02-26 00:29:00,45.0,0.0,0.0,0.0,125.0,0.0,,30.0,45.0,0.0
2026-02-26 00:30:00,45.0,0.0,0.0,0.0,125.0,0.0,,30.0,45.0,0.0
2026-02-26 00:31:00,45.0,0.0,0.0,0.0,125.0,0.0,,30.0,45.0,0.0
2026-02-26 00:32:00,45.0,0.0,0.0,0.0,125.0,0.0,,30.0,45.0,0.0
2026-02-26 00:33:00,45.0,0.0,0.0,0.0,125.0,0.0,,30.0,45.0,0.0
2026-02-26 00:34:00,45.0,0.0,0.0,0.0,125.0,0.0,,30.0,45.0,0.0
2026-02-26 00:35:00,45.0,0.0,0.0,0.0,125.0,0.0,,30.0,45.0,0.0
2026-02-26 00:36:00,45.0,0.0,0.0,0.0,125.0,0.0,,30.0,45.0,0.0
2026-02-26 00:37:00,45.0,0.0,0.0,0.0,125.0,0.0,,30.0,45.0,0.0
2026-02-26 00:38:00,45.0,0.0,0.0,0.0,125.0,0.0,,30.0,45.0,0.0
2026-02-26 00:39:00,45.0,0.0,0.0,0.0,125.0,0.0,,30.0,45.0,0.0
2026-02-26 00:40:00,45.0,0.0,0.0,0.0,125.0,0.0,,30.0,45.0,0.0
2026-02-26 00:41:00,45.0,0.0,0.0,0.0,125.0,0.0,,30.0,45.0,0.0
2026-02-26 00:42:00,45.0,0.0,0.0,0.0,125.0,0.0,,30.0,45.0,0.0
2026-02-26 00:43:00,45.0,0.0,0.0,0.0,125.0,0.0,,30.0,45.0,0.0
2026-02-26 00:44:00,45.0,0.0,0.0,0.0,125.0,0.0,,30.0,45.0,0.0
2026-02-26 00:45:00,45.0,0.0,0.0,0.0,125.0,0.0,,30.0,45.0,0.0
2026-02-26 00:46:00,45.0,0.0,0.0,0.0,125.0,0.0,,30.0,45.0,0.0
2026-02-26 00:47:00,45.0,0.0,0.0,0.0,125.0,0.0,,30.0,45.0,0.0
2026-02-26 00:48:00,45.0,0.0,0.0,0.0,125.0,0.0,,30.0,45.0,0.0
2026-02-26 00:49:00,45.0,0.0,0.0,0.0,125.0,0.0,,30.0,45.0,0.0
2026-02-26 00:50:00,45.0,0.0,0.0,0.0,125.0,0.0,,30.0,45.0,0.0
2026-02-26 00:51:00,45.0,0.0,0.0,0.0,125.0,0.0,,30.0,45.0,0.0
2026-02-26 00:52:00,45.0,0.0,0.0,0.0,125.0,0.0,,30.0,45.0,0.0
2026-02-26 00:53:00,45.0,0.0,0.0,0.0,125.0,0.0,,30.0,45.0,0.0
2026-02-26 00:54:00,45.0,0.0,0.0,0.0,125.0,0.0,,30.0,45.0,0.0
2026-02-26 00:55:00,45.0,0.0,0.0,0.0,125.0,0.0,,30.0,45.0,0.0
2026-02-26 00:56:00,45.0,0.0,0.0,0.0,125.0,0.0,,30.0,45.0,0.0
2026-02-26 00:57:00,45.0,0.0,0.0,0.0,125.0,0.0,,30.0,45.0,0.0
2026-02-26 00:58:00,45.0,0.0,0.0,0.0,125.0,0.0,,30.0,45.0,0.0
2026-02-26 00:59:00,45.0,0.0,0.0,0.0,125.0,0.0,,30.0,45.0,0.0
2026-02-26 01:00:00,45.0,0.0,0.0,0.0,125.0,0.0,,30.0,45.0,0.0
2026-02-26 01:01:00,45.0,0.0,0.0,0.0,125.0,0.0,,30.0,45.0,0.0
2026-02-26 01:02:00,45.0,0.0,0.0,0.0,125.0,0.0,,30.0,45.0,0.0
2026-02-26 01:03:00,45.0,0.0,0.0,0.0,125.0,0.0,,30.0,45.0,0.0
2026-02-26 01:04:00,45.0,0.0,0.0,0.0,125.0,0.0,,30.0,45.0,0.0
2026-02-26 01:05:00,45.0,0.0,0.0,0.0,125.0,0.0,,30.0,45.0,0.0
2026-02-26 01:06:00,45.0,0.0,0.0,0.0,125.0,0.0,,30.0,45.0,0.0
2026-02-26 01:07:00,45.0,0.0,0.0,0.0,125.0,0.0,,30.0,45.0,0.0
2026-02-26 01:08:00,45.0,0.0,0.0,0.0,125.0,0.0,,30.0,45.0,0.0
2026-02-26 01:09:00,45.0,0.0,0.0,0.0,125.0,0.0,,30.0,45.0,0.0
2026-02-26 01:10:00,45.0,0.0,0.0,0.0,125.0,0.0,,30.0,45.0,0.0
2026-02-26 01:11:00,45.0,0.0,0.0,0.0,125.0,0.0,,30.0,45.0,0.0
2026-02-26 01:12:00,45.0,0.0,0.0,0.0,125.0,0.0,,30.0,45.0,0.0
2026-02-26 01:13:00,45.0,0.0,0.0,0.0,125.0,0.0,,30.0,45.0,0.0
2026-02-26 01:14:00,45.0,0.0,0.0,0.0,125.0,0.0,,30.0,45.0,0.0
2026-02-26 01:15:00,45.0,0.0,0.0,0.0,125.0,0.0,,30.0,45.0,0.0
2026-02-26 01:16:00,45.0,0.0,0.0,0.0,125.0,0.0,,30.0,45.0,0.0
2026-02-26 01:17:00,45.0,0.0,0.0,0.0,125.0,0.0,,30.0,45.0,0.0
2026-02-26 01:18:00,45.0,0.0,0.0,0.0,125.0,0.0,,30.0,45.0,0.0
2026-02-26 01:19:00,45.0,0.0,0.0,0.0,125.0,0.0,,30.0,45.0,0.0
2026-02-26 01:20:00,45.0,0.0,0.0,0.0,125.0,0.0,,30.0,45.0,0.0
2026-02-26 01:21:00,45.0,0.0,0.0,0.0,125.0,0.0,,30.0,45.0,0.0
2026-02-26 01:22:00,45.0,0.0,0.0,0.0,125.0,0.0,,30.0,45.0,0.0
2026-02-26 01:23:00,45.0,0.0,0.0,0.0,125.0,0.0,,30.0,45.0,0.0
2026-02-26 01:24:00,45.0,0.0,0.0,0.0,125.0,0.0,,30.0,45.0,0.0
2026-02-26 01:25:00,45.0,0.0,0.0,0.0,125.0,0.0,,30.0,45.0,0.0
2026-02-26 01:26:00,45.0,0.0,0.0,0.0,125.0,0.0,,30.0,45.0,0.0
2026-02-26 01:27:00,45.0,0.0,0.0,0.0,125.0,0.0,,30.0,45.0,0.0
2026-02-26 01:28:00,45.0,0.0,0.0,0.0,125.0,0.0,,30.0,45.0,0.0
2026-02-26 01:29:00,45.0,0.0,0.0,0.0,125.0,0.0,,30.0,45.0,0.0
2026-02-26 01:30:00,45.0,0.0,0.0,0.0,125.0,0.0,,30.0,45.0,0.0
2026-02-26 01:31:00,45.0,0.0,0.0,0.0,125.0,0.0,,30.0,45.0,0.0
2026-02-26 01:32:00,45.0,0.0,0.0,0.0,125.0,0.0,,30.0,45.0,0.0
2026-02-26 01:33:00,45.0,0.0,0.0,0.0,125.0,0.0,,30.0,45.0,0.0
2026-02-26 01:34:00,45.0,0.0,0.0,0.0,125.0,0.0,,30.0,45.0,0.0
2026-02-26 01:35:00,45.0,0.0,0.0,0.0,125.0,0.0,,30.0,45.0,0.0
2026-02-26 01:36:00,45.0,0.0,0.0,0.0,125.0,0.0,,30.0,45.0,0.0
2026-02-26 01:37:00,45.0,0.0,0.0,0.0,125.0,0.0,,30.0,45.0,0.0
2026-02-26 01:38:00,45.0,0.0,0.0,0.0,125.0,0.0,,30.0,45.0,0.0
2026-02-26 01:39:00,45.0,0.0,0.0,0.0,125.0,0.0,,30.0,45.0,0.0
2026-02-26 01:40:00,45.0,0.0,0.0,0.0,125.0,0.0,,30.0,45.0,0.0
2026-02-26 01:41:00,45.0,0.0,0.0,0.0,125.0,0.0,,30.0,45.0,0.0
2026-02-26 01:42:00,45.0,0.0,0.0,0.0,125.0,0.0,,30.0,45.0,0.0
2026-02-26 01:43:00,45.0,0.0,0.0,0.0,125.0,0.0,,30.0,45.0,0.0
2026-02-26 01:44:00,45.0,0.0,0.0,0.0,125.0,0.0,,30.0,45.0,0.0
2026-02-26 01:45:00,45.0,0.0,0.0,0.0,125.0,0.0,,30.0,45.0,0.0
2026-02-26 01:46:00,45.0,0.0,0.0,0.0,125.0,0.0,,30.0,45.0,0.0
2026-02-26 01:47:00,45.0,0.0,0.0,0.0,125.0,0.0,,30.0,45.0,0.0
2026-02-26 01:48:00,45.0,0.0,0.0,0.0,125.0,0.0,,30.0,45.0,0.0
2026-02-26 01:49:00,45.0,0.0,0.0,0.0,125.0,0.0,,30.0,45.0,0.0
2026-02-26 01:50:00,45.0,0.0,0.0,0.0,125.0,0.0,,30.0,45.0,0.0
2026-02-26 01:51:00,45.0,0.0,0.0,0.0,125.0,0.0,,30.0,45.0,0.0
2026-02-26 01:52:00,45.0,0.0,0.0,0.0,125.0,0.0,,30.0,45.0,0.0
2026-02-26 01:53:00,45.0,0.0,0.0,0.0,125.0,0.0,,30.0,45.0,0.0
2026-02-26 01:54:00,45.0,0.0,0.0,0.0,125.0,0.0,,30.0,45.0,0.0
2026-02-26 01:55:00,45.0,0.0,0.0,0.0,125.0,0.0,,30.0,45.0,0.0
2026-02-26 01:56:00,45.0,0.0,0.0,0.0,125.0,0.0,,30.0,45.0,0.0
2026-02-26 01:57:00,45.0,0.0,0.0,0.0,125.0,0.0,,30.0,45.0,0.0
2026-02-26 01:58:00,45.0,0.0,0.0,0.0,125.0,0.0,,30.0,45.0,0.0
2026-02-26 01:59:00,45.0,0.0,0.0,0.0,125.0,0.0,,30.0,45.0,0.0
2026-02-26 02:00:00,45.0,0.0,0.0,0.0,125.0,0.0,,30.0,45.0,0.0
2026-02-26 02:01:00,45.0,0.0,0.0,0.0,125.0,0.0,,30.0,45.0,0.0
2026-02-26 02:02:00,45.0,0.0,0.0,0.0,125.0,0.0,,30.0,45.0,0.0
2026-02-26 02:03:00,45.0,0.0,0.0,0.0,125.0,0.0,,30.0,45.0,0.0
2026-02-26 02:04:00,45.0,0.0,0.0,0.0,125.0,0.0,,30.0,45.0,0.0
2026-02-26 02:05:00,45.0,0.0,0.0,0.0,125.0,0.0,,30.0,45.0,0.0
2026-02-26 02:06:00,45.0,0.0,0.0,0.0,125.0,0.0,,30.0,45.0,0.0
2026-02-26 02:07:00,45.0,0.0,0.0,0.0,125.0,0.0,,30.0,45.0,0.0
2026-02-26 02:08:00,45.0,0.0,0.0,0.0,125.0,0.0,,30.0,45.0,0.0
2026-02-26 02:09:00,45.0,0.0,0.0,0.0,125.0,0.0,,30.0,45.0,0.0
2026-02-26 02:10:00,45.0,0.0,0.0,0.0,125.0,0.0,,30.0,45.0,0.0
2026-02-26 02:11:00,45.0,0.0,0.0,0.0,125.0,0.0,,30.0,45.0,0.0
2026-02-26 02:12:00,45.0,0.0,0.0,0.0,125.0,0.0,,30.0,45.0,0.0
2026-02-26 02:13:00,45.0,0.0,0.0,0.0,125.0,0.0,,30.0,45.0,0.0
2026-02-26 02:14:00,45.0,0.0,0.0,0.0,125.0,0.0,,30.0,45.0,0.0
2026-02-26 02:15:00,45.0,0.0,0.0,0.0,125.0,0.0,,30.0,45.0,0.0
2026-02-26 02:16:00,45.0,0.0,0.0,0.0,125.0,0.0,,30.0,45.0,0.0
2026-02-26 02:17:00,45.0,0.0,0.0,0.0,125.0,0.0,,30.0,45.0,0.0
2026-02-26 02:18:00,45.0,0.0,0.0,0.0,125.0,0.0,,30.0,45.0,0.0
2026-02-26 02:19:00,45.0,0.0,0.0,0.0,125.0,0.0,,30.0,45.0,0.0
2026-02-26 02:20:00,45.0,0.0,0.0,0.0,125.0,0.0,,30.0,45.0,0.0
2026-02-26 02:21:00,45.0,0.0,0.0,0.0,125.0,0.0,,30.0,45.0,0.0
2026-02-26 02:22:00,45.0,0.0,0.0,0.0,125.0,0.0,,30.0,45.0,0.0
2026-02-26 02:23:00,45.0,0.0,0.0,0.0,125.0,0.0,,30.0,45.0,0.0
2026-02-26 02:24:00,45.0,0.0,0.0,0.0,125.0,0.0,,30.0,45.0,0.0
2026-02-26 02:25:00,45.0,0.0,0.0,0.0,125.0,0.0,,30.0,45.0,0.0
2026-02-26 02:26:00,45.0,0.0,0.0,0.0,125.0,0.0,,30.0,45.0,0.0
2026-02-26 02:27:00,45.0,0.0,0.0,0.0,125.0,0.0,,30.0,45.0,0.0
2026-02-26 02:28:00,45.0,0.0,0.0,0.0,125.0,0.0,,30.0,45.0,0.0
2026-02-26 02:29:00,45.0,0.0,0.0,0.0,125.0,0.0,,30.0,45.0,0.0
2026-02-26 02:30:00,45.0,0.0,0.0,0.0,125.0,0.0,,30.0,45.0,0.0
2026-02-26 02:31:00,45.0,0.0,0.0,0.0,125.0,0.0,,30.0,45.0,0.0
2026-02-26 02:32:00,45.0,0.0,0.0,0.0,125.0,0.0,,30.0,45.0,0.0
2026-02-26 02:33:00,45.0,0.0,0.0,0.0,125.0,0.0,,30.0,45.0,0.0
2026-02-26 02:34:00,45.0,0.0,0.0,0.0,125.0,0.0,,30.0,45.0,0.0
2026-02-26 02:35:00,45.0,0.0,0.0,0.0,125.0,0.0,,30.0,45.0,0.0
2026-02-26 02:36:00,45.0,0.0,0.0,0.0,125.0,0.0,,30.0,45.0,0.0
2026-02-26 02:37:00,45.0,0.0,0.0,0.0,125.0,0.0,,30.0,45.0,0.0
2026-02-26 02:38:00,45.0,0.0,0.0,0.0,125.0,0.0,,30.0,45.0,0.0
2026-02-26 02:39:00,45.0,0.0,0.0,0.0,125.0,0.0,,30.0,45.0,0.0
2026-02-26 02:40:00,45.0,0.0,0.0,0.0,125.0,0.0,,30.0,45.0,0.0
2026-02-26 02:41:00,45.0,0.0,0.0,0.0,125.0,0.0,,30.0,45.0,0.0
2026-02-26 02:42:00,45.0,0.0,0.0,0.0,125.0,0.0,,30.0,45.0,0.0
2026-02-26 02:43:00,45.0,0.0,0.0,0.0,125.0,0.0,,30.0,45.0,0.0
2026-02-26 02:44:00,45.0,0.0,0.0,0.0,125.0,0.0,,30.0,45.0,0.0
2026-02-26 02:45:00,45.0,0.0,0.0,0.0,125.0,0.0,,30.0,45.0,0.0
2026-02-26 02:46:00,45.0,0.0,0.0,0.0,125.0,0.0,,30.0,45.0,0.0
2026-02-26 02:47:00,45.0,0.0,0.0,0.0,125.0,0.0,,30.0,45.0,0.0
2026-02-26 02:48:00,45.0,0.0,0.0,0.0,125.0,0.0,,30.0,45.0,0.0
2026-02-26 02:49:00,45.0,0.0,0.0,0.0,125.0,0.0,,30.0,45.0,0.0
2026-02-26 02:50:00,45.0,0.0,0.0,0.0,125.0,0.0,,30.0,45.0,0.0
2026-02-26 02:51:00,45.0,0.0,0.0,0.0,125.0,0.0,,30.0,45.0,0.0
2026-02-26 02:52:00,45.0,0.0,0.0,0.0,125.0,0.0,,30.0,45.0,0.0
2026-02-26 02:53:00,45.0,0.0,0.0,0.0,125.0,0.0,,30.0,45.0,0.0
2026-02-26 02:54:00,45.0,0.0,0.0,0.0,125.0,0.0,,30.0,45.0,0.0
2026-02-26 02:55:00,45.0,0.0,0.0,0.0,125.0,0.0,,30.0,45.0,0.0
2026-02-26 02:56:00,45.0,0.0,0.0,0.0,125.0,0.0,,30.0,45.0,0.0
2026-02-26 02:57:00,45.0,0.0,0.0,0.0,125.0,0.0,,30.0,45.0,0.0
2026-02-26 02:58:00,45.0,0.0,0.0,0.0,125.0,0.0,,30.0,45.0,0.0
2026-02-26 02:59:00,45.0,0.0,0.0,0.0,125.0,0.0,,30.0,45.0,0.0
2026-02-26 03:00:00,45.0,0.0,0.0,0.0,125.0,0.0,,30.0,45.0,0.0
2026-02-26 03:01:00,45.0,0.0,0.0,0.0,125.0,0.0,,30.0,45.0,0.0
2026-02-26 03:02:00,45.0,0.0,0.0,0.0,125.0,0.0,,30.0,45.0,0.0
2026-02-26 03:03:00,45.0,0.0,0.0,0.0,125.0,0.0,,30.0,45.0,0.0
2026-02-26 03:04:00,45.0,0.0,0.0,0.0,125.0,0.0,,30.0,45.0,0.0
2026-02-26 03:05:00,45.0,0.0,0.0,0.0,125.0,0.0,,30.0,45.0,0.0
2026-02-26 03:06:00,45.0,0.0,0.0,0.0,125.0,0.0,,30.0,45.0,0.0
2026-02-26 03:07:00,45.0,0.0,0.0,0.0,125.0,0.0,,30.0,45.0,0.0
2026-02-26 03:08:00,45.0,0.0,0.0,0.0,125.0,0.0,,30.0,45.0,0.0
2026-02-26 03:09:00,45.0,0.0,0.0,0.0,125.0,0.0,,30.0,45.0,0.0
2026-02-26 03:10:00,45.0,0.0,0.0,0.0,125.0,0.0,,30.0,45.0,0.0
2026-02-26 03:11:00,45.0,0.0,0.0,0.0,125.0,0.0,,30.0,45.0,0.0
2026-02-26 03:12:00,45.0,0.0,0.0,0.0,125.0,0.0,,30.0,45.0,0.0
2026-02-26 03:13:00,45.0,0.0,0.0,0.0,125.0,0.0,,30.0,45.0,0.0
2026-02-26 03:14:00,45.0,0.0,0.0,0.0,125.0,0.0,,30.0,45.0,0.0
2026-02-26 03:15:00,45.0,0.0,0.0,0.0,125.0,0.0,,30.0,45.0,0.0
2026-02-26 03:16:00,45.0,0.0,0.0,0.0,125.0,0.0,,30.0,45.0,0.0
2026-02-26 03:17:00,45.0,0.0,0.0,0.0,125.0,0.0,,30.0,45.0,0.0
2026-02-26 03:18:00,45.0,0.0,0.0,0.0,125.0,0.0,,30.0,45.0,0.0
2026-02-26 03:19:00,45.0,0.0,0.0,0.0,125.0,0.0,,30.0,45.0,0.0
2026-02-26 03:20:00,45.0,0.0,0.0,0.0,125.0,0.0,,30.0,45.0,0.0
2026-02-26 03:21:00,45.0,0.0,0.0,0.0,125.0,0.0,,30.0,45.0,0.0
2026-02-26 03:22:00,45.0,0.0,0.0,0.0,125.0,0.0,,30.0,45.0,0.0
2026-02-26 03:23:00,45.0,0.0,0.0,0.0,125.0,0.0,,30.0,45.0,0.0
2026-02-26 03:24:00,45.0,0.0,0.0,0.0,125.0,0.0,,30.0,45.0,0.0
2026-02-26 03:25:00,45.0,0.0,0.0,0.0,125.0,0.0,,30.0,45.0,0.0
2026-02-26 03:26:00,45.0,0.0,0.0,0.0,125.0,0.0,,30.0,45.0,0.0
2026-02-26 03:27:00,45.0,0.0,0.0,0.0,125.0,0.0,,30.0,45.0,0.0
2026-02-26 03:28:00,45.0,0.0,0.0,0.0,125.0,0.0,,30.0,45.0,0.0
2026-02-26 03:29:00,45.0,0.0,0.0,0.0,125.0,0.0,,30.0,45.0,0.0
2026-02-26 03:30:00,45.0,0.0,0.0,0.0,125.0,0.0,,30.0,45.0,0.0
2026-02-26 03:31:00,45.0,0.0,0.0,0.0,125.0,0.0,,30.0,45.0,0.0
2026-02-26 03:32:00,45.0,0.0,0.0,0.0,125.0,0.0,,30.0,45.0,0.0
2026-02-26 03:33:00,45.0,0.0,0.0,0.0,125.0,0.0,,30.0,45.0,0.0
2026-02-26 03:34:00,45.0,0.0,0.0,0.0,125.0,0.0,,30.0,45.0,0.0
2026-02-26 03:35:00,45.0,0.0,0.0,0.0,125.0,0.0,,30.0,45.0,0.0
2026-02-26 03:36:00,45.0,0.0,0.0,0.0,125.0,0.0,,30.0,45.0,0.0
2026-02-26 03:37:00,45.0,0.0,0.0,0.0,125.0,0.0,,30.0,45.0,0.0
2026-02-26 03:38:00,45.0,0.0,0.0,0.0,125.0,0.0,,30.0,45.0,0.0
2026-02-26 03:39:00,45.0,0.0,0.0,0.0,125.0,0.0,,30.0,45.0,0.0
2026-02-26 03:40:00,45.0,0.0,0.0,0.0,125.0,0.0,,30.0,45.0,0.0
2026-02-26 03:41:00,45.0,0.0,0.0,0.0,125.0,0.0,,30.0,45.0,0.0
2026-02-26 03:42:00,45.0,0.0,0.0,0.0,125.0,0.0,,30.0,45.0,0.0
2026-02-26 03:43:00,45.0,0.0,0.0,0.0,125.0,0.0,,30.0,45.0,0.0
2026-02-26 03:44:00,45.001,0.0,0.0,0.0,125.0,0.0,,30.0,45.001,0.0
2026-02-26 03:45:00,45.001,0.0,0.0,0.0,125.0,0.0,,30.0,45.001,0.0
2026-02-26 03:46:00,45.001,0.0,0.0,0.0,125.0,0.0,,30.0,45.001,0.0
2026-02-26 03:47:00,45.001,0.0,0.0,0.0,125.0,0.0,,30.0,45.001,0.0
2026-02-26 03:48:00,45.001,0.0,0.0,0.0,125.0,0.0,,30.0,45.001,0.0
2026-02-26 03:49:00,45.001,0.0,0.0,0.0,125.0,0.0,,30.0,45.001,0.0
2026-02-26 03:50:00,45.001,0.0,0.0,0.0,125.0,0.0,,30.0,45.001,0.0
2026-02-26 03:51:00,45.001,0.0,0.0,0.0,125.0,0.0,,30.0,45.001,0.0
2026-02-26 03:52:00,45.001,0.0,0.0,0.0,125.0,0.0,,30.0,45.001,0.0
2026-02-26 03:53:00,45.001,0.0,0.0,0.0,125.0,0.0,,30.0,45.001,0.0
2026-02-26 03:54:00,45.001,0.0,0.0,0.0,125.0,0.0,,30.0,45.001,0.0
2026-02-26 03:55:00,45.001,0.0,0.0,0.0,125.0,0.0,,30.0,45.001,0.0
2026-02-26 03:56:00,45.001,0.0,0.0,0.0,125.0,0.0,,30.0,45.001,0.0
2026-02-26 03:57:00,45.001,0.0,0.0,0.0,125.0,0.0,,30.0,45.001,0.0
2026-02-26 03:58:00,45.001,0.0,0.0,0.0,125.0,0.0,,30.0,45.001,0.0
2026-02-26 03:59:00,45.001,0.0,0.0,0.0,125.0,0.0,,30.0,45.001,0.0
2026-02-26 04:00:00,45.002,0.0,0.0,0.0,125.0,0.0,,30.0,45.002,0.0
2026-02-26 04:01:00,45.002,0.0,0.0,0.0,125.0,0.0,,30.0,45.002,0.0
2026-02-26 04:02:00,45.002,0.0,0.0,0.0,125.0,0.0,,30.0,45.002,0.0
2026-02-26 04:03:00,45.002,0.0,0.0,0.0,125.0,0.0,,30.0,45.002,0.0
2026-02-26 04:04:00,45.002,0.0,0.0,0.0,125.0,0.0,,30.0,45.002,0.0
2026-02-26 04:05:00,45.002,0.0,0.0,0.0,125.0,0.0,,30.0,45.002,0.0
2026-02-26 04:06:00,45.002,0.0,0.0,0.0,125.0,0.0,,30.0,45.002,0.0
2026-02-26 04:07:00,45.002,0.0,0.0,0.0,125.0,0.0,,30.0,45.002,0.0
2026-02-26 04:08:00,45.002,0.0,0.0,0.0,125.0,0.0,,30.0,45.002,0.0
2026-02-26 04:09:00,45.003,0.0,0.0,0.0,125.0,0.0,,30.0,45.003,0.0
2026-02-26 04:10:00,45.003,0.0,0.0,0.0,125.0,0.0,,30.0,45.003,0.0
2026-02-26 04:11:00,45.003,0.0,0.0,0.0,125.0,0.0,,30.0,45.003,0.0
2026-02-26 04:12:00,45.003,0.0,0.0,0.0,125.0,0.0,,30.0,45.003,0.0
2026-02-26 04:13:00,45.003,0.0,0.0,0.0,125.0,0.0,,30.0,45.003,0.0
2026-02-26 04:14:00,45.004,0.0,0.0,0.0,125.0,0.0,,30.0,45.004,0.0
2026-02-26 04:15:00,45.004,0.0,0.0,0.0,125.0,0.0,,30.0,45.004,0.0
2026-02-26 04:16:00,45.004,0.0,0.0,0.0,125.0,0.0,,30.0,45.004,0.0
2026-02-26 04:17:00,45.004,0.0,0.0,0.0,125.0,0.0,,30.0,45.004,0.0
2026-02-26 04:18:00,45.005,0.0,0.0,0.0,125.0,0.0,,30.0,45.005,0.0
2026-02-26 04:19:00,45.005,0.0,0.0,0.0,125.0,0.0,,30.0,45.005,0.0
2026-02-26 04:20:00,45.005,0.0,0.0,0.0,125.0,0.0,,30.0,45.005,0.0
2026-02-26 04:21:00,45.006,0.0,0.0,0.0,125.0,0.0,,30.0,45.006,0.0
2026-02-26 04:22:00,45.006,0.0,0.0,0.0,125.0,0.0,,30.0,45.006,0.0
2026-02-26 04:23:00,45.006,0.0,0.0,0.0,125.0,0.0,,30.0,45.006,0.0
2026-02-26 04:24:00,45.007,0.0,0.0,0.0,125.0,0.0,,30.0,45.007,0.0
2026-02-26 04:25:00,45.007,0.0,0.0,0.0,125.0,0.0,,30.0,45.007,0.0
2026-02-26 04:26:00,45.007,0.0,0.0,0.0,125.0,0.0,,30.0,45.007,0.0
2026-02-26 04:27:00,45.008,0.0,0.0,0.0,125.0,0.0,,30.0,45.008,0.0
2026-02-26 04:28:00,45.008,0.0,0.0,0.0,125.0,0.0,,30.0,45.008,0.0
2026-02-26 04:29:00,45.009,0.0,0.0,0.0,125.0,0.0,,30.0,45.009,0.0
2026-02-26 04:30:00,45.009,0.0,0.0,0.0,125.0,0.0,,30.0,45.009,0.0
2026-02-26 04:31:00,45.01,0.0,0.0,0.0,125.0,0.0,,30.0,45.01,0.0
2026-02-26 04:32:00,45.01,0.0,0.0,0.0,125.0,0.0,,30.0,45.01,0.0
2026-02-26 04:33:00,45.011,0.0,0.0,0.0,125.0,0.0,,30.0,45.011,0.0
2026-02-26 04:34:00,45.012,0.0,0.0,0.0,125.0,0.0,,30.0,45.012,0.0
2026-02-26 04:35:00,45.012,0.0,0.0,0.0,125.0,0.0,,30.0,45.012,0.0
2026-02-26 04:36:00,45.013,0.0,0.0,0.0,125.0,0.0,,30.0,45.013,0.0
2026-02-26 04:37:00,45.014,0.0,0.0,0.0,125.0,0.0,,30.0,45.014,0.0
2026-02-26 04:38:00,45.015,0.0,0.0,0.0,125.0,0.0,,30.0,45.015,0.0
2026-02-26 04:39:00,45.016,0.0,0.0,0.0,125.0,0.0,,30.0,45.016,0.0
2026-02-26 04:40:00,45.017,0.0,0.0,0.0,125.0,0.0,,30.0,45.017,0.0
2026-02-26 04:41:00,45.017,0.0,0.0,0.0,125.0,0.0,,30.0,45.017,0.0
2026-02-26 04:42:00,45.018,0.0,0.0,0.0,125.0,0.0,,30.0,45.018,0.0
2026-02-26 04:43:00,45.02,0.0,0.0,0.0,125.0,0.0,,30.0,45.02,0.0
2026-02-26 04:44:00,45.021,0.0,0.0,0.0,125.0,0.0,,30.0,45.021,0.0
2026-02-26 04:45:00,45.022,0.0,0.0,0.0,125.0,0.0,,30.0,45.022,0.0
2026-02-26 04:46:00,45.023,0.0,0.0,0.0,125.0,0.0,,30.0,45.023,0.0
2026-02-26 04:47:00,45.024,0.0,0.0,0.0,125.0,0.0,,30.0,45.024,0.0
2026-02-26 04:48:00,45.026,0.0,0.0,0.0,125.0,0.0,,30.0,45.026,0.0
2026-02-26 04:49:00,45.027,0.0,0.0,0.0,125.0,0.0,,30.0,45.027,0.0
2026-02-26 04:50:00,45.029,0.0,0.0,0.0,125.0,0.0,,30.0,45.029,0.0
2026-02-26 04:51:00,45.03,0.0,0.0,0.0,125.0,0.0,,30.0,45.03,0.0
2026-02-26 04:52:00,45.032,0.0,0.0,0.0,125.0,0.0,,30.0,45.032,0.0
2026-02-26 04:53:00,45.034,0.0,0.0,0.0,125.0,0.0,,30.0,45.034,0.0
2026-02-26 04:54:00,45.035,0.0,0.0,0.0,125.0,0.0,,30.0,45.035,0.0
2026-02-26 04:55:00,45.037,0.0,0.0,0.0,125.0,0.0,,30.0,45.037,0.0
2026-02-26 04:56:00,45.039,0.0,0.0,0.0,125.0,0.0,,30.0,45.039,0.0
2026-02-26 04:57:00,45.042,0.0,0.0,0.0,125.0,0.0,,30.0,45.042,0.0
2026-02-26 04:58:00,45.044,0.0,0.0,0.0,125.0,0.0,,30.0,45.044,0.0
2026-02-26 04:59:00,45.046,0.0,0.0,0.0,125.0,0.0,,30.0,45.046,0.0
2026-02-26 05:00:00,45.049,0.0,0.0,0.0,125.0,0.0,,30.0,45.049,0.0
2026-02-26 05:01:00,45.051,0.0,0.0,0.0,125.0,0.0,,30.0,45.051,0.0
2026-02-26 05:02:00,45.054,0.0,0.0,0.0,125.0,0.0,,30.0,45.054,0.0
2026-02-26 05:03:00,45.057,0.0,0.0,0.0,125.0,0.0,,30.0,45.057,0.0
2026-02-26 05:04:00,45.06,0.0,0.0,0.0,125.0,0.0,,30.0,45.06,0.0
2026-02-26 05:05:00,45.063,0.0,0.0,0.0,125.0,0.0,,30.0,45.063,0.0
2026-02-26 05:06:00,45.066,0.0,0.0,0.0,125.0,0.0,,30.0,45.066,0.0
2026-02-26 05:07:00,45.07,0.0,0.0,0.0,125.0,0.0,,30.0,45.07,0.0
2026-02-26 05:08:00,45.073,0.0,0.0,0.0,125.0,0.0,,30.0,45.073,0.0
2026-02-26 05:09:00,45.077,0.0,0.0,0.0,125.0,0.0,,30.0,45.077,0.0
2026-02-26 05:10:00,45.081,0.0,0.0,0.0,125.0,0.0,,30.0,45.081,0.0
2026-02-26 05:11:00,45.085,0.0,0.0,0.0,125.0,0.0,,30.0,45.085,0.0
2026-02-26 05:12:00,45.09,0.0,0.0,0.0,125.0,0.0,,30.0,45.09,0.0
2026-02-26 05:13:00,45.094,0.0,0.0,0.0,125.0,0.0,,30.0,45.094,0.0
2026-02-26 05:14:00,45.099,0.0,0.0,0.0,125.0,0.0,,30.0,45.099,0.0
2026-02-26 05:15:00,45.104,0.0,0.0,0.0,125.0,0.0,,30.0,45.104,0.0
2026-02-26 05:16:00,45.109,0.0,0.0,0.0,125.0,0.0,,30.0,45.109,0.0
2026-02-26 05:17:00,45.115,0.0,0.0,0.0,125.0,0.0,,30.0,45.115,0.0
2026-02-26 05:18:00,45.12,0.0,0.0,0.0,125.0,0.0,,30.0,45.12,0.0
2026-02-26 05:19:00,45.126,0.0,0.0,0.0,125.0,0.0,,30.0,45.126,0.0
2026-02-26 05:20:00,45.133,0.0,0.0,0.0,125.0,0.0,,30.0,45.133,0.0
2026-02-26 05:21:00,45.139,0.0,0.0,0.0,125.0,0.0,,30.0,45.139,0.0
2026-02-26 05:22:00,45.146,0.0,0.0,0.0,125.0,0.0,,30.0,45.146,0.0
2026-02-26 05:23:00,45.153,0.0,0.0,0.0,125.0,0.0,,30.0,45.153,0.0
2026-02-26 05:24:00,45.16,0.0,0.0,0.0,125.0,0.0,,30.0,45.16,0.0
2026-02-26 05:25:00,45.168,0.0,0.0,0.0,125.0,0.0,,30.0,45.168,0.0
2026-02-26 05:26:00,45.176,0.0,0.0,0.0,125.0,0.0,,30.0,45.176,0.0
2026-02-26 05:27:00,45.185,0.0,0.0,0.0,125.0,0.0,,30.0,45.185,0.0
2026-02-26 05:28:00,45.194,0.0,0.0,0.0,125.0,0.0,,30.0,45.194,0.0
2026-02-26 05:29:00,45.203,0.0,0.0,0.0,125.0,0.0,,30.0,45.203,0.0
2026-02-26 05:30:00,45.213,0.0,0.0,0.0,125.0,0.0,,30.0,45.213,0.0
2026-02-26 05:31:00,45.223,0.0,0.0,0.0,125.0,0.0,,30.0,45.223,0.0
2026-02-26 05:32:00,45.233,0.0,0.0,0.0,125.0,0.0,,30.0,45.233,0.0
2026-02-26 05:33:00,45.244,0.0,0.0,0.0,125.0,0.0,,30.0,45.244,0.0
2026-02-26 05:34:00,45.255,0.0,0.0,0.0,125.0,0.0,,30.0,45.255,0.0
2026-02-26 05:35:00,45.267,0.0,0.0,0.0,125.0,0.0,,30.0,45.267,0.0
2026-02-26 05:36:00,45.28,0.0,0.0,0.0,125.0,0.0,,30.0,45.28,0.0
2026-02-26 05:37:00,45.293,0.0,0.0,0.0,125.0,0.0,,30.0,45.293,0.0
2026-02-26 05:38:00,45.306,0.0,0.0,0.0,125.0,0.0,,30.0,45.306,0.0
2026-02-26 05:39:00,45.32,0.0,0.0,0.0,125.0,0.0,,30.0,45.32,0.0
2026-02-26 05:40:00,45.335,0.0,0.0,0.0,125.0,0.0,,30.0,45.335,0.0
2026-02-26 05:41:00,45.35,0.0,0.0,0.0,125.0,0.0,,30.0,45.35,0.0
2026-02-26 05:42:00,45.365,0.0,0.0,0.0,125.0,0.0,,30.0,45.365,0.0
2026-02-26 05:43:00,45.382,0.0,0.0,0.0,125.0,0.0,,30.0,45.382,0.0
2026-02-26 05:44:00,45.399,0.0,0.0,0.0,125.0,0.0,,30.0,45.399,0.0
2026-02-26 05:45:00,45.417,0.0,0.0,0.0,125.0,0.0,,30.0,45.417,0.0
2026-02-26 05:46:00,45.435,0.0,0.0,0.0,125.0,0.0,,30.0,45.435,0.0
2026-02-26 05:47:00,45.454,0.0,0.0,0.0,125.0,0.0,,30.0,45.454,0.0
2026-02-26 05:48:00,45.474,0.0,0.0,0.0,125.0,0.0,,30.0,45.474,0.0
2026-02-26 05:49:00,45.495,0.0,0.0,0.0,125.0,0.0,,30.0,45.495,0.0
2026-02-26 05:50:00,45.516,0.0,0.0,0.0,125.0,0.0,,30.0,45.516,0.0
2026-02-26 05:51:00,45.539,0.0,0.0,0.0,125.0,0.0,,30.0,45.539,0.0
2026-02-26 05:52:00,45.562,0.0,0.0,0.0,125.0,0.0,,30.0,45.562,0.0
2026-02-26 05:53:00,45.586,0.0,0.0,0.0,125.0,0.0,,30.0,45.586,0.0
2026-02-26 05:54:00,45.611,0.0,0.0,0.0,125.0,0.0,,30.0,45.611,0.0
2026-02-26 05:55:00,45.637,0.0,0.0,0.0,125.0,0.0,,30.0,45.637,0.0
2026-02-26 05:56:00,45.664,0.0,0.0,0.0,125.0,0.0,,30.0,45.664,0.0
2026-02-26 05:57:00,45.692,0.0,0.0,0.0,125.0,0.0,,30.0,45.692,0.0
2026-02-26 05:58:00,45.721,0.0,0.0,0.0,125.0,0.0,,30.0,45.721,0.0
2026-02-26 05:59:00,45.751,0.0,0.0,0.0,125.0,0.0,,30.0,45.751,0.0
2026-02-26 06:00:00,45.782,0.0,0.0,0.0,125.0,0.0,,30.0,45.782,0.0
2026-02-26 06:01:00,45.814,0.0,0.175,0.175,125.0,0.0,,30.0,45.64,0.175
2026-02-26 06:02:00,45.847,0.0,0.349,0.349,125.0,0.0,,30.0,45.498,0.349
2026-02-26 06:03:00,45.882,0.0,0.524,0.524,125.0,0.0,,30.0,45.358,0.524
2026-02-26 06:04:00,45.918,0.0,0.698,0.698,125.0,0.0,,30.0,45.22,0.698
2026-02-26 06:05:00,45.955,0.0,0.873,0.873,125.0,0.0,,30.0,45.082,0.873
2026-02-26 06:06:00,45.993,0.0,1.047,1.047,125.0,0.0,,30.0,44.946,1.047
2026-02-26 06:07:00,46.033,0.0,1.222,1.222,125.0,0.0,,30.0,44.812,1.222
2026-02-26 06:08:00,46.074,0.0,1.396,1.396,125.0,0.0,,30.0,44.678,1.396
2026-02-26 06:09:00,46.117,0.0,1.57,1.57,125.0,0.0,,30.0,44.547,1.57
2026-02-26 06:10:00,46.161,0.0,1.745,1.745,125.0,0.0,,30.0,44.416,1.745
2026-02-26 06:11:00,46.207,0.0,1.919,1.919,125.0,0.0,,30.0,44.287,1.919
2026-02-26 06:12:00,46.254,0.0,2.093,2.093,125.0,0.0,,30.0,44.16,2.093
2026-02-26 06:13:00,46.302,0.0,2.268,2.268,125.0,0.0,,30.0,44.035,2.268
2026-02-26 06:14:00,46.353,0.0,2.442,2.442,125.0,0.0,,30.0,43.911,2.442
2026-02-26 06:15:00,46.405,0.0,2.616,2.616,125.0,0.0,,30.0,43.789,2.616
2026-02-26 06:16:00,46.458,0.0,2.79,2.79,125.0,0.0,,30.0,43.668,2.79
2026-02-26 06:17:00,46.514,0.0,2.964,2.964,125.0,0.0,,30.0,43.549,2.964
2026-02-26 06:18:00,46.571,0.0,3.138,3.138,125.0,0.0,,30.0,43.433,3.138
2026-02-26 06:19:00,46.63,0.0,3.312,3.312,125.0,0.0,,30.0,43.318,3.312
2026-02-26 06:20:00,46.691,0.0,3.486,3.486,125.0,0.0,,30.0,43.205,3.486
2026-02-26 06:21:00,46.754,0.0,3.66,3.66,125.0,0.0,,30.0,43.094,3.66
2026-02-26 06:22:00,46.819,0.0,3.834,3.834,125.0,0.0,,30.0,42.985,3.834
2026-02-26 06:23:00,46.886,0.0,4.008,4.008,125.0,0.0,,30.0,42.879,4.008
2026-02-26 06:24:00,46.955,0.0,4.181,4.181,125.0,0.0,,30.0,42.774,4.181
2026-02-26 06:25:00,47.027,0.0,4.355,4.355,125.0,0.0,,30.0,42.672,4.355
2026-02-26 06:26:00,47.1,0.0,4.528,4.528,125.0,0.0,,30.0,42.572,4.528
2026-02-26 06:27:00,47.176,0.0,4.701,4.701,125.0,0.0,,30.0,42.474,4.701
2026-02-26 06:28:00,47.254,0.0,4.875,4.875,125.0,0.0,,30.0,42.379,4.875
2026-02-26 06:29:00,47.334,0.0,5.048,5.048,125.0,0.0,,30.0,42.286,5.048
2026-02-26 06:30:00,47.417,0.0,5.221,5.221,125.0,0.0,,30.0,42.195,5.221
2026-02-26 06:31:00,47.502,0.0,5.394,5.394,125.0,0.0,,30.0,42.108,5.394
2026-02-26 06:32:00,47.589,0.0,5.567,5.567,125.0,0.0,,30.0,42.022,5.567
2026-02-26 06:33:00,47.68,0.0,5.74,5.74,125.0,0.0,,30.0,41.94,5.74
2026-02-26 06:34:00,47.772,0.0,5.912,5.912,125.0,0.0,,30.0,41.86,5.912
2026-02-26 06:35:00,47.868,0.0,6.085,6.085,125.0,0.0,,30.0,41.783,6.085
2026-02-26 06:36:00,47.966,0.0,6.257,6.257,125.0,0.0,,30.0,41.709,6.257
2026-02-26 06:37:00,48.067,0.0,6.43,6.43,125.0,0.0,,30.0,41.637,6.43
2026-02-26 06:38:00,48.171,0.0,6.602,6.602,125.0,0.0,,30.0,41.569,6.602
2026-02-26 06:39:00,48.277,0.0,6.774,6.774,125.0,0.0,,30.0,41.503,6.774
2026-02-26 06:40:00,48.387,0.0,6.946,6.946,125.0,0.0,,30.0,41.441,6.946
2026-02-26 06:41:00,48.499,0.0,7.118,7.118,125.0,0.0,,30.0,41.382,7.118
2026-02-26 06:42:00,48.615,0.0,7.289,7.289,125.0,0.0,,30.0,41.326,7.289
2026-02-26 06:43:00,48.734,0.0,7.461,7.461,125.0,0.0,,30.0,41.273,7.461
2026-02-26 06:44:00,48.856,0.0,7.632,7.632,125.0,0.0,,30.0,41.223,7.632
2026-02-26 06:45:00,48.981,0.0,7.804,7.804,125.0,0.0,,30.0,41.177,7.804
2026-02-26 06:46:00,49.109,0.0,7.975,7.975,125.0,0.0,,30.0,41.134,7.975
2026-02-26 06:47:00,49.241,0.0,8.146,8.146,125.0,0.0,,30.0,41.095,8.146
2026-02-26 06:48:00,49.376,0.0,8.316,8.316,125.0,0.0,,30.0,41.059,8.316
2026-02-26 06:49:00,49.514,0.0,8.487,8.487,125.0,0.0,,30.0,41.027,8.487
2026-02-26 06:50:00,49.656,0.0,8.658,8.658,125.0,0.0,,30.0,40.999,8.658
2026-02-26 06:51:00,49.802,0.0,8.828,8.828,125.0,0.0,,30.0,40.974,8.828
2026-02-26 06:52:00,49.951,0.0,8.998,8.998,125.0,0.0,,30.0,40.953,8.998
2026-02-26 06:53:00,50.103,0.0,9.168,9.168,125.0,0.0,,30.0,40.935,9.168
2026-02-26 06:54:00,50.26,0.0,9.338,9.338,125.0,0.0,,30.0,40.922,9.338
2026-02-26 06:55:00,50.42,0.0,9.507,9.507,125.0,0.0,,30.0,40.913,9.507
2026-02-26 06:56:00,50.584,0.0,9.677,9.677,125.0,0.0,,30.0,40.907,9.677
2026-02-26 06:57:00,50.752,0.0,9.846,9.846,125.0,0.0,,30.0,40.906,9.846
2026-02-26 06:58:00,50.924,0.0,10.015,10.015,125.0,0.0,,30.0,40.908,10.015
2026-02-26 06:59:00,51.099,0.0,10.184,10.184,125.0,0.0,,30.0,40.915,10.184
2026-02-26 07:00:00,51.279,0.0,10.353,10.353,125.0,0.0,,30.0,40.926,10.353
2026-02-26 07:01:00,51.463,0.0,10.521,10.521,125.0,0.0,,30.0,40.941,10.521
2026-02-26 07:02:00,51.65,0.0,10.69,10.69,125.0,0.0,,30.0,40.961,10.69
2026-02-26 07:03:00,51.842,0.0,10.858,10.858,125.0,0.0,,30.0,40.985,10.858
2026-02-26 07:04:00,52.038,0.0,11.025,11.025,125.0,0.0,,30.0,41.013,11.025
2026-02-26 07:05:00,52.239,0.0,11.193,11.193,125.0,0.0,,30.0,41.046,11.193
2026-02-26 07:06:00,52.443,0.0,11.361,11.361,125.0,0.0,,30.0,41.083,11.361
2026-02-26 07:07:00,52.652,0.0,11.528,11.528,125.0,0.0,,30.0,41.125,11.528
2026-02-26 07:08:00,52.866,0.0,11.695,11.695,125.0,0.0,,30.0,41.171,11.695
2026-02-26 07:09:00,53.083,0.0,11.862,11.862,125.0,0.0,,30.0,41.222,11.862
2026-02-26 07:10:00,53.305,0.0,12.028,12.028,125.0,0.0,,30.0,41.277,12.028
2026-02-26 07:11:00,53.532,0.0,12.195,12.195,125.0,0.0,,30.0,41.337,12.195
2026-02-26 07:12:00,53.763,0.0,12.361,12.361,125.0,0.0,,30.0,41.402,12.361
2026-02-26 07:13:00,53.998,0.0,12.527,12.527,125.0,0.0,,30.0,41.472,12.527
2026-02-26 07:14:00,54.239,0.0,12.692,12.692,125.0,0.0,,30.0,41.546,12.692
2026-02-26 07:15:00,54.483,0.0,12.858,12.858,125.0,0.0,,30.0,41.626,12.858
2026-02-26 07:16:00,54.732,0.0,13.023,13.023,125.0,0.0,,30.0,41.71,13.023
2026-02-26 07:17:00,54.986,0.0,13.188,13.188,125.0,0.0,,30.0,41.799,13.188
2026-02-26 07:18:00,55.245,0.0,13.352,13.352,125.0,0.0,,30.0,41.893,13.352
2026-02-26 07:19:00,55.508,0.0,13.517,13.517,125.0,0.0,,30.0,41.991,13.517
2026-02-26 07:20:00,55.776,0.0,13.681,13.681,125.0,0.0,,30.0,42.095,13.681
2026-02-26 07:21:00,56.049,0.0,13.845,13.845,125.0,0.0,,30.0,42.204,13.845
2026-02-26 07:22:00,56.326,0.0,14.008,14.008,125.0,0.0,,30.0,42.318,14.008
2026-02-26 07:23:00,56.608,0.0,14.172,14.172,125.0,0.0,,30.0,42.436,14.172
2026-02-26 07:24:00,56.895,0.0,14.335,14.335,125.0,0.0,,30.0,42.56,14.335
2026-02-26 07:25:00,57.186,0.0,14.498,14.498,125.0,0.0,,30.0,42.689,14.498
2026-02-26 07:26:00,57.482,0.0,14.66,14.66,125.0,0.0,,30.0,42.822,14.66
2026-02-26 07:27:00,57.783,0.0,14.822,14.822,125.0,0.0,,30.0,42.961,14.822
2026-02-26 07:28:00,58.089,0.0,14.984,14.984,125.0,0.0,,30.0,43.105,14.984
2026-02-26 07:29:00,58.399,0.0,15.146,15.146,125.0,0.0,,30.0,43.253,15.146
2026-02-26 07:30:00,58.714,0.0,15.307,15.307,125.0,0.0,,30.0,43.407,15.307
2026-02-26 07:31:00,59.034,0.0,15.468,15.468,125.0,0.0,,30.0,43.566,15.468
2026-02-26 07:32:00,59.359,0.0,15.629,15.629,125.0,0.0,,30.0,43.729,15.629
2026-02-26 07:33:00,59.688,0.0,15.79,15.79,125.0,0.0,,30.0,43.898,15.79
2026-02-26 07:34:00,60.022,0.0,15.95,15.95,125.0,0.0,,30.0,44.072,15.95
2026-02-26 07:35:00,60.36,0.0,16.11,16.11,125.0,0.0,,30.0,44.25,16.11
2026-02-26 07:36:00,60.703,0.0,16.269,16.269,125.0,0.0,,30.0,44.434,16.269
2026-02-26 07:37:00,61.051,0.0,16.429,16.429,125.0,0.0,,30.0,44.622,16.429
2026-02-26 07:38:00,61.403,0.0,16.588,16.588,125.0,0.0,,30.0,44.815,16.588
2026-02-26 07:39:00,61.76,0.0,16.746,16.746,125.0,0.0,,30.0,45.013,16.746
2026-02-26 07:40:00,62.121,0.0,16.905,16.905,125.0,0.0,,30.0,45.216,16.905
2026-02-26 07:41:00,62.486,0.0,17.063,17.063,125.0,0.0,,30.0,45.423,17.063
2026-02-26 07:42:00,62.856,0.0,17.22,17.22,125.0,0.0,,30.0,45.636,17.22
2026-02-26 07:43:00,63.23,0.0,17.378,17.378,125.0,0.0,,30.0,45.852,17.378
2026-02-26 07:44:00,63.609,0.0,17.535,17.535,125.0,0.0,,30.0,46.074,17.535
2026-02-26 07:45:00,63.991,0.0,17.692,17.692,125.0,0.0,,30.0,46.3,17.692
2026-02-26 07:46:00,64.378,0.0,17.848,17.848,125.0,0.0,,30.0,46.53,17.848
2026-02-26 07:47:00,64.769,0.0,18.004,18.004,125.0,0.0,,30.0,46.765,18.004
2026-02-26 07:48:00,65.163,0.0,18.16,18.16,125.0,0.0,,30.0,47.004,18.16
2026-02-26 07:49:00,65.562,0.0,18.315,18.315,125.0,0.0,,30.0,47.247,18.315
2026-02-26 07:50:00,65.965,0.0,18.47,18.47,125.0,0.0,,30.0,47.495,18.47
2026-02-26 07:51:00,66.371,0.0,18.625,18.625,125.0,0.0,,30.0,47.746,18.625
2026-02-26 07:52:00,66.781,0.0,18.779,18.779,125.0,0.0,,30.0,48.002,18.779
2026-02-26 07:53:00,67.194,0.0,18.933,18.933,125.0,0.0,,30.0,48.262,18.933
2026-02-26 07:54:00,67.611,0.0,19.086,19.086,125.0,0.0,,30.0,48.525,19.086
2026-02-26 07:55:00,68.032,0.0,19.24,19.24,125.0,0.0,,30.0,48.792,19.24
2026-02-26 07:56:00,68.456,0.0,19.392,19.392,125.0,0.0,,30.0,49.063,19.392
2026-02-26 07:57:00,68.883,0.0,19.545,19.545,125.0,0.0,,30.0,49.338,19.545
2026-02-26 07:58:00,69.313,0.0,19.697,19.697,125.0,0.0,,30.0,49.616,19.697
2026-02-26 07:59:00,69.746,0.0,19.849,19.849,125.0,0.0,,30.0,49.897,19.849
2026-02-26 08:00:00,70.181,-100.0,-49.819,-49.819,125.0,-69.819,,30.45,120.0,20.0
2026-02-26 08:01:00,70.62,-100.0,-49.38,-49.38,125.0,-69.531,,30.89,120.0,20.151
2026-02-26 08:02:00,71.061,-100.0,-48.939,-48.939,125.0,-69.24,,31.34,120.0,20.302
2026-02-26 08:03:00,71.505,-100.0,-48.495,-48.495,125.0,-68.947,,31.78,120.0,20.452
2026-02-26 08:04:00,71.951,-100.0,-48.049,-48.049,125.0,-68.651,,32.22,120.0,20.602
2026-02-26 08:05:00,72.399,-100.0,-47.601,-47.601,125.0,-68.352,,32.66,120.0,20.751
2026-02-26 08:06:00,72.849,-100.0,-47.151,-47.151,125.0,-68.051,,33.09,120.0,20.9
2026-02-26 08:07:00,73.302,-100.0,-46.698,-46.698,125.0,-67.747,,33.53,120.0,21.049
2026-02-26 08:08:00,73.756,-100.0,-46.244,-46.244,125.0,-67.441,,33.96,120.0,21.197
2026-02-26 08:09:00,74.211,-100.0,-45.789,-45.789,125.0,-67.133,,34.39,120.0,21.345
2026-02-26 08:10:00,74.669,-100.0,-45.331,-45.331,125.0,-66.823,,34.82,120.0,21.492
2026-02-26 08:11:00,75.127,-100.0,-44.873,-44.873,125.0,-66.512,,35.25,120.0,21.639
2026-02-26 08:12:00,75.587,-100.0,-44.413,-44.413,125.0,-66.199,,35.67,120.0,21.786
2026-02-26 08:13:00,76.048,-100.0,-43.952,-43.952,125.0,-65.884,,36.09,120.0,21.932
2026-02-26 08:14:00,76.509,-100.0,-43.491,-43.491,125.0,-65.568,,36.51,120.0,22.077
2026-02-26 08:15:00,76.972,-100.0,-43.028,-43.028,125.0,-65.251,,36.93,120.0,22.223
2026-02-26 08:16:00,77.435,-100.0,-42.565,-42.565,125.0,-64.933,,37.35,120.0,22.368
2026-02-26 08:17:00,77.898,-100.0,-42.102,-42.102,125.0,-64.614,,37.76,120.0,22.512
2026-02-26 08:18:00,78.361,-100.0,-41.639,-41.639,125.0,-64.295,,38.17,120.0,22.656
2026-02-26 08:19:00,78.825,-100.0,-41.175,-41.175,125.0,-63.975,,38.58,120.0,22.8
2026-02-26 08:20:00,79.288,-100.0,-40.712,-40.712,125.0,-63.655,,38.99,120.0,22.943
2026-02-26 08:21:00,79.751,-100.0,-40.249,-40.249,125.0,-63.335,,39.4,120.0,23.086
2026-02-26 08:22:00,80.213,-100.0,-39.787,-39.787,125.0,-63.015,,39.8,120.0,23.228
2026-02-26 08:23:00,80.675,-100.0,-39.325,-39.325,125.0,-62.695,,40.2,120.0,23.37
2026-02-26 08:24:00,81.136,-100.0,-38.864,-38.864,125.0,-62.375,,40.6,120.0,23.511
2026-02-26 08:25:00,81.596,-100.0,-38.404,-38.404,125.0,-62.057,,41.0,120.0,23.652
2026-02-26 08:26:00,82.054,-100.0,-37.946,-37.946,125.0,-61.739,,41.4,120.0,23.793
2026-02-26 08:27:00,82.511,-100.0,-37.489,-37.489,125.0,-61.422,,41.79,120.0,23.933
2026-02-26 08:28:00,82.966,-100.0,-37.034,-37.034,125.0,-61.106,,42.18,120.0,24.073
2026-02-26 08:29:00,83.42,-100.0,-36.58,-36.58,125.0,-60.792,,42.57,120.0,24.212
2026-02-26 08:30:00,83.871,-100.0,-36.129,-36.129,125.0,-60.479,,42.96,120.0,24.35
2026-02-26 08:31:00,84.32,-100.0,-35.68,-35.68,125.0,-60.169,,43.34,120.0,24.489
2026-02-26 08:32:00,84.767,-100.0,-35.233,-35.233,125.0,-59.86,,43.73,120.0,24.626
2026-02-26 08:33:00,85.211,-100.0,-34.789,-34.789,125.0,-59.553,,44.11,120.0,24.764
2026-02-26 08:34:00,85.652,-100.0,-34.348,-34.348,125.0,-59.249,,44.49,120.0,24.901
2026-02-26 08:35:00,86.09,-100.0,-33.91,-33.91,125.0,-58.947,,44.87,120.0,25.037
2026-02-26 08:36:00,86.525,-100.0,-33.475,-33.475,125.0,-58.648,,45.24,120.0,25.173
2026-02-26 08:37:00,86.956,-100.0,-33.044,-33.044,125.0,-58.352,,45.62,120.0,25.308
2026-02-26 08:38:00,87.384,-100.0,-32.616,-32.616,125.0,-58.06,,45.99,120.0,25.443
2026-02-26 08:39:00,87.807,-100.0,-32.193,-32.193,125.0,-57.77,,46.36,120.0,25.578
2026-02-26 08:40:00,88.227,-100.0,-31.773,-31.773,125.0,-57.484,,46.73,120.0,25.712
2026-02-26 08:41:00,88.643,-100.0,-31.357,-31.357,125.0,-57.202,,47.1,120.0,25.845
2026-02-26 08:42:00,89.054,-100.0,-30.946,-30.946,125.0,-56.924,,47.46,120.0,25.978
2026-02-26 08:43:00,89.46,-100.0,-30.54,-30.54,125.0,-56.65,,47.82,120.0,26.11
2026-02-26 08:44:00,89.861,-100.0,-30.139,-30.139,125.0,-56.381,,48.19,120.0,26.242
2026-02-26 08:45:00,90.258,-100.0,-29.742,-29.742,125.0,-56.116,,48.54,120.0,26.374
2026-02-26 08:46:00,90.649,-100.0,-29.351,-29.351,125.0,-55.856,,48.9,120.0,26.505
2026-02-26 08:47:00,91.035,-100.0,-28.965,-28.965,125.0,-55.6,,49.26,120.0,26.635
2026-02-26 08:48:00,91.415,-100.0,-28.585,-28.585,125.0,-55.35,,49.61,120.0,26.765
2026-02-26 08:49:00,91.789,-100.0,-28.211,-28.211,125.0,-55.105,,49.97,120.0,26.895
2026-02-26 08:50:00,92.158,-100.0,-27.842,-27.842,125.0,-54.866,,50.32,120.0,27.024
2026-02-26 08:51:00,92.52,-100.0,-27.48,-27.48,125.0,-54.632,,50.67,120.0,27.152
2026-02-26 08:52:00,92.876,-100.0,-27.124,-27.124,125.0,-54.404,,51.02,120.0,27.28
2026-02-26 08:53:00,93.225,-100.0,-26.775,-26.775,125.0,-54.182,,51.37,120.0,27.407
2026-02-26 08:54:00,93.568,-100.0,-26.432,-26.432,125.0,-53.967,,51.71,120.0,27.534
2026-02-26 08:55:00,93.903,-100.0,-26.097,-26.097,125.0,-53.757,,52.06,120.0,27.661
2026-02-26 08:56:00,94.232,-100.0,-25.768,-25.768,125.0,-53.555,,52.4,120.0,27.786
2026-02-26 08:57:00,94.553,-100.0,-25.447,-25.447,125.0,-53.358,,52.74,120.0,27.912
2026-02-26 08:58:00,94.867,-100.0,-25.133,-25.133,125.0,-53.169,,53.08,120.0,28.036
2026-02-26 08:59:00,95.174,-100.0,-24.826,-24.826,125.0,-52.987,,53.42,120.0,28.161
2026-02-26 09:00:00,95.472,-100.0,-24.528,-24.528,125.0,-52.812,,53.76,120.0,28.284
2026-02-26 09:01:00,95.763,-100.0,-24.237,-24.237,125.0,-52.644,,54.1,120.0,28.407
2026-02-26 09:02:00,96.046,-100.0,-23.954,-23.954,125.0,-52.484,,54.43,120.0,28.53
2026-02-26 09:03:00,96.321,-100.0,-23.679,-23.679,125.0,-52.331,,54.77,120.0,28.652
2026-02-26 09:04:00,96.587,-100.0,-23.413,-23.413,125.0,-52.186,,55.1,120.0,28.774
2026-02-26 09:05:00,96.845,-100.0,-23.155,-23.155,125.0,-52.049,,55.44,120.0,28.895
2026-02-26 09:06:00,97.095,-100.0,-22.905,-22.905,125.0,-51.92,,55.77,120.0,29.015
2026-02-26 09:07:00,97.336,-100.0,-22.664,-22.664,125.0,-51.799,,56.1,120.0,29.135
2026-02-26 09:08:00,97.568,-100.0,-22.432,-22.432,125.0,-51.686,,56.43,120.0,29.254
2026-02-26 09:09:00,97.791,-100.0,-22.209,-22.209,125.0,-51.582,,56.76,120.0,29.373
2026-02-26 09:10:00,98.005,-100.0,-21.995,-21.995,125.0,-51.486,,57.09,120.0,29.491
2026-02-26 09:11:00,98.211,-100.0,-21.789,-21.789,125.0,-51.398,,57.42,120.0,29.609
2026-02-26 09:12:00,98.407,-100.0,-21.593,-21.593,125.0,-51.319,,57.75,120.0,29.726
2026-02-26 09:13:00,98.593,-100.0,-21.407,-21.407,125.0,-51.249,,58.08,120.0,29.842
2026-02-26 09:14:00,98.771,-100.0,-21.229,-21.229,125.0,-51.188,,58.41,120.0,29.958
2026-02-26 09:15:00,98.939,-100.0,-21.061,-21.061,125.0,-51.135,,58.74,120.0,30.074
2026-02-26 09:16:00,99.097,-100.0,-20.903,-20.903,125.0,-51.091,,59.07,120.0,30.188
2026-02-26 09:17:00,99.246,-100.0,-20.754,-20.754,125.0,-51.057,,59.39,120.0,30.303
2026-02-26 09:18:00,99.385,-100.0,-20.615,-20.615,125.0,-51.031,,59.72,120.0,30.416
2026-02-26 09:19:00,99.515,-100.0,-20.485,-20.485,125.0,-51.015,,60.05,120.0,30.529
2026-02-26 09:20:00,99.635,-100.0,-20.365,-20.365,125.0,-51.007,,60.37,120.0,30.642
2026-02-26 09:21:00,99.745,-100.0,-20.255,-20.255,125.0,-51.009,,60.7,120.0,30.754
2026-02-26 09:22:00,99.845,-100.0,-20.155,-20.155,125.0,-51.02,,61.03,120.0,30.865
2026-02-26 09:23:00,99.936,-100.0,-20.064,-20.064,125.0,-51.04,,61.35,120.0,30.976
2026-02-26 09:24:00,100.016,-100.0,-19.984,-19.984,125.0,-51.069,,61.68,120.0,31.086
2026-02-26 09:25:00,100.087,-100.0,-19.913,-19.913,125.0,-51.108,,62.01,120.0,31.195
2026-02-26 09:26:00,100.149,-100.0,-19.851,-19.851,125.0,-51.156,,62.34,120.0,31.304
2026-02-26 09:27:00,100.2,-100.0,-19.8,-19.8,125.0,-51.213,,62.67,120.0,31.413
2026-02-26 09:28:00,100.241,-100.0,-19.759,-19.759,125.0,-51.279,,62.99,120.0,31.52
2026-02-26 09:29:00,100.273,-100.0,-19.727,-19.727,125.0,-51.354,,63.32,120.0,31.628
2026-02-26 09:30:00,100.295,-100.0,-19.705,-19.705,125.0,-51.439,,63.65,120.0,31.734
2026-02-26 09:31:00,100.308,-100.0,-19.692,-19.692,125.0,-51.532,,63.98,120.0,31.84
2026-02-26 09:32:00,100.31,-100.0,-19.69,-19.69,125.0,-51.635,,64.31,120.0,31.945
2026-02-26 09:33:00,100.304,-100.0,-19.696,-19.696,125.0,-51.747,,64.65,120.0,32.05
2026-02-26 09:34:00,100.287,-100.0,-19.713,-19.713,125.0,-51.867,,64.98,120.0,32.154
2026-02-26 09:35:00,100.261,-100.0,-19.739,-19.739,125.0,-51.996,,65.31,120.0,32.258
2026-02-26 09:36:00,100.226,-100.0,-19.774,-19.774,125.0,-52.134,,65.65,120.0,32.361
2026-02-26 09:37:00,100.182,-100.0,-19.818,-19.818,125.0,-52.281,,65.98,120.0,32.463
2026-02-26 09:38:00,100.128,-100.0,-19.872,-19.872,125.0,-52.436,,66.32,120.0,32.565
2026-02-26 09:39:00,100.066,-100.0,-19.934,-19.934,125.0,-52.6,,66.65,120.0,32.666
2026-02-26 09:40:00,99.994,-100.0,-20.006,-20.006,125.0,-52.772,,66.99,120.0,32.766
2026-02-26 09:41:00,99.913,-100.0,-20.087,-20.087,125.0,-52.952,,67.33,120.0,32.866
2026-02-26 09:42:00,99.824,-100.0,-20.176,-20.176,125.0,-53.141,,67.67,120.0,32.965
2026-02-26 09:43:00,99.727,-100.0,-20.273,-20.273,125.0,-53.337,,68.02,120.0,33.064
2026-02-26 09:44:00,99.62,-100.0,-20.38,-20.38,125.0,-53.541,,68.36,120.0,33.162
2026-02-26 09:45:00,99.506,-100.0,-20.494,-20.494,125.0,-53.753,,68.7,120.0,33.259
2026-02-26 09:46:00,99.383,-100.0,-20.617,-20.617,125.0,-53.972,,69.05,120.0,33.355
2026-02-26 09:47:00,99.253,-100.0,-20.747,-20.747,125.0,-54.199,,69.4,120.0,33.451
2026-02-26 09:48:00,99.115,-100.0,-20.885,-20.885,125.0,-54.432,,69.75,120.0,33.547
2026-02-26 09:49:00,98.969,-100.0,-21.031,-21.031,125.0,-54.673,,70.1,120.0,33.642
2026-02-26 09:50:00,98.816,-100.0,-21.184,-21.184,125.0,-54.92,,70.45,120.0,33.736
2026-02-26 09:51:00,98.655,-100.0,-21.345,-21.345,125.0,-55.174,,70.8,120.0,33.829
2026-02-26 09:52:00,98.488,-100.0,-21.512,-21.512,125.0,-55.434,,71.16,120.0,33.922
2026-02-26 09:53:00,98.314,-100.0,-21.686,-21.686,125.0,-55.7,,71.51,120.0,34.014
2026-02-26 09:54:00,98.133,-100.0,-21.867,-21.867,125.0,-55.972,,71.87,120.0,34.106
2026-02-26 09:55:00,97.946,-100.0,-22.054,-22.054,125.0,-56.25,,72.23,120.0,34.196
2026-02-26 09:56:00,97.754,-100.0,-22.246,-22.246,125.0,-56.533,,72.6,120.0,34.287
2026-02-26 09:57:00,97.555,-100.0,-22.445,-22.445,125.0,-56.821,,72.96,120.0,34.376
2026-02-26 09:58:00,97.351,-100.0,-22.649,-22.649,125.0,-57.115,,73.33,120.0,34.465
2026-02-26 09:59:00,97.141,-100.0,-22.859,-22.859,125.0,-57.412,,73.69,120.0,34.553
2026-02-26 10:00:00,96.927,-100.0,-23.073,-23.073,125.0,-57.714,,74.06,120.0,34.641
2026-02-26 10:01:00,96.708,-100.0,-23.292,-23.292,125.0,-58.02,,74.44,120.0,34.728
2026-02-26 10:02:00,96.484,-100.0,-23.516,-23.516,125.0,-58.33,,74.81,120.0,34.814
2026-02-26 10:03:00,96.256,-100.0,-23.744,-23.744,125.0,-58.643,,75.19,120.0,34.9
2026-02-26 10:04:00,96.025,-100.0,-23.975,-23.975,125.0,-58.96,,75.56,120.0,34.985
2026-02-26 10:05:00,95.79,-100.0,-24.21,-24.21,125.0,-59.279,,75.94,120.0,35.069
2026-02-26 10:06:00,95.552,-100.0,-24.448,-24.448,125.0,-59.601,,76.33,120.0,35.153
2026-02-26 10:07:00,95.311,-100.0,-24.689,-24.689,125.0,-59.925,,76.71,120.0,35.236
2026-02-26 10:08:00,95.067,-100.0,-24.933,-24.933,125.0,-60.251,,77.1,120.0,35.318
2026-02-26 10:09:00,94.821,-100.0,-25.179,-25.179,125.0,-60.578,,77.48,120.0,35.4
2026-02-26 10:10:00,94.573,-100.0,-25.427,-25.427,125.0,-60.907,,77.87,120.0,35.48
2026-02-26 10:11:00,94.324,-100.0,-25.676,-25.676,125.0,-61.237,,78.27,120.0,35.561
2026-02-26 10:12:00,94.074,-100.0,-25.926,-25.926,125.0,-61.567,,78.66,120.0,35.64
2026-02-26 10:13:00,93.822,-100.0,-26.178,-26.178,125.0,-61.897,,79.06,120.0,35.719
2026-02-26 10:14:00,93.571,-100.0,-26.429,-26.429,125.0,-62.227,,79.46,120.0,35.797
2026-02-26 10:15:00,93.319,-100.0,-26.681,-26.681,125.0,-62.556,,79.86,120.0,35.875
2026-02-26 10:16:00,93.068,-100.0,-26.932,-26.932,125.0,-62.884,,80.26,120.0,35.952
2026-02-26 10:17:00,92.817,-100.0,-27.183,-27.183,125.0,-63.211,,80.67,120.0,36.028
2026-02-26 10:18:00,92.567,-100.0,-27.433,-27.433,125.0,-63.536,,81.07,120.0,36.103
2026-02-26 10:19:00,92.319,-100.0,-27.681,-27.681,125.0,-63.86,,81.48,120.0,36.178
2026-02-26 10:20:00,92.072,-100.0,-27.928,-27.928,125.0,-64.18,,81.9,120.0,36.252
2026-02-26 10:21:00,91.828,-100.0,-28.172,-28.172,125.0,-64.498,,82.31,120.0,36.326
2026-02-26 10:22:00,91.586,-100.0,-28.414,-28.414,125.0,-64.812,,82.72,120.0,36.398
2026-02-26 10:23:00,91.348,-100.0,-28.652,-28.652,125.0,-65.123,,83.14,120.0,36.47
2026-02-26 10:24:00,91.113,-100.0,-28.887,-28.887,125.0,-65.429,,83.56,120.0,36.542
2026-02-26 10:25:00,90.881,-100.0,-29.119,-29.119,125.0,-65.731,,83.98,120.0,36.612
2026-02-26 10:26:00,90.654,-100.0,-29.346,-29.346,125.0,-66.028,,84.41,120.0,36.682
2026-02-26 10:27:00,90.432,-100.0,-29.568,-29.568,125.0,-66.32,,84.83,120.0,36.752
2026-02-26 10:28:00,90.215,-100.0,-29.785,-29.785,125.0,-66.606,,85.26,120.0,36.82
2026-02-26 10:29:00,90.003,-100.0,-29.997,-29.997,125.0,-66.885,,85.69,120.0,36.888
2026-02-26 10:30:00,89.797,-100.0,-30.203,-30.203,125.0,-67.158,,86.12,120.0,36.955
2026-02-26 10:31:00,89.598,-100.0,-30.402,-30.402,125.0,-67.424,,86.55,120.0,37.022
2026-02-26 10:32:00,89.405,-100.0,-30.595,-30.595,125.0,-67.682,,86.98,120.0,37.087
2026-02-26 10:33:00,89.22,-100.0,-30.78,-30.78,125.0,-67.933,,87.42,120.0,37.152
2026-02-26 10:34:00,89.042,-100.0,-30.958,-30.958,125.0,-68.175,,87.86,120.0,37.217
2026-02-26 10:35:00,88.872,-100.0,-31.128,-31.128,125.0,-68.408,,88.29,120.0,37.28
2026-02-26 10:36:00,88.711,-100.0,-31.289,-31.289,125.0,-68.632,,88.73,120.0,37.343
2026-02-26 10:37:00,88.558,-100.0,-31.442,-31.442,125.0,-68.847,,89.18,120.0,37.405
2026-02-26 10:38:00,88.415,-100.0,-31.585,-31.585,125.0,-69.052,,89.62,120.0,37.467
2026-02-26 10:39:00,88.282,-100.0,-31.718,-31.718,125.0,-69.246,,90.0,120.0,37.528
2026-02-26 10:40:00,88.159,-100.0,37.588,37.588,125.0,0.0,,90.0,50.571,37.588
2026-02-26 10:41:00,88.046,-100.0,37.647,37.647,125.0,0.0,,90.0,50.399,37.647
2026-02-26 10:42:00,87.945,-100.0,37.706,37.706,125.0,0.0,,90.0,50.239,37.706
2026-02-26 10:43:00,87.855,-100.0,37.764,37.764,125.0,0.0,,90.0,50.091,37.764
2026-02-26 10:44:00,87.777,-100.0,37.821,37.821,125.0,0.0,,90.0,49.956,37.821
2026-02-26 10:45:00,87.711,-100.0,37.877,37.877,125.0,0.0,,90.0,49.833,37.877
2026-02-26 10:46:00,87.657,-100.0,37.933,37.933,125.0,0.0,,90.0,49.724,37.933
2026-02-26 10:47:00,87.617,-100.0,37.988,37.988,125.0,0.0,,90.0,49.629,37.988
2026-02-26 10:48:00,87.59,-100.0,38.042,38.042,125.0,0.0,,90.0,49.548,38.042
2026-02-26 10:49:00,87.577,-100.0,38.096,38.096,125.0,0.0,,90.0,49.481,38.096
2026-02-26 10:50:00,87.578,-100.0,38.149,38.149,125.0,0.0,,90.0,49.429,38.149
2026-02-26 10:51:00,87.594,-100.0,38.201,38.201,125.0,0.0,,90.0,49.393,38.201
2026-02-26 10:52:00,87.625,-100.0,38.252,38.252,125.0,0.0,,90.0,49.372,38.252
2026-02-26 10:53:00,87.671,-100.0,38.303,38.303,125.0,0.0,,90.0,49.368,38.303
2026-02-26 10:54:00,87.732,-100.0,38.353,38.353,125.0,0.0,,90.0,49.38,38.353
2026-02-26 10:55:00,87.81,-100.0,38.402,38.402,125.0,0.0,,90.0,49.408,38.402
2026-02-26 10:56:00,87.904,-100.0,38.45,38.45,125.0,0.0,,90.0,49.454,38.45
2026-02-26 10:57:00,88.015,-100.0,38.498,38.498,125.0,0.0,,90.0,49.517,38.498
2026-02-26 10:58:00,88.143,-100.0,38.545,38.545,125.0,0.0,,90.0,49.598,38.545
2026-02-26 10:59:00,88.288,-100.0,38.591,38.591,125.0,0.0,,90.0,49.697,38.591
2026-02-26 11:00:00,88.451,0.0,38.637,38.637,125.0,0.0,,90.0,49.814,38.637
2026-02-26 11:01:00,88.632,0.0,38.682,38.682,125.0,0.0,,90.0,49.95,38.682
2026-02-26 11:02:00,88.831,0.0,38.726,38.726,125.0,0.0,,90.0,50.105,38.726
2026-02-26 11:03:00,89.049,0.0,38.769,38.769,125.0,0.0,,90.0,50.28,38.769
2026-02-26 11:04:00,89.285,0.0,38.812,38.812,125.0,0.0,,90.0,50.473,38.812
2026-02-26 11:05:00,89.541,0.0,38.854,38.854,125.0,0.0,,90.0,50.687,38.854
2026-02-26 11:06:00,89.815,0.0,38.895,38.895,125.0,0.0,,90.0,50.92,38.895
2026-02-26 11:07:00,90.109,0.0,38.935,38.935,125.0,0.0,,90.0,51.174,38.935
2026-02-26 11:08:00,90.423,0.0,38.975,38.975,125.0,0.0,,90.0,51.449,38.975
2026-02-26 11:09:00,90.757,0.0,39.014,39.014,125.0,0.0,,90.0,51.743,39.014
2026-02-26 11:10:00,91.111,0.0,39.052,39.052,125.0,0.0,,90.0,52.059,39.052
2026-02-26 11:11:00,91.485,0.0,39.089,39.089,125.0,0.0,,90.0,52.396,39.089
2026-02-26 11:12:00,91.88,0.0,39.126,39.126,125.0,0.0,,90.0,52.754,39.126
2026-02-26 11:13:00,92.295,0.0,39.162,39.162,125.0,0.0,,90.0,53.133,39.162
2026-02-26 11:14:00,92.73,0.0,39.197,39.197,125.0,0.0,,90.0,53.533,39.197
2026-02-26 11:15:00,93.187,0.0,39.231,39.231,125.0,0.0,,90.0,53.955,39.231
2026-02-26 11:16:00,93.664,0.0,39.265,39.265,125.0,0.0,,90.0,54.399,39.265
2026-02-26 11:17:00,94.162,0.0,39.298,39.298,125.0,0.0,,90.0,54.864,39.298
2026-02-26 11:18:00,94.682,0.0,39.33,39.33,125.0,0.0,,90.0,55.352,39.33
2026-02-26 11:19:00,95.222,0.0,39.362,39.362,125.0,0.0,,90.0,55.86,39.362
2026-02-26 11:20:00,95.783,0.0,39.392,39.392,125.0,0.0,,90.0,56.391,39.392
2026-02-26 11:21:00,96.366,0.0,39.422,39.422,125.0,0.0,,90.0,56.943,39.422
2026-02-26 11:22:00,96.969,0.0,39.451,39.451,125.0,0.0,,90.0,57.517,39.451
2026-02-26 11:23:00,97.593,0.0,39.48,39.48,125.0,0.0,,90.0,58.113,39.48
2026-02-26 11:24:00,98.238,0.0,39.508,39.508,125.0,0.0,,90.0,58.731,39.508
2026-02-26 11:25:00,98.904,0.0,39.534,39.534,125.0,0.0,,90.0,59.37,39.534
2026-02-26 11:26:00,99.591,0.0,39.561,39.561,125.0,0.0,,90.0,60.03,39.561
2026-02-26 11:27:00,100.298,0.0,39.586,39.586,125.0,0.0,,90.0,60.712,39.586
2026-02-26 11:28:00,101.026,0.0,39.611,39.611,125.0,0.0,,90.0,61.416,39.611
2026-02-26 11:29:00,101.774,0.0,39.635,39.635,125.0,0.0,,90.0,62.14,39.635
2026-02-26 11:30:00,102.543,0.0,39.658,39.658,125.0,0.0,,90.0,62.885,39.658
2026-02-26 11:31:00,103.331,0.0,39.68,39.68,125.0,0.0,,90.0,63.651,39.68
2026-02-26 11:32:00,104.139,0.0,39.702,39.702,125.0,0.0,,90.0,64.437,39.702
2026-02-26 11:33:00,104.966,0.0,39.723,39.723,125.0,0.0,,90.0,65.243,39.723
2026-02-26 11:34:00,105.813,0.0,39.743,39.743,125.0,0.0,,90.0,66.07,39.743
2026-02-26 11:35:00,106.678,0.0,39.762,39.762,125.0,0.0,,90.0,66.916,39.762
2026-02-26 11:36:00,107.562,0.0,39.781,39.781,125.0,0.0,,90.0,67.781,39.781
2026-02-26 11:37:00,108.464,0.0,39.799,39.799,125.0,0.0,,90.0,68.665,39.799
2026-02-26 11:38:00,109.384,0.0,39.816,39.816,125.0,0.0,,90.0,69.568,39.816
2026-02-26 11:39:00,110.322,0.0,39.832,39.832,125.0,0.0,,90.0,70.49,39.832
2026-02-26 11:40:00,111.276,0.0,39.848,39.848,125.0,0.0,,90.0,71.429,39.848
2026-02-26 11:41:00,112.248,0.0,39.863,39.863,125.0,0.0,,90.0,72.385,39.863
2026-02-26 11:42:00,113.236,0.0,39.877,39.877,125.0,0.0,,90.0,73.359,39.877
2026-02-26 11:43:00,114.239,0.0,39.89,39.89,125.0,0.0,,90.0,74.349,39.89
2026-02-26 11:44:00,115.258,0.0,39.903,39.903,125.0,0.0,,90.0,75.355,39.903
2026-02-26 11:45:00,116.291,0.0,39.914,39.914,125.0,0.0,,90.0,76.377,39.914
2026-02-26 11:46:00,117.339,0.0,39.925,39.925,125.0,0.0,,90.0,77.414,39.925
2026-02-26 11:47:00,118.4,0.0,39.936,39.936,125.0,0.0,,90.0,78.465,39.936
2026-02-26 11:48:00,119.475,0.0,39.945,39.945,125.0,0.0,,90.0,79.53,39.945
2026-02-26 11:49:00,120.562,0.0,39.954,39.954,125.0,0.0,,90.0,80.608,39.954
2026-02-26 11:50:00,121.661,0.0,39.962,39.962,125.0,0.0,,90.0,81.699,39.962
2026-02-26 11:51:00,122.772,0.0,39.969,39.969,125.0,0.0,,90.0,82.803,39.969
2026-02-26 11:52:00,123.893,0.0,39.976,39.976,125.0,0.0,,90.0,83.917,39.976
2026-02-26 11:53:00,125.024,0.0,39.981,39.981,125.0,0.0,,90.0,85.043,39.981
2026-02-26 11:54:00,126.164,0.0,39.986,39.986,125.0,0.0,,90.0,86.178,39.986
2026-02-26 11:55:00,127.313,0.0,39.99,39.99,125.0,0.0,,90.0,87.323,39.99
2026-02-26 11:56:00,128.47,0.0,39.994,39.994,125.0,0.0,,90.0,88.476,39.994
2026-02-26 11:57:00,129.634,0.0,39.997,39.997,125.0,0.0,,90.0,89.638,39.997
2026-02-26 11:58:00,130.805,0.0,39.998,39.998,125.0,0.0,,90.0,90.806,39.998
2026-02-26 11:59:00,131.981,0.0,40.0,40.0,125.0,0.0,,90.0,91.981,40.0
2026-02-26 12:00:00,133.162,100.0,125.0,125.0,125.0,85.0,100.0,89.46,8.162,40.0
2026-02-26 12:01:00,134.347,100.0,125.0,125.0,125.0,85.0,100.0,88.91,9.347,40.0
2026-02-26 12:02:00,135.535,100.0,125.0,125.0,125.0,85.002,100.0,88.37,10.535,39.998
2026-02-26 12:03:00,136.725,100.0,125.0,125.0,125.0,85.003,100.0,87.82,11.725,39.997
2026-02-26 12:04:00,137.917,100.0,125.0,125.0,125.0,85.006,100.0,87.28,12.917,39.994
2026-02-26 12:05:00,139.11,100.0,125.0,125.0,125.0,85.01,100.0,86.73,14.11,39.99
2026-02-26 12:06:00,140.303,100.0,125.0,125.0,125.0,85.014,100.0,86.19,15.303,39.986
2026-02-26 12:07:00,141.495,100.0,125.0,125.0,125.0,85.019,100.0,85.64,16.495,39.981
2026-02-26 12:08:00,142.685,100.0,125.0,125.0,125.0,85.024,100.0,85.1,17.685,39.976
2026-02-26 12:09:00,143.872,100.0,125.0,125.0,125.0,85.031,100.0,84.55,18.872,39.969
2026-02-26 12:10:00,145.055,100.0,125.0,125.0,125.0,85.038,100.0,84.01,20.055,39.962
2026-02-26 12:11:00,146.234,100.0,125.0,125.0,125.0,85.046,100.0,83.46,21.234,39.954
2026-02-26 12:12:00,147.408,100.0,125.0,125.0,125.0,85.055,100.0,82.92,22.408,39.945
2026-02-26 12:13:00,148.575,100.0,125.0,125.0,125.0,85.064,100.0,82.37,23.575,39.936
2026-02-26 12:14:00,149.735,100.0,125.0,125.0,125.0,85.075,100.0,81.82,24.735,39.925
2026-02-26 12:15:00,150.886,100.0,125.0,125.0,125.0,85.086,100.0,81.28,25.886,39.914
2026-02-26 12:16:00,152.029,100.0,125.0,125.0,125.0,85.097,100.0,80.73,27.029,39.903
2026-02-26 12:17:00,153.161,100.0,125.0,125.0,125.0,85.11,100.0,80.19,28.161,39.89
2026-02-26 12:18:00,154.283,100.0,125.0,125.0,125.0,85.123,100.0,79.64,29.283,39.877
2026-02-26 12:19:00,155.392,100.0,125.0,125.0,125.0,85.137,100.0,79.1,30.392,39.863
2026-02-26 12:20:00,156.489,100.0,125.0,125.0,125.0,85.152,100.0,78.55,31.489,39.848
2026-02-26 12:21:00,157.572,100.0,125.0,125.0,125.0,85.168,100.0,78.0,32.572,39.832
2026-02-26 12:22:00,158.641,100.0,125.0,125.0,125.0,85.184,100.0,77.46,33.641,39.816
2026-02-26 12:23:00,159.694,100.0,125.0,125.0,125.0,85.201,100.0,76.91,34.694,39.799
2026-02-26 12:24:00,160.731,100.0,125.0,125.0,125.0,85.219,100.0,76.37,35.731,39.781
2026-02-26 12:25:00,161.75,100.0,125.0,125.0,125.0,85.238,100.0,75.82,36.75,39.762
2026-02-26 12:26:00,162.751,100.0,125.0,125.0,125.0,85.257,100.0,75.27,37.751,39.743
2026-02-26 12:27:00,163.734,100.0,125.0,125.0,125.0,85.277,100.0,74.73,38.734,39.723
2026-02-26 12:28:00,164.696,100.0,125.0,125.0,125.0,85.298,100.0,74.18,39.696,39.702
2026-02-26 12:29:00,165.638,100.0,125.0,125.0,125.0,85.32,100.0,73.63,40.638,39.68
2026-02-26 12:30:00,166.558,100.0,125.0,125.0,125.0,85.342,100.0,73.09,41.558,39.658
2026-02-26 12:31:00,167.456,100.0,125.0,125.0,125.0,85.365,100.0,72.54,42.456,39.635
2026-02-26 12:32:00,168.33,100.0,125.0,125.0,125.0,85.389,100.0,71.99,43.33,39.611
2026-02-26 12:33:00,169.181,100.0,125.0,125.0,125.0,85.414,100.0,71.44,44.181,39.586
2026-02-26 12:34:00,170.007,100.0,125.0,125.0,125.0,85.439,100.0,70.9,45.007,39.561
2026-02-26 12:35:00,170.807,100.0,125.0,125.0,125.0,85.466,100.0,70.35,45.807,39.534
2026-02-26 12:36:00,171.581,100.0,125.0,125.0,125.0,85.492,100.0,69.8,46.581,39.508
2026-02-26 12:37:00,172.329,100.0,125.0,125.0,125.0,85.52,100.0,69.25,47.329,39.48
2026-02-26 12:38:00,173.048,100.0,125.0,125.0,125.0,85.549,100.0,68.7,48.048,39.451
2026-02-26 12:39:00,173.74,100.0,125.0,125.0,125.0,85.578,100.0,68.16,48.74,39.422
2026-02-26 12:40:00,174.402,100.0,125.0,125.0,125.0,85.608,100.0,67.61,49.402,39.392
2026-02-26 12:41:00,175.035,100.0,125.0,125.0,125.0,85.638,100.0,67.06,50.035,39.362
2026-02-26 12:42:00,175.638,100.0,125.0,125.0,125.0,85.67,100.0,66.51,50.638,39.33
2026-02-26 12:43:00,176.21,100.0,125.0,125.0,125.0,85.702,100.0,65.96,51.21,39.298
2026-02-26 12:44:00,176.751,100.0,125.0,125.0,125.0,85.735,100.0,65.41,51.751,39.265
2026-02-26 12:45:00,177.259,100.0,125.0,125.0,125.0,85.769,100.0,64.86,52.259,39.231
2026-02-26 12:46:00,177.736,100.0,125.0,125.0,125.0,85.803,100.0,64.31,52.736,39.197
2026-02-26 12:47:00,178.179,100.0,125.0,125.0,125.0,85.838,100.0,63.76,53.179,39.162
2026-02-26 12:48:00,178.59,100.0,125.0,125.0,125.0,85.874,100.0,63.21,53.59,39.126
2026-02-26 12:49:00,178.967,100.0,125.0,125.0,125.0,85.911,100.0,62.66,53.967,39.089
2026-02-26 12:50:00,179.309,100.0,125.0,125.0,125.0,85.948,100.0,62.11,54.309,39.052
2026-02-26 12:51:00,179.617,100.0,125.0,125.0,125.0,85.986,100.0,61.56,54.617,39.014
2026-02-26 12:52:00,179.891,100.0,125.0,125.0,125.0,86.025,100.0,61.0,54.891,38.975
2026-02-26 12:53:00,180.129,100.0,125.0,125.0,125.0,86.065,100.0,60.45,55.129,38.935
2026-02-26 12:54:00,180.332,100.0,125.0,125.0,125.0,86.105,100.0,59.9,55.332,38.895
2026-02-26 12:55:00,180.5,100.0,125.0,125.0,125.0,86.146,100.0,59.35,55.5,38.854
2026-02-26 12:56:00,180.631,100.0,125.0,125.0,125.0,86.188,100.0,58.8,55.631,38.812
2026-02-26 12:57:00,180.727,100.0,125.0,125.0,125.0,86.231,100.0,58.24,55.727,38.769
2026-02-26 12:58:00,180.787,100.0,125.0,125.0,125.0,86.274,100.0,57.69,55.787,38.726
2026-02-26 12:59:00,180.81,100.0,125.0,125.0,125.0,86.318,100.0,57.14,55.81,38.682
2026-02-26 13:00:00,180.797,100.0,125.0,125.0,125.0,86.363,100.0,56.58,55.797,38.637
2026-02-26 13:01:00,180.748,100.0,125.0,125.0,125.0,86.409,100.0,56.03,55.748,38.591
2026-02-26 13:02:00,180.663,100.0,125.0,125.0,125.0,86.455,100.0,55.48,55.663,38.545
2026-02-26 13:03:00,180.541,100.0,125.0,125.0,125.0,86.502,100.0,54.92,55.541,38.498
2026-02-26 13:04:00,180.383,100.0,125.0,125.0,125.0,86.55,100.0,54.37,55.383,38.45
2026-02-26 13:05:00,180.188,100.0,125.0,125.0,125.0,86.598,100.0,53.81,55.188,38.402
2026-02-26 13:06:00,179.958,100.0,125.0,125.0,125.0,86.647,100.0,53.26,54.958,38.353
2026-02-26 13:07:00,179.691,100.0,125.0,125.0,125.0,86.697,100.0,52.7,54.691,38.303
2026-02-26 13:08:00,179.389,100.0,125.0,125.0,125.0,86.748,100.0,52.14,54.389,38.252
2026-02-26 13:09:00,179.051,100.0,125.0,125.0,125.0,86.799,100.0,51.59,54.051,38.201
2026-02-26 13:10:00,178.678,100.0,125.0,125.0,125.0,86.851,100.0,51.03,53.678,38.149
2026-02-26 13:11:00,178.27,100.0,125.0,125.0,125.0,86.904,100.0,50.47,53.27,38.096
2026-02-26 13:12:00,177.827,100.0,125.0,125.0,125.0,86.958,100.0,49.92,52.827,38.042
2026-02-26 13:13:00,177.349,100.0,125.0,125.0,125.0,87.012,100.0,49.36,52.349,37.988
2026-02-26 13:14:00,176.838,100.0,125.0,125.0,125.0,87.067,100.0,48.8,51.838,37.933
2026-02-26 13:15:00,176.292,100.0,125.0,125.0,125.0,87.123,100.0,48.24,51.292,37.877
2026-02-26 13:16:00,175.714,100.0,125.0,125.0,125.0,87.179,100.0,47.68,50.714,37.821
2026-02-26 13:17:00,175.102,100.0,125.0,125.0,125.0,87.236,100.0,47.12,50.102,37.764
2026-02-26 13:18:00,174.458,100.0,125.0,125.0,125.0,87.294,100.0,46.56,49.458,37.706
2026-02-26 13:19:00,173.782,100.0,125.0,125.0,125.0,87.353,100.0,46.0,48.782,37.647
2026-02-26 13:20:00,173.075,100.0,125.0,125.0,125.0,87.412,100.0,45.44,48.075,37.588
2026-02-26 13:21:00,172.337,100.0,125.0,125.0,125.0,87.472,100.0,44.88,47.337,37.528
2026-02-26 13:22:00,171.568,100.0,125.0,125.0,125.0,87.533,100.0,44.32,46.568,37.467
2026-02-26 13:23:00,170.77,100.0,125.0,125.0,125.0,87.595,100.0,43.76,45.77,37.405
2026-02-26 13:24:00,169.942,100.0,125.0,125.0,125.0,87.657,100.0,43.2,44.942,37.343
2026-02-26 13:25:00,169.086,100.0,125.0,125.0,125.0,87.72,100.0,42.64,44.086,37.28
2026-02-26 13:26:00,168.203,100.0,125.0,125.0,125.0,87.783,100.0,42.07,43.203,37.217
2026-02-26 13:27:00,167.292,100.0,125.0,125.0,125.0,87.848,100.0,41.51,42.292,37.152
2026-02-26 13:28:00,166.354,100.0,125.0,125.0,125.0,87.913,100.0,40.95,41.354,37.087
2026-02-26 13:29:00,165.391,100.0,125.0,125.0,125.0,87.978,100.0,40.38,40.391,37.022
2026-02-26 13:30:00,164.403,100.0,125.0,125.0,125.0,88.045,100.0,39.82,39.403,36.955
2026-02-26 13:31:00,163.39,100.0,125.0,125.0,125.0,88.112,100.0,39.25,38.39,36.888
2026-02-26 13:32:00,162.354,100.0,125.0,125.0,125.0,88.18,100.0,38.69,37.354,36.82
2026-02-26 13:33:00,161.295,100.0,125.0,125.0,125.0,88.248,100.0,38.12,36.295,36.752
2026-02-26 13:34:00,160.214,100.0,125.0,125.0,125.0,88.318,100.0,37.56,35.214,36.682
2026-02-26 13:35:00,159.112,100.0,125.0,125.0,125.0,88.388,100.0,36.99,34.112,36.612
2026-02-26 13:36:00,157.989,100.0,125.0,125.0,125.0,88.458,100.0,36.42,32.989,36.542
2026-02-26 13:37:00,156.847,100.0,125.0,125.0,125.0,88.53,100.0,35.86,31.847,36.47
2026-02-26 13:38:00,155.685,100.0,125.0,125.0,125.0,88.602,100.0,35.29,30.685,36.398
2026-02-26 13:39:00,154.506,100.0,125.0,125.0,125.0,88.674,100.0,34.72,29.506,36.326
2026-02-26 13:40:00,153.31,100.0,125.0,125.0,125.0,88.748,100.0,34.15,28.31,36.252
2026-02-26 13:41:00,152.097,100.0,125.0,125.0,125.0,88.822,100.0,33.58,27.097,36.178
2026-02-26 13:42:00,150.87,100.0,125.0,125.0,125.0,88.897,100.0,33.01,25.87,36.103
2026-02-26 13:43:00,149.627,100.0,125.0,125.0,125.0,88.972,100.0,32.44,24.627,36.028
2026-02-26 13:44:00,148.371,100.0,125.0,125.0,125.0,89.048,100.0,31.87,23.371,35.952
2026-02-26 13:45:00,147.101,100.0,125.0,125.0,125.0,89.125,100.0,31.3,22.101,35.875
2026-02-26 13:46:00,145.82,100.0,125.0,125.0,125.0,89.203,100.0,30.73,20.82,35.797
2026-02-26 13:47:00,144.528,100.0,125.0,125.0,125.0,89.281,100.0,30.15,19.528,35.719
2026-02-26 13:48:00,143.225,100.0,125.0,125.0,125.0,89.36,100.0,29.58,18.225,35.64
2026-02-26 13:49:00,141.913,100.0,125.0,125.0,125.0,89.439,100.0,29.01,16.913,35.561
2026-02-26 13:50:00,140.592,100.0,125.0,125.0,125.0,89.52,100.0,28.43,15.592,35.48
2026-02-26 13:51:00,139.263,100.0,125.0,125.0,125.0,89.6,100.0,27.86,14.263,35.4
2026-02-26 13:52:00,137.928,100.0,125.0,125.0,125.0,89.682,100.0,27.28,12.928,35.318
2026-02-26 13:53:00,136.586,100.0,125.0,125.0,125.0,89.764,100.0,26.71,11.586,35.236
2026-02-26 13:54:00,135.239,100.0,125.0,125.0,125.0,89.847,100.0,26.13,10.239,35.153
2026-02-26 13:55:00,133.888,100.0,125.0,125.0,125.0,89.931,100.0,25.56,8.888,35.069
2026-02-26 13:56:00,132.533,100.0,125.0,125.0,125.0,90.015,100.0,24.98,7.533,34.985
2026-02-26 13:57:00,131.175,100.0,125.0,125.0,125.0,90.1,100.0,24.4,6.175,34.9
2026-02-26 13:58:00,129.816,100.0,125.0,125.0,125.0,90.186,100.0,23.82,4.816,34.814
2026-02-26 13:59:00,128.455,100.0,125.0,125.0,125.0,90.272,100.0,23.25,3.455,34.728
2026-02-26 14:00:00,127.093,0.0,34.641,34.641,125.0,0.0,,23.25,92.452,34.641
2026-02-26 14:01:00,125.732,0.0,34.553,34.553,125.0,0.0,,23.25,91.179,34.553
2026-02-26 14:02:00,124.372,0.0,34.465,34.465,125.0,0.0,,23.25,89.907,34.465
2026-02-26 14:03:00,123.014,0.0,34.376,34.376,125.0,0.0,,23.25,88.638,34.376
2026-02-26 14:04:00,121.658,0.0,34.287,34.287,125.0,0.0,,23.25,87.371,34.287
2026-02-26 14:05:00,120.306,0.0,34.196,34.196,125.0,0.0,,23.25,86.109,34.196
2026-02-26 14:06:00,118.957,0.0,34.106,34.106,125.0,0.0,,23.25,84.852,34.106
2026-02-26 14:07:00,117.613,0.0,34.014,34.014,125.0,0.0,,23.25,83.599,34.014
2026-02-26 14:08:00,116.275,0.0,33.922,33.922,125.0,0.0,,23.25,82.353,33.922
2026-02-26 14:09:00,114.942,0.0,33.829,33.829,125.0,0.0,,23.25,81.113,33.829
2026-02-26 14:10:00,113.616,0.0,33.736,33.736,125.0,0.0,,23.25,79.88,33.736
2026-02-26 14:11:00,112.297,0.0,33.642,33.642,125.0,0.0,,23.25,78.655,33.642
2026-02-26 14:12:00,110.986,0.0,33.547,33.547,125.0,0.0,,23.25,77.439,33.547
2026-02-26 14:13:00,109.683,0.0,33.451,33.451,125.0,0.0,,23.25,76.232,33.451
2026-02-26 14:14:00,108.389,0.0,33.355,33.355,125.0,0.0,,23.25,75.034,33.355
2026-02-26 14:15:00,107.105,0.0,33.259,33.259,125.0,0.0,,23.25,73.846,33.259
2026-02-26 14:16:00,105.83,0.0,33.162,33.162,125.0,0.0,,23.25,72.669,33.162
2026-02-26 14:17:00,104.567,0.0,33.064,33.064,125.0,0.0,,23.25,71.503,33.064
2026-02-26 14:18:00,103.314,0.0,32.965,32.965,125.0,0.0,,23.25,70.349,32.965
2026-02-26 14:19:00,102.073,0.0,32.866,32.866,125.0,0.0,,23.25,69.207,32.866
2026-02-26 14:20:00,100.843,0.0,32.766,32.766,125.0,0.0,,23.25,68.077,32.766
2026-02-26 14:21:00,99.626,0.0,32.666,32.666,125.0,0.0,,23.25,66.96,32.666
2026-02-26 14:22:00,98.422,0.0,32.565,32.565,125.0,0.0,,23.25,65.857,32.565
2026-02-26 14:23:00,97.231,0.0,32.463,32.463,125.0,0.0,,23.25,64.768,32.463
2026-02-26 14:24:00,96.053,0.0,32.361,32.361,125.0,0.0,,23.25,63.693,32.361
2026-02-26 14:25:00,94.89,0.0,32.258,32.258,125.0,0.0,,23.25,62.632,32.258
2026-02-26 14:26:00,93.74,0.0,32.154,32.154,125.0,0.0,,23.25,61.586,32.154
2026-02-26 14:27:00,92.606,0.0,32.05,32.05,125.0,0.0,,23.25,60.556,32.05
2026-02-26 14:28:00,91.486,0.0,31.945,31.945,125.0,0.0,,23.25,59.54,31.945
2026-02-26 14:29:00,90.381,0.0,31.84,31.84,125.0,0.0,,23.25,58.541,31.84
2026-02-26 14:30:00,89.292,0.0,31.734,31.734,125.0,0.0,,23.25,57.558,31.734
2026-02-26 14:31:00,88.218,0.0,31.628,31.628,125.0,0.0,,23.25,56.591,31.628
2026-02-26 14:32:00,87.161,0.0,31.52,31.52,125.0,0.0,,23.25,55.64,31.52
2026-02-26 14:33:00,86.119,0.0,31.413,31.413,125.0,0.0,,23.25,54.707,31.413
2026-02-26 14:34:00,85.094,0.0,31.304,31.304,125.0,0.0,,23.25,53.79,31.304
2026-02-26 14:35:00,84.085,0.0,31.195,31.195,125.0,0.0,,23.25,52.89,31.195
2026-02-26 14:36:00,83.093,0.0,31.086,31.086,125.0,0.0,,23.25,52.007,31.086
2026-02-26 14:37:00,82.118,0.0,30.976,30.976,125.0,0.0,,23.25,51.142,30.976
2026-02-26 14:38:00,81.159,0.0,30.865,30.865,125.0,0.0,,23.25,50.294,30.865
2026-02-26 14:39:00,80.218,0.0,30.754,30.754,125.0,0.0,,23.25,49.464,30.754
2026-02-26 14:40:00,79.294,0.0,30.642,30.642,125.0,0.0,,23.25,48.652,30.642
2026-02-26 14:41:00,78.387,0.0,30.529,30.529,125.0,0.0,,23.25,47.857,30.529
2026-02-26 14:42:00,77.497,0.0,30.416,30.416,125.0,0.0,,23.25,47.081,30.416
2026-02-26 14:43:00,76.624,0.0,30.303,30.303,125.0,0.0,,23.25,46.322,30.303
2026-02-26 14:44:00,75.769,0.0,30.188,30.188,125.0,0.0,,23.25,45.581,30.188
2026-02-26 14:45:00,74.931,0.0,30.074,30.074,125.0,0.0,,23.25,44.858,30.074
2026-02-26 14:46:00,74.111,0.0,29.958,29.958,125.0,0.0,,23.25,44.153,29.958
2026-02-26 14:47:00,73.308,0.0,29.842,29.842,125.0,0.0,,23.25,43.465,29.842
2026-02-26 14:48:00,72.522,0.0,29.726,29.726,125.0,0.0,,23.25,42.796,29.726
2026-02-26 14:49:00,71.753,0.0,29.609,29.609,125.0,0.0,,23.25,42.145,29.609
2026-02-26 14:50:00,71.002,0.0,29.491,29.491,125.0,0.0,,23.25,41.511,29.491
2026-02-26 14:51:00,70.268,0.0,29.373,29.373,125.0,0.0,,23.25,40.895,29.373
2026-02-26 14:52:00,69.551,0.0,29.254,29.254,125.0,0.0,,23.25,40.297,29.254
2026-02-26 14:53:00,68.851,0.0,29.135,29.135,125.0,0.0,,23.25,39.717,29.135
2026-02-26 14:54:00,68.169,0.0,29.015,29.015,125.0,0.0,,23.25,39.154,29.015
2026-02-26 14:55:00,67.502,0.0,28.895,28.895,125.0,0.0,,23.25,38.608,28.895
2026-02-26 14:56:00,66.853,0.0,28.774,28.774,125.0,0.0,,23.25,38.08,28.774
2026-02-26 14:57:00,66.221,0.0,28.652,28.652,125.0,0.0,,23.25,37.568,28.652
2026-02-26 14:58:00,65.604,0.0,28.53,28.53,125.0,0.0,,23.25,37.074,28.53
2026-02-26 14:59:00,65.005,0.0,28.407,28.407,125.0,0.0,,23.25,36.597,28.407
2026-02-26 15:00:00,64.421,0.0,28.284,28.284,125.0,0.0,,23.25,36.137,28.284
2026-02-26 15:01:00,63.854,0.0,28.161,28.161,125.0,0.0,,23.25,35.693,28.161
2026-02-26 15:02:00,63.302,0.0,28.036,28.036,125.0,0.0,,23.25,35.266,28.036
2026-02-26 15:03:00,62.767,0.0,27.912,27.912,125.0,0.0,,23.25,34.855,27.912
2026-02-26 15:04:00,62.247,0.0,27.786,27.786,125.0,0.0,,23.25,34.46,27.786
2026-02-26 15:05:00,61.742,0.0,27.661,27.661,125.0,0.0,,23.25,34.081,27.661
2026-02-26 15:06:00,61.252,0.0,27.534,27.534,125.0,0.0,,23.25,33.718,27.534
2026-02-26 15:07:00,60.778,0.0,27.407,27.407,125.0,0.0,,23.25,33.371,27.407
2026-02-26 15:08:00,60.319,0.0,27.28,27.28,125.0,0.0,,23.25,33.039,27.28
2026-02-26 15:09:00,59.874,0.0,27.152,27.152,125.0,0.0,,23.25,32.722,27.152
2026-02-26 15:10:00,59.444,0.0,27.024,27.024,125.0,0.0,,23.25,32.42,27.024
2026-02-26 15:11:00,59.028,0.0,26.895,26.895,125.0,0.0,,23.25,32.133,26.895
2026-02-26 15:12:00,58.626,0.0,26.765,26.765,125.0,0.0,,23.25,31.861,26.765
2026-02-26 15:13:00,58.238,0.0,26.635,26.635,125.0,0.0,,23.25,31.603,26.635
2026-02-26 15:14:00,57.864,0.0,26.505,26.505,125.0,0.0,,23.25,31.359,26.505
2026-02-26 15:15:00,57.503,0.0,26.374,26.374,125.0,0.0,,23.25,31.129,26.374
2026-02-26 15:16:00,57.156,0.0,26.242,26.242,125.0,0.0,,23.25,30.913,26.242
2026-02-26 15:17:00,56.821,0.0,26.11,26.11,125.0,0.0,,23.25,30.711,26.11
2026-02-26 15:18:00,56.5,0.0,25.978,25.978,125.0,0.0,,23.25,30.522,25.978
2026-02-26 15:19:00,56.191,0.0,25.845,25.845,125.0,0.0,,23.25,30.346,25.845
2026-02-26 15:20:00,55.895,0.0,25.712,25.712,125.0,0.0,,23.25,30.183,25.712
2026-02-26 15:21:00,55.61,0.0,25.578,25.578,125.0,0.0,,23.25,30.033,25.578
2026-02-26 15:22:00,55.338,0.0,25.443,25.443,125.0,0.0,,23.25,29.895,25.443
2026-02-26 15:23:00,55.078,0.0,25.308,25.308,125.0,0.0,,23.25,29.77,25.308
2026-02-26 15:24:00,54.829,0.0,25.173,25.173,125.0,0.0,,23.25,29.656,25.173
2026-02-26 15:25:00,54.592,0.0,25.037,25.037,125.0,0.0,,23.25,29.555,25.037
2026-02-26 15:26:00,54.365,0.0,24.901,24.901,125.0,0.0,,23.25,29.465,24.901
2026-02-26 15:27:00,54.15,0.0,24.764,24.764,125.0,0.0,,23.25,29.386,24.764
2026-02-26 15:28:00,53.945,0.0,24.626,24.626,125.0,0.0,,23.25,29.319,24.626
2026-02-26 15:29:00,53.752,0.0,24.489,24.489,125.0,0.0,,23.25,29.263,24.489
2026-02-26 15:30:00,53.568,0.0,24.35,24.35,125.0,0.0,,23.25,29.217,24.35
2026-02-26 15:31:00,53.394,0.0,24.212,24.212,125.0,0.0,,23.25,29.183,24.212
2026-02-26 15:32:00,53.231,0.0,24.073,24.073,125.0,0.0,,23.25,29.158,24.073
2026-02-26 15:33:00,53.077,0.0,23.933,23.933,125.0,0.0,,23.25,29.144,23.933
2026-02-26 15:34:00,52.933,0.0,23.793,23.793,125.0,0.0,,23.25,29.14,23.793
2026-02-26 15:35:00,52.798,0.0,23.652,23.652,125.0,0.0,,23.25,29.146,23.652
2026-02-26 15:36:00,52.673,0.0,23.511,23.511,125.0,0.0,,23.25,29.161,23.511
2026-02-26 15:37:00,52.556,0.0,23.37,23.37,125.0,0.0,,23.25,29.186,23.37
2026-02-26 15:38:00,52.448,0.0,23.228,23.228,125.0,0.0,,23.25,29.22,23.228
2026-02-26 15:39:00,52.349,0.0,23.086,23.086,125.0,0.0,,23.25,29.263,23.086
2026-02-26 15:40:00,52.258,0.0,22.943,22.943,125.0,0.0,,23.25,29.315,22.943
2026-02-26 15:41:00,52.176,0.0,22.8,22.8,125.0,0.0,,23.25,29.376,22.8
2026-02-26 15:42:00,52.102,0.0,22.656,22.656,125.0,0.0,,23.25,29.445,22.656
2026-02-26 15:43:00,52.035,0.0,22.512,22.512,125.0,0.0,,23.25,29.523,22.512
2026-02-26 15:44:00,51.977,0.0,22.368,22.368,125.0,0.0,,23.25,29.609,22.368
2026-02-26 15:45:00,51.926,0.0,22.223,22.223,125.0,0.0,,23.25,29.703,22.223
2026-02-26 15:46:00,51.883,0.0,22.077,22.077,125.0,0.0,,23.25,29.805,22.077
2026-02-26 15:47:00,51.847,0.0,21.932,21.932,125.0,0.0,,23.25,29.915,21.932
2026-02-26 15:48:00,51.818,0.0,21.786,21.786,125.0,0.0,,23.25,30.032,21.786
2026-02-26 15:49:00,51.796,0.0,21.639,21.639,125.0,0.0,,23.25,30.157,21.639
2026-02-26 15:50:00,51.781,0.0,21.492,21.492,125.0,0.0,,23.25,30.289,21.492
2026-02-26 15:51:00,51.773,0.0,21.345,21.345,125.0,0.0,,23.25,30.428,21.345
2026-02-26 15:52:00,51.772,0.0,21.197,21.197,125.0,0.0,,23.25,30.575,21.197
2026-02-26 15:53:00,51.777,0.0,21.049,21.049,125.0,0.0,,23.25,30.728,21.049
2026-02-26 15:54:00,51.788,0.0,20.9,20.9,125.0,0.0,,23.25,30.888,20.9
2026-02-26 15:55:00,51.806,0.0,20.751,20.751,125.0,0.0,,23.25,31.055,20.751
2026-02-26 15:56:00,51.829,0.0,20.602,20.602,125.0,0.0,,23.25,31.228,20.602
2026-02-26 15:57:00,51.859,0.0,20.452,20.452,125.0,0.0,,23.25,31.407,20.452
2026-02-26 15:58:00,51.895,0.0,20.302,20.302,125.0,0.0,,23.25,31.593,20.302
2026-02-26 15:59:00,51.936,0.0,20.151,20.151,125.0,0.0,,23.25,31.785,20.151
2026-02-26 16:00:00,51.983,0.0,20.0,20.0,125.0,0.0,,23.25,31.983,20.0
2026-02-26 16:01:00,52.036,0.0,19.849,19.849,125.0,0.0,,23.25,32.187,19.849
2026-02-26 16:02:00,52.094,0.0,19.697,19.697,125.0,0.0,,23.25,32.397,19.697
2026-02-26 16:03:00,52.158,0.0,19.545,19.545,125.0,0.0,,23.25,32.613,19.545
2026-02-26 16:04:00,52.227,0.0,19.392,19.392,125.0,0.0,,23.25,32.834,19.392
2026-02-26 16:05:00,52.301,0.0,19.24,19.24,125.0,0.0,,23.25,33.061,19.24
2026-02-26 16:06:00,52.38,0.0,19.086,19.086,125.0,0.0,,23.25,33.294,19.086
2026-02-26 16:07:00,52.465,0.0,18.933,18.933,125.0,0.0,,23.25,33.532,18.933
2026-02-26 16:08:00,52.554,0.0,18.779,18.779,125.0,0.0,,23.25,33.775,18.779
2026-02-26 16:09:00,52.648,0.0,18.625,18.625,125.0,0.0,,23.25,34.023,18.625
2026-02-26 16:10:00,52.747,0.0,18.47,18.47,125.0,0.0,,23.25,34.277,18.47
2026-02-26 16:11:00,52.85,0.0,18.315,18.315,125.0,0.0,,23.25,34.535,18.315
2026-02-26 16:12:00,52.959,0.0,18.16,18.16,125.0,0.0,,23.25,34.799,18.16
2026-02-26 16:13:00,53.072,0.0,18.004,18.004,125.0,0.0,,23.25,35.068,18.004
2026-02-26 16:14:00,53.189,0.0,17.848,17.848,125.0,0.0,,23.25,35.341,17.848
2026-02-26 16:15:00,53.311,0.0,17.692,17.692,125.0,0.0,,23.25,35.619,17.692
2026-02-26 16:16:00,53.437,0.0,17.535,17.535,125.0,0.0,,23.25,35.903,17.535
2026-02-26 16:17:00,53.568,0.0,17.378,17.378,125.0,0.0,,23.25,36.19,17.378
2026-02-26 16:18:00,53.703,0.0,17.22,17.22,125.0,0.0,,23.25,36.483,17.22
2026-02-26 16:19:00,53.842,0.0,17.063,17.063,125.0,0.0,,23.25,36.78,17.063
2026-02-26 16:20:00,53.986,0.0,16.905,16.905,125.0,0.0,,23.25,37.081,16.905
2026-02-26 16:21:00,54.133,0.0,16.746,16.746,125.0,0.0,,23.25,37.387,16.746
2026-02-26 16:22:00,54.285,0.0,16.588,16.588,125.0,0.0,,23.25,37.697,16.588
2026-02-26 16:23:00,54.441,0.0,16.429,16.429,125.0,0.0,,23.25,38.012,16.429
2026-02-26 16:24:00,54.6,0.0,16.269,16.269,125.0,0.0,,23.25,38.331,16.269
2026-02-26 16:25:00,54.764,0.0,16.11,16.11,125.0,0.0,,23.25,38.654,16.11
2026-02-26 16:26:00,54.932,0.0,15.95,15.95,125.0,0.0,,23.25,38.982,15.95
2026-02-26 16:27:00,55.103,0.0,15.79,15.79,125.0,0.0,,23.25,39.313,15.79
2026-02-26 16:28:00,55.278,0.0,15.629,15.629,125.0,0.0,,23.25,39.649,15.629
2026-02-26 16:29:00,55.458,0.0,15.468,15.468,125.0,0.0,,23.25,39.989,15.468
2026-02-26 16:30:00,55.641,0.0,15.307,15.307,125.0,0.0,,23.25,40.333,15.307
2026-02-26 16:31:00,55.827,0.0,15.146,15.146,125.0,0.0,,23.25,40.681,15.146
2026-02-26 16:32:00,56.018,0.0,14.984,14.984,125.0,0.0,,23.25,41.033,14.984
2026-02-26 16:33:00,56.212,0.0,14.822,14.822,125.0,0.0,,23.25,41.39,14.822
2026-02-26 16:34:00,56.41,0.0,14.66,14.66,125.0,0.0,,23.25,41.75,14.66
2026-02-26 16:35:00,56.611,0.0,14.498,14.498,125.0,0.0,,23.25,42.113,14.498
2026-02-26 16:36:00,56.816,0.0,14.335,14.335,125.0,0.0,,23.25,42.481,14.335
2026-02-26 16:37:00,57.024,0.0,14.172,14.172,125.0,0.0,,23.25,42.853,14.172
2026-02-26 16:38:00,57.237,0.0,14.008,14.008,125.0,0.0,,23.25,43.228,14.008
2026-02-26 16:39:00,57.452,0.0,13.845,13.845,125.0,0.0,,23.25,43.607,13.845
2026-02-26 16:40:00,57.671,0.0,13.681,13.681,125.0,0.0,,23.25,43.99,13.681
2026-02-26 16:41:00,57.894,0.0,13.517,13.517,125.0,0.0,,23.25,44.377,13.517
2026-02-26 16:42:00,58.12,0.0,13.352,13.352,125.0,0.0,,23.25,44.767,13.352
2026-02-26 16:43:00,58.349,0.0,13.188,13.188,125.0,0.0,,23.25,45.161,13.188
2026-02-26 16:44:00,58.582,0.0,13.023,13.023,125.0,0.0,,23.25,45.559,13.023
2026-02-26 16:45:00,58.818,0.0,12.858,12.858,125.0,0.0,,23.25,45.96,12.858
2026-02-26 16:46:00,59.057,0.0,12.692,12.692,125.0,0.0,,23.25,46.365,12.692
2026-02-26 16:47:00,59.3,0.0,12.527,12.527,125.0,0.0,,23.25,46.774,12.527
2026-02-26 16:48:00,59.546,0.0,12.361,12.361,125.0,0.0,,23.25,47.186,12.361
2026-02-26 16:49:00,59.796,0.0,12.195,12.195,125.0,0.0,,23.25,47.601,12.195
2026-02-26 16:50:00,60.048,0.0,12.028,12.028,125.0,0.0,,23.25,48.02,12.028
2026-02-26 16:51:00,60.304,0.0,11.862,11.862,125.0,0.0,,23.25,48.442,11.862
2026-02-26 16:52:00,60.563,0.0,11.695,11.695,125.0,0.0,,23.25,48.868,11.695
2026-02-26 16:53:00,60.825,0.0,11.528,11.528,125.0,0.0,,23.25,49.297,11.528
2026-02-26 16:54:00,61.09,0.0,11.361,11.361,125.0,0.0,,23.25,49.73,11.361
2026-02-26 16:55:00,61.359,0.0,11.193,11.193,125.0,0.0,,23.25,50.166,11.193
2026-02-26 16:56:00,61.63,0.0,11.025,11.025,125.0,0.0,,23.25,50.605,11.025
2026-02-26 16:57:00,61.905,0.0,10.858,10.858,125.0,0.0,,23.25,51.047,10.858
2026-02-26 16:58:00,62.182,0.0,10.69,10.69,125.0,0.0,,23.25,51.493,10.69
2026-02-26 16:59:00,62.463,0.0,10.521,10.521,125.0,0.0,,23.25,51.942,10.521
2026-02-26 17:00:00,62.747,-100.0,-57.253,-57.253,125.0,-67.606,,23.68,120.0,10.353
2026-02-26 17:01:00,63.033,-100.0,-56.967,-56.967,125.0,-67.151,,24.11,120.0,10.184
2026-02-26 17:02:00,63.323,-100.0,-56.677,-56.677,125.0,-66.692,,24.54,120.0,10.015
2026-02-26 17:03:00,63.615,-100.0,-56.385,-56.385,125.0,-66.231,,24.96,120.0,9.846
2026-02-26 17:04:00,63.91,-100.0,-56.09,-56.09,125.0,-65.767,,25.38,120.0,9.677
2026-02-26 17:05:00,64.208,-100.0,-55.792,-55.792,125.0,-65.299,,25.8,120.0,9.507
2026-02-26 17:06:00,64.509,-100.0,-55.491,-55.491,125.0,-64.828,,26.22,120.0,9.338
2026-02-26 17:07:00,64.813,-100.0,-55.187,-55.187,125.0,-64.355,,26.63,120.0,9.168
2026-02-26 17:08:00,65.119,-100.0,-54.881,-54.881,125.0,-63.879,,27.04,120.0,8.998
2026-02-26 17:09:00,65.429,-100.0,-54.571,-54.571,125.0,-63.399,,27.45,120.0,8.828
2026-02-26 17:10:00,65.74,-100.0,-54.26,-54.26,125.0,-62.917,,27.85,120.0,8.658
2026-02-26 17:11:00,66.055,-100.0,-53.945,-53.945,125.0,-62.432,,28.25,120.0,8.487
2026-02-26 17:12:00,66.372,-100.0,-53.628,-53.628,125.0,-61.945,,28.65,120.0,8.316
2026-02-26 17:13:00,66.691,-100.0,-53.309,-53.309,125.0,-61.454,,29.04,120.0,8.146
2026-02-26 17:14:00,67.014,-100.0,-52.986,-52.986,125.0,-60.961,,29.43,120.0,7.975
2026-02-26 17:15:00,67.338,-100.0,-52.662,-52.662,125.0,-60.465,,29.82,120.0,7.804
2026-02-26 17:16:00,67.665,-100.0,-52.335,-52.335,125.0,-59.967,,30.2,120.0,7.632
2026-02-26 17:17:00,67.995,-100.0,-52.005,-52.005,125.0,-59.466,,30.58,120.0,7.461
2026-02-26 17:18:00,68.327,-100.0,-51.673,-51.673,125.0,-58.963,,30.96,120.0,7.289
2026-02-26 17:19:00,68.661,-100.0,-51.339,-51.339,125.0,-58.457,,31.34,120.0,7.118
2026-02-26 17:20:00,68.997,-100.0,-51.003,-51.003,125.0,-57.949,,31.71,120.0,6.946
2026-02-26 17:21:00,69.336,-100.0,-50.664,-50.664,125.0,-57.438,,32.08,120.0,6.774
2026-02-26 17:22:00,69.677,-100.0,-50.323,-50.323,125.0,-56.925,,32.44,120.0,6.602
2026-02-26 17:23:00,70.019,-100.0,-49.981,-49.981,125.0,-56.41,,32.8,120.0,6.43
2026-02-26 17:24:00,70.364,-100.0,-49.636,-49.636,125.0,-55.893,,33.16,120.0,6.257
2026-02-26 17:25:00,70.712,-100.0,-49.288,-49.288,125.0,-55.373,,33.52,120.0,6.085
2026-02-26 17:26:00,71.061,-100.0,-48.939,-48.939,125.0,-54.852,,33.87,120.0,5.912
2026-02-26 17:27:00,71.412,-100.0,-48.588,-48.588,125.0,-54.328,,34.22,120.0,5.74
2026-02-26 17:28:00,71.764,-100.0,-48.236,-48.236,125.0,-53.803,,34.56,120.0,5.567
2026-02-26 17:29:00,72.119,-100.0,-47.881,-47.881,125.0,-53.275,,34.9,120.0,5.394
2026-02-26 17:30:00,72.475,-100.0,-47.525,-47.525,125.0,-52.746,,35.24,120.0,5.221
2026-02-26 17:31:00,72.834,-100.0,-47.166,-47.166,125.0,-52.214,,35.58,120.0,5.048
2026-02-26 17:32:00,73.193,-100.0,-46.807,-46.807,125.0,-51.681,,35.91,120.0,4.875
2026-02-26 17:33:00,73.555,-100.0,-46.445,-46.445,125.0,-51.147,,36.23,120.0,4.701
2026-02-26 17:34:00,73.918,-100.0,-46.082,-46.082,125.0,-50.611,,36.56,120.0,4.528
2026-02-26 17:35:00,74.282,-100.0,-45.718,-45.718,125.0,-50.073,,36.88,120.0,4.355
2026-02-26 17:36:00,74.648,-100.0,-45.352,-45.352,125.0,-49.534,,37.2,120.0,4.181
2026-02-26 17:37:00,75.015,-100.0,-44.985,-44.985,125.0,-48.993,,37.51,120.0,4.008
2026-02-26 17:38:00,75.383,-100.0,-44.617,-44.617,125.0,-48.451,,37.82,120.0,3.834
2026-02-26 17:39:00,75.753,-100.0,-44.247,-44.247,125.0,-47.907,,38.13,120.0,3.66
2026-02-26 17:40:00,76.123,-100.0,-43.877,-43.877,125.0,-47.363,,38.43,120.0,3.486
2026-02-26 17:41:00,76.495,-100.0,-43.505,-43.505,125.0,-46.817,,38.73,120.0,3.312
2026-02-26 17:42:00,76.868,-100.0,-43.132,-43.132,125.0,-46.27,,39.03,120.0,3.138
2026-02-26 17:43:00,77.242,-100.0,-42.758,-42.758,125.0,-45.723,,39.32,120.0,2.964
2026-02-26 17:44:00,77.616,-100.0,-42.384,-42.384,125.0,-45.174,,39.61,120.0,2.79
2026-02-26 17:45:00,77.992,-100.0,-42.008,-42.008,125.0,-44.625,,39.9,120.0,2.616
2026-02-26 17:46:00,78.368,-100.0,-41.632,-41.632,125.0,-44.074,,40.18,120.0,2.442
2026-02-26 17:47:00,78.744,-100.0,-41.256,-41.256,125.0,-43.523,,40.46,120.0,2.268
2026-02-26 17:48:00,79.122,-100.0,-40.878,-40.878,125.0,-42.972,,40.74,120.0,2.093
2026-02-26 17:49:00,79.499,-100.0,-40.501,-40.501,125.0,-42.42,,41.01,120.0,1.919
2026-02-26 17:50:00,79.878,-100.0,-40.122,-40.122,125.0,-41.867,,41.28,120.0,1.745
2026-02-26 17:51:00,80.256,-100.0,-39.744,-39.744,125.0,-41.314,,41.54,120.0,1.57
2026-02-26 17:52:00,80.635,-100.0,-39.365,-39.365,125.0,-40.761,,41.8,120.0,1.396
2026-02-26 17:53:00,81.014,-100.0,-38.986,-38.986,125.0,-40.208,,42.06,120.0,1.222
2026-02-26 17:54:00,81.393,-100.0,-38.607,-38.607,125.0,-39.654,,42.31,120.0,1.047
2026-02-26 17:55:00,81.772,-100.0,-38.228,-38.228,125.0,-39.101,,42.56,120.0,0.873
2026-02-26 17:56:00,82.151,-100.0,-37.849,-37.849,125.0,-38.548,,42.81,120.0,0.698
2026-02-26 17:57:00,82.529,-100.0,-37.471,-37.471,125.0,-37.994,,43.06,120.0,0.524
2026-02-26 17:58:00,82.908,-100.0,-37.092,-37.092,125.0,-37.441,,43.3,120.0,0.349
2026-02-26 17:59:00,83.286,-100.0,-36.714,-36.714,125.0,-36.888,,43.53,120.0,0.175
2026-02-26 18:00:00,83.664,-100.0,-36.336,-36.336,125.0,-36.336,,43.76,120.0,0.0
2026-02-26 18:01:00,84.041,-100.0,-35.959,-35.959,125.0,-35.959,,43.99,120.0,0.0
2026-02-26 18:02:00,84.418,-100.0,-35.582,-35.582,125.0,-35.582,,44.22,120.0,0.0
2026-02-26 18:03:00,84.794,-100.0,-35.206,-35.206,125.0,-35.206,,44.45,120.0,0.0
2026-02-26 18:04:00,85.169,-100.0,-34.831,-34.831,125.0,-34.831,,44.67,120.0,0.0
2026-02-26 18:05:00,85.543,-100.0,-34.457,-34.457,125.0,-34.457,,44.89,120.0,0.0
2026-02-26 18:06:00,85.917,-100.0,-34.083,-34.083,125.0,-34.083,,45.11,120.0,0.0
2026-02-26 18:07:00,86.289,-100.0,-33.711,-33.711,125.0,-33.711,,45.33,120.0,0.0
2026-02-26 18:08:00,86.66,-100.0,-33.34,-33.34,125.0,-33.34,,45.54,120.0,0.0
2026-02-26 18:09:00,87.03,-100.0,-32.97,-32.97,125.0,-32.97,,45.75,120.0,0.0
2026-02-26 18:10:00,87.399,-100.0,-32.601,-32.601,125.0,-32.601,,45.96,120.0,0.0
2026-02-26 18:11:00,87.766,-100.0,-32.234,-32.234,125.0,-32.234,,46.17,120.0,0.0
2026-02-26 18:12:00,88.132,-100.0,-31.868,-31.868,125.0,-31.868,,46.37,120.0,0.0
2026-02-26 18:13:00,88.496,-100.0,-31.504,-31.504,125.0,-31.504,,46.57,120.0,0.0
2026-02-26 18:14:00,88.859,-100.0,-31.141,-31.141,125.0,-31.141,,46.77,120.0,0.0
2026-02-26 18:15:00,89.22,-100.0,-30.78,-30.78,125.0,-30.78,,46.97,120.0,0.0
2026-02-26 18:16:00,89.579,-100.0,-30.421,-30.421,125.0,-30.421,,47.17,120.0,0.0
2026-02-26 18:17:00,89.936,-100.0,-30.064,-30.064,125.0,-30.064,,47.36,120.0,0.0
2026-02-26 18:18:00,90.29,-100.0,-29.71,-29.71,125.0,-29.71,,47.55,120.0,0.0
2026-02-26 18:19:00,90.643,-100.0,-29.357,-29.357,125.0,-29.357,,47.74,120.0,0.0
2026-02-26 18:20:00,90.994,-100.0,-29.006,-29.006,125.0,-29.006,,47.92,120.0,0.0
2026-02-26 18:21:00,91.342,-100.0,-28.658,-28.658,125.0,-28.658,,48.11,120.0,0.0
2026-02-26 18:22:00,91.688,-100.0,-28.312,-28.312,125.0,-28.312,,48.29,120.0,0.0
2026-02-26 18:23:00,92.031,-100.0,-27.969,-27.969,125.0,-27.969,,48.47,120.0,0.0
2026-02-26 18:24:00,92.371,-100.0,-27.629,-27.629,125.0,-27.629,,48.65,120.0,0.0
2026-02-26 18:25:00,92.709,-100.0,-27.291,-27.291,125.0,-27.291,,48.82,120.0,0.0
2026-02-26 18:26:00,93.044,-100.0,-26.956,-26.956,125.0,-26.956,,48.99,120.0,0.0
2026-02-26 18:27:00,93.376,-100.0,-26.624,-26.624,125.0,-26.624,,49.16,120.0,0.0
2026-02-26 18:28:00,93.706,-100.0,-26.294,-26.294,125.0,-26.294,,49.33,120.0,0.0
2026-02-26 18:29:00,94.032,-100.0,-25.968,-25.968,125.0,-25.968,,49.5,120.0,0.0
2026-02-26 18:30:00,94.355,-100.0,-25.645,-25.645,125.0,-25.645,,49.66,120.0,0.0
2026-02-26 18:31:00,94.674,-100.0,-25.326,-25.326,125.0,-25.326,,49.83,120.0,0.0
2026-02-26 18:32:00,94.991,-100.0,-25.009,-25.009,125.0,-25.009,,49.99,120.0,0.0
2026-02-26 18:33:00,95.304,-100.0,-24.696,-24.696,125.0,-24.696,,50.14,120.0,0.0
2026-02-26 18:34:00,95.613,-100.0,-24.387,-24.387,125.0,-24.387,,50.3,120.0,0.0
2026-02-26 18:35:00,95.919,-100.0,-24.081,-24.081,125.0,-24.081,,50.45,120.0,0.0
2026-02-26 18:36:00,96.221,-100.0,-23.779,-23.779,125.0,-23.779,,50.61,120.0,0.0
2026-02-26 18:37:00,96.519,-100.0,-23.481,-23.481,125.0,-23.481,,50.76,120.0,0.0
2026-02-26 18:38:00,96.813,-100.0,-23.187,-23.187,125.0,-23.187,,50.91,120.0,0.0
2026-02-26 18:39:00,97.103,-100.0,-22.897,-22.897,125.0,-22.897,,51.05,120.0,0.0
2026-02-26 18:40:00,97.39,-100.0,-22.61,-22.61,125.0,-22.61,,51.2,120.0,0.0
2026-02-26 18:41:00,97.672,-100.0,-22.328,-22.328,125.0,-22.328,,51.34,120.0,0.0
2026-02-26 18:42:00,97.95,-100.0,-22.05,-22.05,125.0,-22.05,,51.48,120.0,0.0
2026-02-26 18:43:00,98.223,-100.0,-21.777,-21.777,125.0,-21.777,,51.62,120.0,0.0
2026-02-26 18:44:00,98.493,-100.0,-21.507,-21.507,125.0,-21.507,,51.76,120.0,0.0
2026-02-26 18:45:00,98.757,-100.0,-21.243,-21.243,125.0,-21.243,,51.9,120.0,0.0
2026-02-26 18:46:00,99.018,-100.0,-20.982,-20.982,125.0,-20.982,,52.03,120.0,0.0
2026-02-26 18:47:00,99.273,-100.0,-20.727,-20.727,125.0,-20.727,,52.16,120.0,0.0
2026-02-26 18:48:00,99.524,-100.0,-20.476,-20.476,125.0,-20.476,,52.29,120.0,0.0
2026-02-26 18:49:00,99.77,-100.0,-20.23,-20.23,125.0,-20.23,,52.42,120.0,0.0
2026-02-26 18:50:00,100.011,-100.0,-19.989,-19.989,125.0,-19.989,,52.55,120.0,0.0
2026-02-26 18:51:00,100.248,-100.0,-19.752,-19.752,125.0,-19.752,,52.68,120.0,0.0
2026-02-26 18:52:00,100.479,-100.0,-19.521,-19.521,125.0,-19.521,,52.8,120.0,0.0
2026-02-26 18:53:00,100.705,-100.0,-19.295,-19.295,125.0,-19.295,,52.93,120.0,0.0
2026-02-26 18:54:00,100.926,-100.0,-19.074,-19.074,125.0,-19.074,,53.05,120.0,0.0
2026-02-26 18:55:00,101.142,-100.0,-18.858,-18.858,125.0,-18.858,,53.17,120.0,0.0
2026-02-26 18:56:00,101.353,-100.0,-18.647,-18.647,125.0,-18.647,,53.29,120.0,0.0
2026-02-26 18:57:00,101.558,-100.0,-18.442,-18.442,125.0,-18.442,,53.41,120.0,0.0
2026-02-26 18:58:00,101.758,-100.0,-18.242,-18.242,125.0,-18.242,,53.53,120.0,0.0
2026-02-26 18:59:00,101.952,-100.0,-18.048,-18.048,125.0,-18.048,,53.64,120.0,0.0
2026-02-26 19:00:00,102.141,50.0,50.0,50.0,125.0,50.0,50.0,53.32,52.141,0.0
2026-02-26 19:01:00,102.324,50.0,50.0,50.0,125.0,50.0,50.0,53.0,52.324,0.0
2026-02-26 19:02:00,102.501,50.0,50.0,50.0,125.0,50.0,50.0,52.68,52.501,0.0
2026-02-26 19:03:00,102.673,50.0,50.0,50.0,125.0,50.0,50.0,52.36,52.673,0.0
2026-02-26 19:04:00,102.839,50.0,50.0,50.0,125.0,50.0,50.0,52.04,52.839,0.0
2026-02-26 19:05:00,103.0,50.0,50.0,50.0,125.0,50.0,50.0,51.72,53.0,0.0
2026-02-26 19:06:00,103.154,50.0,50.0,50.0,125.0,50.0,50.0,51.4,53.154,0.0
2026-02-26 19:07:00,103.302,50.0,50.0,50.0,125.0,50.0,50.0,51.08,53.302,0.0
2026-02-26 19:08:00,103.445,50.0,50.0,50.0,125.0,50.0,50.0,50.76,53.445,0.0
2026-02-26 19:09:00,103.581,50.0,50.0,50.0,125.0,50.0,50.0,50.44,53.581,0.0
2026-02-26 19:10:00,103.712,50.0,50.0,50.0,125.0,50.0,50.0,50.12,53.712,0.0
2026-02-26 19:11:00,103.836,50.0,50.0,50.0,125.0,50.0,50.0,49.8,53.836,0.0
2026-02-26 19:12:00,103.955,50.0,50.0,50.0,125.0,50.0,50.0,49.47,53.955,0.0
2026-02-26 19:13:00,104.067,50.0,50.0,50.0,125.0,50.0,50.0,49.15,54.067,0.0
2026-02-26 19:14:00,104.172,50.0,50.0,50.0,125.0,50.0,50.0,48.83,54.172,0.0
2026-02-26 19:15:00,104.272,50.0,50.0,50.0,125.0,50.0,50.0,48.51,54.272,0.0
2026-02-26 19:16:00,104.365,50.0,50.0,50.0,125.0,50.0,50.0,48.19,54.365,0.0
2026-02-26 19:17:00,104.452,50.0,50.0,50.0,125.0,50.0,50.0,47.87,54.452,0.0
2026-02-26 19:18:00,104.533,50.0,50.0,50.0,125.0,50.0,50.0,47.55,54.533,0.0
2026-02-26 19:19:00,104.607,50.0,50.0,50.0,125.0,50.0,50.0,47.23,54.607,0.0
2026-02-26 19:20:00,104.675,50.0,50.0,50.0,125.0,50.0,50.0,46.91,54.675,0.0
2026-02-26 19:21:00,104.737,50.0,50.0,50.0,125.0,50.0,50.0,46.59,54.737,0.0
2026-02-26 19:22:00,104.792,50.0,50.0,50.0,125.0,50.0,50.0,46.27,54.792,0.0
2026-02-26 19:23:00,104.841,50.0,50.0,50.0,125.0,50.0,50.0,45.95,54.841,0.0
2026-02-26 19:24:00,104.883,50.0,50.0,50.0,125.0,50.0,50.0,45.63,54.883,0.0
2026-02-26 19:25:00,104.919,50.0,50.0,50.0,125.0,50.0,50.0,45.31,54.919,0.0
2026-02-26 19:26:00,104.948,50.0,50.0,50.0,125.0,50.0,50.0,44.99,54.948,0.0
2026-02-26 19:27:00,104.971,50.0,50.0,50.0,125.0,50.0,50.0,44.67,54.971,0.0
2026-02-26 19:28:00,104.987,50.0,50.0,50.0,125.0,50.0,50.0,44.35,54.987,0.0
2026-02-26 19:29:00,104.997,50.0,50.0,50.0,125.0,50.0,50.0,44.03,54.997,0.0
2026-02-26 19:30:00,105.0,50.0,50.0,50.0,125.0,50.0,50.0,43.71,55.0,0.0
2026-02-26 19:31:00,104.997,50.0,50.0,50.0,125.0,50.0,50.0,43.39,54.997,0.0
2026-02-26 19:32:00,104.987,50.0,50.0,50.0,125.0,50.0,50.0,43.06,54.987,0.0
2026-02-26 19:33:00,104.971,50.0,50.0,50.0,125.0,50.0,50.0,42.74,54.971,0.0
2026-02-26 19:34:00,104.948,50.0,50.0,50.0,125.0,50.0,50.0,42.42,54.948,0.0
2026-02-26 19:35:00,104.919,50.0,50.0,50.0,125.0,50.0,50.0,42.1,54.919,0.0
2026-02-26 19:36:00,104.883,50.0,50.0,50.0,125.0,50.0,50.0,41.78,54.883,0.0
2026-02-26 19:37:00,104.841,50.0,50.0,50.0,125.0,50.0,50.0,41.46,54.841,0.0
2026-02-26 19:38:00,104.792,50.0,50.0,50.0,125.0,50.0,50.0,41.14,54.792,0.0
2026-02-26 19:39:00,104.737,50.0,50.0,50.0,125.0,50.0,50.0,40.82,54.737,0.0
2026-02-26 19:40:00,104.675,50.0,50.0,50.0,125.0,50.0,50.0,40.5,54.675,0.0
2026-02-26 19:41:00,104.607,50.0,50.0,50.0,125.0,50.0,50.0,40.18,54.607,0.0
2026-02-26 19:42:00,104.533,50.0,50.0,50.0,125.0,50.0,50.0,39.86,54.533,0.0
2026-02-26 19:43:00,104.452,50.0,50.0,50.0,125.0,50.0,50.0,39.54,54.452,0.0
2026-02-26 19:44:00,104.365,50.0,50.0,50.0,125.0,50.0,50.0,39.22,54.365,0.0
2026-02-26 19:45:00,104.272,50.0,50.0,50.0,125.0,50.0,50.0,38.9,54.272,0.0
2026-02-26 19:46:00,104.172,50.0,50.0,50.0,125.0,50.0,50.0,38.58,54.172,0.0
2026-02-26 19:47:00,104.067,50.0,50.0,50.0,125.0,50.0,50.0,38.26,54.067,0.0
2026-02-26 19:48:00,103.955,50.0,50.0,50.0,125.0,50.0,50.0,37.94,53.955,0.0
2026-02-26 19:49:00,103.836,50.0,50.0,50.0,125.0,50.0,50.0,37.62,53.836,0.0
2026-02-26 19:50:00,103.712,50.0,50.0,50.0,125.0,50.0,50.0,37.3,53.712,0.0
2026-02-26 19:51:00,103.581,50.0,50.0,50.0,125.0,50.0,50.0,36.97,53.581,0.0
2026-02-26 19:52:00,103.445,50.0,50.0,50.0,125.0,50.0,50.0,36.65,53.445,0.0
2026-02-26 19:53:00,103.302,50.0,50.0,50.0,125.0,50.0,50.0,36.33,53.302,0.0
2026-02-26 19:54:00,103.154,50.0,50.0,50.0,125.0,50.0,50.0,36.01,53.154,0.0
2026-02-26 19:55:00,103.0,50.0,50.0,50.0,125.0,50.0,50.0,35.69,53.0,0.0
2026-02-26 19:56:00,102.839,50.0,50.0,50.0,125.0,50.0,50.0,35.37,52.839,0.0
2026-02-26 19:57:00,102.673,50.0,50.0,50.0,125.0,50.0,50.0,35.05,52.673,0.0
2026-02-26 19:58:00,102.501,50.0,50.0,50.0,125.0,50.0,50.0,34.73,52.501,0.0
2026-02-26 19:59:00,102.324,50.0,50.0,50.0,125.0,50.0,50.0,34.41,52.324,0.0
2026-02-26 20:00:00,102.141,50.0,50.0,50.0,125.0,50.0,50.0,34.09,52.141,0.0
2026-02-26 20:01:00,101.952,50.0,50.0,50.0,125.0,50.0,50.0,33.77,51.952,0.0
2026-02-26 20:02:00,101.758,50.0,50.0,50.0,125.0,50.0,50.0,33.45,51.758,0.0
2026-02-26 20:03:00,101.558,50.0,50.0,50.0,125.0,50.0,50.0,33.13,51.558,0.0
2026-02-26 20:04:00,101.353,50.0,50.0,50.0,125.0,50.0,50.0,32.81,51.353,0.0
2026-02-26 20:05:00,101.142,50.0,50.0,50.0,125.0,50.0,50.0,32.49,51.142,0.0
2026-02-26 20:06:00,100.926,50.0,50.0,50.0,125.0,50.0,50.0,32.17,50.926,0.0
2026-02-26 20:07:00,100.705,50.0,50.0,50.0,125.0,50.0,50.0,31.85,50.705,0.0
2026-02-26 20:08:00,100.479,50.0,50.0,50.0,125.0,50.0,50.0,31.53,50.479,0.0
2026-02-26 20:09:00,100.248,50.0,50.0,50.0,125.0,50.0,50.0,31.21,50.248,0.0
2026-02-26 20:10:00,100.011,50.0,50.0,50.0,125.0,50.0,50.0,30.89,50.011,0.0
2026-02-26 20:11:00,99.77,50.0,50.0,50.0,125.0,50.0,50.0,30.56,49.77,0.0
2026-02-26 20:12:00,99.524,50.0,50.0,50.0,125.0,50.0,50.0,30.24,49.524,0.0
2026-02-26 20:13:00,99.273,50.0,50.0,50.0,125.0,50.0,50.0,29.92,49.273,0.0
2026-02-26 20:14:00,99.018,50.0,50.0,50.0,125.0,50.0,50.0,29.6,49.018,0.0
2026-02-26 20:15:00,98.757,50.0,50.0,50.0,125.0,50.0,50.0,29.28,48.757,0.0
2026-02-26 20:16:00,98.493,50.0,50.0,50.0,125.0,50.0,50.0,28.96,48.493,0.0
2026-02-26 20:17:00,98.223,50.0,50.0,50.0,125.0,50.0,50.0,28.64,48.223,0.0
2026-02-26 20:18:00,97.95,50.0,50.0,50.0,125.0,50.0,50.0,28.32,47.95,0.0
2026-02-26 20:19:00,97.672,50.0,50.0,50.0,125.0,50.0,50.0,28.0,47.672,0.0
2026-02-26 20:20:00,97.39,50.0,50.0,50.0,125.0,50.0,50.0,27.68,47.39,0.0
2026-02-26 20:21:00,97.103,50.0,50.0,50.0,125.0,50.0,50.0,27.36,47.103,0.0
2026-02-26 20:22:00,96.813,50.0,50.0,50.0,125.0,50.0,50.0,27.04,46.813,0.0
2026-02-26 20:23:00,96.519,50.0,50.0,50.0,125.0,50.0,50.0,26.72,46.519,0.0
2026-02-26 20:24:00,96.221,50.0,50.0,50.0,125.0,50.0,50.0,26.4,46.221,0.0
2026-02-26 20:25:00,95.919,50.0,50.0,50.0,125.0,50.0,50.0,26.08,45.919,0.0
2026-02-26 20:26:00,95.613,50.0,50.0,50.0,125.0,50.0,50.0,25.76,45.613,0.0
2026-02-26 20:27:00,95.304,50.0,50.0,50.0,125.0,50.0,50.0,25.44,45.304,0.0
2026-02-26 20:28:00,94.991,50.0,50.0,50.0,125.0,50.0,50.0,25.12,44.991,0.0
2026-02-26 20:29:00,94.674,50.0,50.0,50.0,125.0,50.0,50.0,24.8,44.674,0.0
2026-02-26 20:30:00,94.355,50.0,50.0,50.0,125.0,50.0,50.0,24.47,44.355,0.0
2026-02-26 20:31:00,94.032,50.0,50.0,50.0,125.0,50.0,50.0,24.15,44.032,0.0
2026-02-26 20:32:00,93.706,50.0,50.0,50.0,125.0,50.0,50.0,23.83,43.706,0.0
2026-02-26 20:33:00,93.376,50.0,50.0,50.0,125.0,50.0,50.0,23.51,43.376,0.0
2026-02-26 20:34:00,93.044,50.0,50.0,50.0,125.0,50.0,50.0,23.19,43.044,0.0
2026-02-26 20:35:00,92.709,50.0,50.0,50.0,125.0,50.0,50.0,22.87,42.709,0.0
2026-02-26 20:36:00,92.371,50.0,50.0,50.0,125.0,50.0,50.0,22.55,42.371,0.0
2026-02-26 20:37:00,92.031,50.0,50.0,50.0,125.0,50.0,50.0,22.23,42.031,0.0
2026-02-26 20:38:00,91.688,50.0,50.0,50.0,125.0,50.0,50.0,21.91,41.688,0.0
2026-02-26 20:39:00,91.342,50.0,50.0,50.0,125.0,50.0,50.0,21.59,41.342,0.0
2026-02-26 20:40:00,90.994,50.0,50.0,50.0,125.0,50.0,50.0,21.27,40.994,0.0
2026-02-26 20:41:00,90.643,50.0,50.0,50.0,125.0,50.0,50.0,20.95,40.643,0.0
2026-02-26 20:42:00,90.29,50.0,50.0,50.0,125.0,50.0,50.0,20.63,40.29,0.0
2026-02-26 20:43:00,89.935,50.0,50.0,50.0,125.0,50.0,50.0,20.31,39.935,0.0
2026-02-26 20:44:00,89.579,50.0,50.0,50.0,125.0,50.0,50.0,19.99,39.579,0.0
2026-02-26 20:45:00,89.22,50.0,50.0,50.0,125.0,50.0,50.0,19.67,39.22,0.0
2026-02-26 20:46:00,88.859,50.0,50.0,50.0,125.0,50.0,50.0,19.35,38.859,0.0
2026-02-26 20:47:00,88.496,50.0,50.0,50.0,125.0,50.0,50.0,19.03,38.496,0.0
2026-02-26 20:48:00,88.132,50.0,50.0,50.0,125.0,50.0,50.0,18.71,38.132,0.0
2026-02-26 20:49:00,87.766,50.0,50.0,50.0,125.0,50.0,50.0,18.39,37.766,0.0
2026-02-26 20:50:00,87.399,50.0,50.0,50.0,125.0,50.0,50.0,18.06,37.399,0.0
2026-02-26 20:51:00,87.03,50.0,50.0,50.0,125.0,50.0,50.0,17.74,37.03,0.0
2026-02-26 20:52:00,86.66,50.0,50.0,50.0,125.0,50.0,50.0,17.42,36.66,0.0
2026-02-26 20:53:00,86.289,50.0,50.0,50.0,125.0,50.0,50.0,17.1,36.289,0.0
2026-02-26 20:54:00,85.916,50.0,50.0,50.0,125.0,50.0,50.0,16.78,35.916,0.0
2026-02-26 20:55:00,85.543,50.0,50.0,50.0,125.0,50.0,50.0,16.46,35.543,0.0
2026-02-26 20:56:00,85.169,50.0,50.0,50.0,125.0,50.0,50.0,16.14,35.169,0.0
2026-02-26 20:57:00,84.793,50.0,50.0,50.0,125.0,50.0,50.0,15.82,34.793,0.0
2026-02-26 20:58:00,84.417,50.0,50.0,50.0,125.0,50.0,50.0,15.5,34.417,0.0
2026-02-26 20:59:00,84.041,50.0,50.0,50.0,125.0,50.0,50.0,15.18,34.041,0.0
2026-02-26 21:00:00,83.663,50.0,50.0,50.0,125.0,50.0,50.0,14.86,33.663,0.0
2026-02-26 21:01:00,83.286,50.0,50.0,50.0,125.0,50.0,50.0,14.54,33.286,0.0
2026-02-26 21:02:00,82.907,50.0,50.0,50.0,125.0,50.0,50.0,14.22,32.907,0.0
2026-02-26 21:03:00,82.529,50.0,50.0,50.0,125.0,50.0,50.0,13.9,32.529,0.0
2026-02-26 21:04:00,82.15,50.0,50.0,50.0,125.0,50.0,50.0,13.58,32.15,0.0
2026-02-26 21:05:00,81.771,50.0,50.0,50.0,125.0,50.0,50.0,13.26,31.771,0.0
2026-02-26 21:06:00,81.392,50.0,50.0,50.0,125.0,50.0,50.0,12.94,31.392,0.0
2026-02-26 21:07:00,81.013,50.0,50.0,50.0,125.0,50.0,50.0,12.62,31.013,0.0
2026-02-26 21:08:00,80.634,50.0,50.0,50.0,125.0,50.0,50.0,12.3,30.634,0.0
2026-02-26 21:09:00,80.255,50.0,50.0,50.0,125.0,50.0,50.0,11.97,30.255,0.0
2026-02-26 21:10:00,79.876,50.0,50.0,50.0,125.0,50.0,50.0,11.65,29.876,0.0
2026-02-26 21:11:00,79.498,50.0,50.0,50.0,125.0,50.0,50.0,11.33,29.498,0.0
2026-02-26 21:12:00,79.12,50.0,50.0,50.0,125.0,50.0,50.0,11.01,29.12,0.0
2026-02-26 21:13:00,78.743,50.0,50.0,50.0,125.0,50.0,50.0,10.69,28.743,0.0
2026-02-26 21:14:00,78.366,50.0,50.0,50.0,125.0,50.0,50.0,10.37,28.366,0.0
2026-02-26 21:15:00,77.99,50.0,50.0,50.0,125.0,50.0,50.0,10.05,27.99,0.0
2026-02-26 21:16:00,77.614,50.0,8.061,8.061,125.0,8.061,50.0,10.0,69.553,0.0
2026-02-26 21:17:00,77.24,50.0,0.0,0.0,125.0,0.0,50.0,10.0,77.24,0.0
2026-02-26 21:18:00,76.866,50.0,0.0,0.0,125.0,0.0,50.0,10.0,76.866,0.0
2026-02-26 21:19:00,76.493,50.0,0.0,0.0,125.0,0.0,50.0,10.0,76.493,0.0
2026-02-26 21:20:00,76.121,50.0,0.0,0.0,125.0,0.0,50.0,10.0,76.121,0.0
2026-02-26 21:21:00,75.75,50.0,0.0,0.0,125.0,0.0,50.0,10.0,75.75,0.0
2026-02-26 21:22:00,75.38,50.0,0.0,0.0,125.0,0.0,50.0,10.0,75.38,0.0
2026-02-26 21:23:00,75.012,50.0,0.0,0.0,125.0,0.0,50.0,10.0,75.012,0.0
2026-02-26 21:24:00,74.644,50.0,0.0,0.0,125.0,0.0,50.0,10.0,74.644,0.0
2026-02-26 21:25:00,74.278,50.0,0.0,0.0,125.0,0.0,50.0,10.0,74.278,0.0
2026-02-26 21:26:00,73.914,50.0,0.0,0.0,125.0,0.0,50.0,10.0,73.914,0.0
2026-02-26 21:27:00,73.55,50.0,0.0,0.0,125.0,0.0,50.0,10.0,73.55,0.0
2026-02-26 21:28:00,73.189,50.0,0.0,0.0,125.0,0.0,50.0,10.0,73.189,0.0
2026-02-26 21:29:00,72.829,50.0,0.0,0.0,125.0,0.0,50.0,10.0,72.829,0.0
2026-02-26 21:30:00,72.47,50.0,0.0,0.0,125.0,0.0,50.0,10.0,72.47,0.0
2026-02-26 21:31:00,72.113,50.0,0.0,0.0,125.0,0.0,50.0,10.0,72.113,0.0
2026-02-26 21:32:00,71.758,50.0,0.0,0.0,125.0,0.0,50.0,10.0,71.758,0.0
2026-02-26 21:33:00,71.405,50.0,0.0,0.0,125.0,0.0,50.0,10.0,71.405,0.0
2026-02-26 21:34:00,71.053,50.0,0.0,0.0,125.0,0.0,50.0,10.0,71.053,0.0
2026-02-26 21:35:00,70.704,50.0,0.0,0.0,125.0,0.0,50.0,10.0,70.704,0.0
2026-02-26 21:36:00,70.356,50.0,0.0,0.0,125.0,0.0,50.0,10.0,70.356,0.0
2026-02-26 21:37:00,70.01,50.0,0.0,0.0,125.0,0.0,50.0,10.0,70.01,0.0
2026-02-26 21:38:00,69.667,50.0,0.0,0.0,125.0,0.0,50.0,10.0,69.667,0.0
2026-02-26 21:39:00,69.325,50.0,0.0,0.0,125.0,0.0,50.0,10.0,69.325,0.0
2026-02-26 21:40:00,68.986,50.0,0.0,0.0,125.0,0.0,50.0,10.0,68.986,0.0
2026-02-26 21:41:00,68.649,50.0,0.0,0.0,125.0,0.0,50.0,10.0,68.649,0.0
2026-02-26 21:42:00,68.313,50.0,0.0,0.0,125.0,0.0,50.0,10.0,68.313,0.0
2026-02-26 21:43:00,67.981,50.0,0.0,0.0,125.0,0.0,50.0,10.0,67.981,0.0
2026-02-26 21:44:00,67.65,50.0,0.0,0.0,125.0,0.0,50.0,10.0,67.65,0.0
2026-02-26 21:45:00,67.322,50.0,0.0,0.0,125.0,0.0,50.0,10.0,67.322,0.0
2026-02-26 21:46:00,66.996,50.0,0.0,0.0,125.0,0.0,50.0,10.0,66.996,0.0
2026-02-26 21:47:00,66.673,50.0,0.0,0.0,125.0,0.0,50.0,10.0,66.673,0.0
2026-02-26 21:48:00,66.352,50.0,0.0,0.0,125.0,0.0,50.0,10.0,66.352,0.0
2026-02-26 21:49:00,66.033,50.0,0.0,0.0,125.0,0.0,50.0,10.0,66.033,0.0
2026-02-26 21:50:00,65.717,50.0,0.0,0.0,125.0,0.0,50.0,10.0,65.717,0.0
2026-02-26 21:51:00,65.404,50.0,0.0,0.0,125.0,0.0,50.0,10.0,65.404,0.0
2026-02-26 21:52:00,65.093,50.0,0.0,0.0,125.0,0.0,50.0,10.0,65.093,0.0
2026-02-26 21:53:00,64.785,50.0,0.0,0.0,125.0,0.0,50.0,10.0,64.785,0.0
2026-02-26 21:54:00,64.479,50.0,0.0,0.0,125.0,0.0,50.0,10.0,64.479,0.0
2026-02-26 21:55:00,64.176,50.0,0.0,0.0,125.0,0.0,50.0,10.0,64.176,0.0
2026-02-26 21:56:00,63.876,50.0,0.0,0.0,125.0,0.0,50.0,10.0,63.876,0.0
2026-02-26 21:57:00,63.578,50.0,0.0,0.0,125.0,0.0,50.0,10.0,63.578,0.0
2026-02-26 21:58:00,63.283,50.0,0.0,0.0,125.0,0.0,50.0,10.0,63.283,0.0
2026-02-26 21:59:00,62.991,50.0,0.0,0.0,125.0,0.0,50.0,10.0,62.991,0.0
2026-02-26 22:00:00,62.701,0.0,0.0,0.0,125.0,0.0,,10.0,62.701,0.0
2026-02-26 22:01:00,62.415,0.0,0.0,0.0,125.0,0.0,,10.0,62.415,0.0
2026-02-26 22:02:00,62.131,0.0,0.0,0.0,125.0,0.0,,10.0,62.131,0.0
2026-02-26 22:03:00,61.85,0.0,0.0,0.0,125.0,0.0,,10.0,61.85,0.0
2026-02-26 22:04:00,61.571,0.0,0.0,0.0,125.0,0.0,,10.0,61.571,0.0
2026-02-26 22:05:00,61.296,0.0,0.0,0.0,125.0,0.0,,10.0,61.296,0.0
2026-02-26 22:06:00,61.023,0.0,0.0,0.0,125.0,0.0,,10.0,61.023,0.0
2026-02-26 22:07:00,60.753,0.0,0.0,0.0,125.0,0.0,,10.0,60.753,0.0
2026-02-26 22:08:00,60.486,0.0,0.0,0.0,125.0,0.0,,10.0,60.486,0.0
2026-02-26 22:09:00,60.222,0.0,0.0,0.0,125.0,0.0,,10.0,60.222,0.0
2026-02-26 22:10:00,59.961,0.0,0.0,0.0,125.0,0.0,,10.0,59.961,0.0
2026-02-26 22:11:00,59.703,0.0,0.0,0.0,125.0,0.0,,10.0,59.703,0.0
2026-02-26 22:12:00,59.447,0.0,0.0,0.0,125.0,0.0,,10.0,59.447,0.0
2026-02-26 22:13:00,59.195,0.0,0.0,0.0,125.0,0.0,,10.0,59.195,0.0
2026-02-26 22:14:00,58.945,0.0,0.0,0.0,125.0,0.0,,10.0,58.945,0.0
2026-02-26 22:15:00,58.699,0.0,0.0,0.0,125.0,0.0,,10.0,58.699,0.0
2026-02-26 22:16:00,58.455,0.0,0.0,0.0,125.0,0.0,,10.0,58.455,0.0
2026-02-26 22:17:00,58.214,0.0,0.0,0.0,125.0,0.0,,10.0,58.214,0.0
2026-02-26 22:18:00,57.976,0.0,0.0,0.0,125.0,0.0,,10.0,57.976,0.0
2026-02-26 22:19:00,57.741,0.0,0.0,0.0,125.0,0.0,,10.0,57.741,0.0
2026-02-26 22:20:00,57.509,0.0,0.0,0.0,125.0,0.0,,10.0,57.509,0.0
2026-02-26 22:21:00,57.279,0.0,0.0,0.0,125.0,0.0,,10.0,57.279,0.0
2026-02-26 22:22:00,57.053,0.0,0.0,0.0,125.0,0.0,,10.0,57.053,0.0
2026-02-26 22:23:00,56.829,0.0,0.0,0.0,125.0,0.0,,10.0,56.829,0.0
2026-02-26 22:24:00,56.609,0.0,0.0,0.0,125.0,0.0,,10.0,56.609,0.0
2026-02-26 22:25:00,56.391,0.0,0.0,0.0,125.0,0.0,,10.0,56.391,0.0
2026-02-26 22:26:00,56.176,0.0,0.0,0.0,125.0,0.0,,10.0,56.176,0.0
2026-02-26 22:27:00,55.964,0.0,0.0,0.0,125.0,0.0,,10.0,55.964,0.0
2026-02-26 22:28:00,55.755,0.0,0.0,0.0,125.0,0.0,,10.0,55.755,0.0
2026-02-26 22:29:00,55.549,0.0,0.0,0.0,125.0,0.0,,10.0,55.549,0.0
2026-02-26 22:30:00,55.345,0.0,0.0,0.0,125.0,0.0,,10.0,55.345,0.0
2026-02-26 22:31:00,55.145,0.0,0.0,0.0,125.0,0.0,,10.0,55.145,0.0
2026-02-26 22:32:00,54.947,0.0,0.0,0.0,125.0,0.0,,10.0,54.947,0.0
2026-02-26 22:33:00,54.752,0.0,0.0,0.0,125.0,0.0,,10.0,54.752,0.0
2026-02-26 22:34:00,54.56,0.0,0.0,0.0,125.0,0.0,,10.0,54.56,0.0
2026-02-26 22:35:00,54.37,0.0,0.0,0.0,125.0,0.0,,10.0,54.37,0.0
2026-02-26 22:36:00,54.183,0.0,0.0,0.0,125.0,0.0,,10.0,54.183,0.0
2026-02-26 22:37:00,53.999,0.0,0.0,0.0,125.0,0.0,,10.0,53.999,0.0
2026-02-26 22:38:00,53.818,0.0,0.0,0.0,125.0,0.0,,10.0,53.818,0.0
2026-02-26 22:39:00,53.64,0.0,0.0,0.0,125.0,0.0,,10.0,53.64,0.0
2026-02-26 22:40:00,53.464,0.0,0.0,0.0,125.0,0.0,,10.0,53.464,0.0
2026-02-26 22:41:00,53.291,0.0,0.0,0.0,125.0,0.0,,10.0,53.291,0.0
2026-02-26 22:42:00,53.12,0.0,0.0,0.0,125.0,0.0,,10.0,53.12,0.0
2026-02-26 22:43:00,52.952,0.0,0.0,0.0,125.0,0.0,,10.0,52.952,0.0
2026-02-26 22:44:00,52.787,0.0,0.0,0.0,125.0,0.0,,10.0,52.787,0.0
2026-02-26 22:45:00,52.624,0.0,0.0,0.0,125.0,0.0,,10.0,52.624,0.0
2026-02-26 22:46:00,52.464,0.0,0.0,0.0,125.0,0.0,,10.0,52.464,0.0
2026-02-26 22:47:00,52.307,0.0,0.0,0.0,125.0,0.0,,10.0,52.307,0.0
2026-02-26 22:48:00,52.152,0.0,0.0,0.0,125.0,0.0,,10.0,52.152,0.0
2026-02-26 22:49:00,52.0,0.0,0.0,0.0,125.0,0.0,,10.0,52.0,0.0
2026-02-26 22:50:00,51.85,0.0,0.0,0.0,125.0,0.0,,10.0,51.85,0.0
2026-02-26 22:51:00,51.702,0.0,0.0,0.0,125.0,0.0,,10.0,51.702,0.0
2026-02-26 22:52:00,51.557,0.0,0.0,0.0,125.0,0.0,,10.0,51.557,0.0
2026-02-26 22:53:00,51.415,0.0,0.0,0.0,125.0,0.0,,10.0,51.415,0.0
2026-02-26 22:54:00,51.275,0.0,0.0,0.0,125.0,0.0,,10.0,51.275,0.0
2026-02-26 22:55:00,51.137,0.0,0.0,0.0,125.0,0.0,,10.0,51.137,0.0
2026-02-26 22:56:00,51.002,0.0,0.0,0.0,125.0,0.0,,10.0,51.002,0.0
2026-02-26 22:57:00,50.869,0.0,0.0,0.0,125.0,0.0,,10.0,50.869,0.0
2026-02-26 22:58:00,50.738,0.0,0.0,0.0,125.0,0.0,,10.0,50.738,0.0
2026-02-26 22:59:00,50.61,0.0,0.0,0.0,125.0,0.0,,10.0,50.61,0.0
2026-02-26 23:00:00,50.484,0.0,0.0,0.0,125.0,0.0,,10.0,50.484,0.0
2026-02-26 23:01:00,50.36,0.0,0.0,0.0,125.0,0.0,,10.0,50.36,0.0
2026-02-26 23:02:00,50.238,0.0,0.0,0.0,125.0,0.0,,10.0,50.238,0.0
2026-02-26 23:03:00,50.119,0.0,0.0,0.0,125.0,0.0,,10.0,50.119,0.0
2026-02-26 23:04:00,50.002,0.0,0.0,0.0,125.0,0.0,,10.0,50.002,0.0
2026-02-26 23:05:00,49.887,0.0,0.0,0.0,125.0,0.0,,10.0,49.887,0.0
2026-02-26 23:06:00,49.774,0.0,0.0,0.0,125.0,0.0,,10.0,49.774,0.0
2026-02-26 23:07:00,49.663,0.0,0.0,0.0,125.0,0.0,,10.0,49.663,0.0
2026-02-26 23:08:00,49.554,0.0,0.0,0.0,125.0,0.0,,10.0,49.554,0.0
2026-02-26 23:09:00,49.447,0.0,0.0,0.0,125.0,0.0,,10.0,49.447,0.0
2026-02-26 23:10:00,49.343,0.0,0.0,0.0,125.0,0.0,,10.0,49.343,0.0
2026-02-26 23:11:00,49.24,0.0,0.0,0.0,125.0,0.0,,10.0,49.24,0.0
2026-02-26 23:12:00,49.139,0.0,0.0,0.0,125.0,0.0,,10.0,49.139,0.0
2026-02-26 23:13:00,49.041,0.0,0.0,0.0,125.0,0.0,,10.0,49.041,0.0
2026-02-26 23:14:00,48.944,0.0,0.0,0.0,125.0,0.0,,10.0,48.944,0.0
2026-02-26 23:15:00,48.849,0.0,0.0,0.0,125.0,0.0,,10.0,48.849,0.0
2026-02-26 23:16:00,48.756,0.0,0.0,0.0,125.0,0.0,,10.0,48.756,0.0
2026-02-26 23:17:00,48.665,0.0,0.0,0.0,125.0,0.0,,10.0,48.665,0.0
2026-02-26 23:18:00,48.575,0.0,0.0,0.0,125.0,0.0,,10.0,48.575,0.0
2026-02-26 23:19:00,48.488,0.0,0.0,0.0,125.0,0.0,,10.0,48.488,0.0
2026-02-26 23:20:00,48.402,0.0,0.0,0.0,125.0,0.0,,10.0,48.402,0.0
2026-02-26 23:21:00,48.318,0.0,0.0,0.0,125.0,0.0,,10.0,48.318,0.0
2026-02-26 23:22:00,48.236,0.0,0.0,0.0,125.0,0.0,,10.0,48.236,0.0
2026-02-26 23:23:00,48.155,0.0,0.0,0.0,125.0,0.0,,10.0,48.155,0.0
2026-02-26 23:24:00,48.076,0.0,0.0,0.0,125.0,0.0,,10.0,48.076,0.0
2026-02-26 23:25:00,47.999,0.0,0.0,0.0,125.0,0.0,,10.0,47.999,0.0
2026-02-26 23:26:00,47.923,0.0,0.0,0.0,125.0,0.0,,10.0,47.923,0.0
2026-02-26 23:27:00,47.849,0.0,0.0,0.0,125.0,0.0,,10.0,47.849,0.0
2026-02-26 23:28:00,47.777,0.0,0.0,0.0,125.0,0.0,,10.0,47.777,0.0
2026-02-26 23:29:00,47.706,0.0,0.0,0.0,125.0,0.0,,10.0,47.706,0.0
2026-02-26 23:30:00,47.636,0.0,0.0,0.0,125.0,0.0,,10.0,47.636,0.0
2026-02-26 23:31:00,47.568,0.0,0.0,0.0,125.0,0.0,,10.0,47.568,0.0
2026-02-26 23:32:00,47.502,0.0,0.0,0.0,125.0,0.0,,10.0,47.502,0.0
2026-02-26 23:33:00,47.437,0.0,0.0,0.0,125.0,0.0,,10.0,47.437,0.0
2026-02-26 23:34:00,47.373,0.0,0.0,0.0,125.0,0.0,,10.0,47.373,0.0
2026-02-26 23:35:00,47.311,0.0,0.0,0.0,125.0,0.0,,10.0,47.311,0.0
2026-02-26 23:36:00,47.25,0.0,0.0,0.0,125.0,0.0,,10.0,47.25,0.0
2026-02-26 23:37:00,47.191,0.0,0.0,0.0,125.0,0.0,,10.0,47.191,0.0
2026-02-26 23:38:00,47.133,0.0,0.0,0.0,125.0,0.0,,10.0,47.133,0.0
2026-02-26 23:39:00,47.076,0.0,0.0,0.0,125.0,0.0,,10.0,47.076,0.0
2026-02-26 23:40:00,47.021,0.0,0.0,0.0,125.0,0.0,,10.0,47.021,0.0
2026-02-26 23:41:00,46.967,0.0,0.0,0.0,125.0,0.0,,10.0,46.967,0.0
2026-02-26 23:42:00,46.914,0.0,0.0,0.0,125.0,0.0,,10.0,46.914,0.0
2026-02-26 23:43:00,46.862,0.0,0.0,0.0,125.0,0.0,,10.0,46.862,0.0
2026-02-26 23:44:00,46.811,0.0,0.0,0.0,125.0,0.0,,10.0,46.811,0.0
2026-02-26 23:45:00,46.762,0.0,0.0,0.0,125.0,0.0,,10.0,46.762,0.0
2026-02-26 23:46:00,46.714,0.0,0.0,0.0,125.0,0.0,,10.0,46.714,0.0
2026-02-26 23:47:00,46.667,0.0,0.0,0.0,125.0,0.0,,10.0,46.667,0.0
2026-02-26 23:48:00,46.621,0.0,0.0,0.0,125.0,0.0,,10.0,46.621,0.0
2026-02-26 23:49:00,46.576,0.0,0.0,0.0,125.0,0.0,,10.0,46.576,0.0
2026-02-26 23:50:00,46.532,0.0,0.0,0.0,125.0,0.0,,10.0,46.532,0.0
2026-02-26 23:51:00,46.49,0.0,0.0,0.0,125.0,0.0,,10.0,46.49,0.0
2026-02-26 23:52:00,46.448,0.0,0.0,0.0,125.0,0.0,,10.0,46.448,0.0
2026-02-26 23:53:00,46.407,0.0,0.0,0.0,125.0,0.0,,10.0,46.407,0.0
2026-02-26 23:54:00,46.368,0.0,0.0,0.0,125.0,0.0,,10.0,46.368,0.0
2026-02-26 23:55:00,46.329,0.0,0.0,0.0,125.0,0.0,,10.0,46.329,0.0
2026-02-26 23:56:00,46.291,0.0,0.0,0.0,125.0,0.0,,10.0,46.291,0.0
2026-02-26 23:57:00,46.254,0.0,0.0,0.0,125.0,0.0,,10.0,46.254,0.0
2026-02-26 23:58:00,46.219,0.0,0.0,0.0,125.0,0.0,,10.0,46.219,0.0
2026-02-26 23:59:00,46.184,0.0,0.0,0.0,125.0,0.0,,10.0,46.184,0.0
