time,负载功率(kW),TOU计划功率(kW),逆变功率(kW),逆变设置功率(kW),逆变限制功率(kW),电池功率(kW),电池设置功率(kW),储能SOC(%),电网功率(kW),光伏功率(kW)
2026-02-26 00:00:00,45.0,0.0,0.0,0.0,125.0,0.0,,10.0,45.0,0.0
2026-02-26 00:01:00,45.0,0.0,0.0,0.0,125.0,0.0,,10.0,45.0,0.0
2026-02-26 00:02:00,45.0,0.0,0.0,0.0,125.0,0.0,,10.0,45.0,0.0
2026-02-26 00:03:00,45.0,0.0,0.0,0.0,125.0,0.0,,10.0,45.0,0.0
2026-02-26 00:04:00,45.0,0.0,0.0,0.0,125.0,0.0,,10.0,45.0,0.0
2026-02-26 00:05:00,45.0,0.0,0.0,0.0,125.0,0.0,,10.0,45.0,0.0
2026-02-26 00:06:00,45.0,0.0,0.0,0.0,125.0,0.0,,10.0,45.0,0.0
2026-02-26 00:07:00,45.0,0.0,0.0,0.0,125.0,0.0,,10.0,45.0,0.0
2026-02-26 00:08:00,45.0,0.0,0.0,0.0,125.0,0.0,,10.0,45.0,0.0
2026-02-26 00:09:00,45.0,0.0,0.0,0.0,125.0,0.0,,10.0,45.0,0.0
2026-02-26 00:10:00,45.0,0.0,0.0,0.0,125.0,0.0,,10.0,45.0,0.0
2026-02-26 00:11:00,45.0,0.0,0.0,0.0,125.0,0.0,,10.0,45.0,0.0
2026-02-26 00:12:00,45.0,0.0,0.0,0.0,125.0,0.0,,10.0,45.0,0.0
2026-02-26 00:13:00,45.0,0.0,0.0,0.0,125.0,0.0,,10.0,45.0,0.0
2026-02-26 00:14:00,45.0,0.0,0.0,0.0,125.0,0.0,,10.0,45.0,0.0
2026-02-26 00:15:00,45.0,0.0,0.0,0.0,125.0,0.0,,10.0,45.0,0.0
2026-02-26 00:16:00,45.0,0.0,0.0,0.0,125.0,0.0,,10.0,45.0,0.0
2026-02-26 00:17:00,45.0,0.0,0.0,0.0,125.0,0.0,,10.0,45.0,0.0
2026-02-26 00:18:00,45.0,0.0,0.0,0.0,125.0,0.0,,10.0,45.0,0.0
2026-02-26 00:19:00,45.0,0.0,0.0,0.0,125.0,0.0,,10.0,45.0,0.0
2026-02-26 00:20:00,45.0,0.0,0.0,0.0,125.0,0.0,,10.0,45.0,0.0
2026-02-26 00:21:00,45.0,0.0,0.0,0.0,125.0,0.0,,10.0,45.0,0.0
2026-02-26 00:22:00,45.0,0.0,0.0,0.0,125.0,0.0,,10.0,45.0,0.0
2026-02-26 00:23:00,45.0,0.0,0.0,0.0,125.0,0.0,,10.0,45.0,0.0
2026-02-26 00:24:00,45.0,0.0,0.0,0.0,125.0,0.0,,10.0,45.0,0.0
2026-02-26 00:25:00,45.0,0.0,0.0,0.0,125.0,0.0,,10.0,45.0,0.0
2026-02-26 00:26:00,45.0,0.0,0.0,0.0,125.0,0.0,,10.0,45.0,0.0
2026-02-26 00:27:00,45.0,0.0,0.0,0.0,125.0,0.0,,10.0,45.0,0.0
2026-02-26 00:28:00,45.0,0.0,0.0,0.0,125.0,0.0,,10.0,45.0,0.0
2026-02-26 00:29:00,45.0,0.0,0.0,0.0,125.0,0.0,,10.0,45.0,0.0
2026-02-26 00:30:00,45.0,0.0,0.0,0.0,125.0,0.0,,10.0,45.0,0.0
2026-02-26 00:31:00,45.0,0.0,0.0,0.0,125.0,0.0,,10.0,45.0,0.0
2026-02-26 00:32:00,45.0,0.0,0.0,0.0,125.0,0.0,,10.0,45.0,0.0
2026-02-26 00:33:00,45.0,0.0,0.0,0.0,125.0,0.0,,10.0,45.0,0.0
2026-02-26 00:34:00,45.0,0.0,0.0,0.0,125.0,0.0,,10.0,45.0,0.0
2026-02-26 00:35:00,45.0,0.0,0.0,0.0,125.0,0.0,,10.0,45.0,0.0
2026-02-26 00:36:00,45.0,0.0,0.0,0.0,125.0,0.0,,10.0,45.0,0.0
2026-02-26 00:37:00,45.0,0.0,0.0,0.0,125.0,0.0,,10.0,45.0,0.0
2026-02-26 00:38:00,45.0,0.0,0.0,0.0,125.0,0.0,,10.0,45.0,0.0
2026-02-26 00:39:00,45.0,0.0,0.0,0.0,125.0,0.0,,10.0,45.0,0.0
2026-02-26 00:40:00,45.0,0.0,0.0,0.0,125.0,0.0,,10.0,45.0,0.0
2026-02-26 00:41:00,45.0,0.0,0.0,0.0,125.0,0.0,,10.0,45.0,0.0
2026-02-26 00:42:00,45.0,0.0,0.0,0.0,125.0,0.0,,10.0,45.0,0.0
2026-02-26 00:43:00,45.0,0.0,0.0,0.0,125.0,0.0,,10.0,45.0,0.0
2026-02-26 00:44:00,45.0,0.0,0.0,0.0,125.0,0.0,,10.0,45.0,0.0
2026-02-26 00:45:00,45.0,0.0,0.0,0.0,125.0,0.0,,10.0,45.0,0.0
2026-02-26 00:46:00,45.0,0.0,0.0,0.0,125.0,0.0,,10.0,45.0,0.0
2026-02-26 00:47:00,45.0,0.0,0.0,0.0,125.0,0.0,,10.0,45.0,0.0
2026-02-26 00:48:00,45.0,0.0,0.0,0.0,125.0,0.0,,10.0,45.0,0.0
2026-02-26 00:49:00,45.0,0.0,0.0,0.0,125.0,0.0,,10.0,45.0,0.0
2026-02-26 00:50:00,45.0,0.0,0.0,0.0,125.0,0.0,,10.0,45.0,0.0
2026-02-26 00:51:00,45.0,0.0,0.0,0.0,125.0,0.0,,10.0,45.0,0.0
2026-02-26 00:52:00,45.0,0.0,0.0,0.0,125.0,0.0,,10.0,45.0,0.0
2026-02-26 00:53:00,45.0,0.0,0.0,0.0,125.0,0.0,,10.0,45.0,0.0
2026-02-26 00:54:00,45.0,0.0,0.0,0.0,125.0,0.0,,10.0,45.0,0.0
2026-02-26 00:55:00,45.0,0.0,0.0,0.0,125.0,0.0,,10.0,45.0,0.0
2026-02-26 00:56:00,45.0,0.0,0.0,0.0,125.0,0.0,,10.0,45.0,0.0
2026-02-26 00:57:00,45.0,0.0,0.0,0.0,125.0,0.0,,10.0,45.0,0.0
2026-02-26 00:58:00,45.0,0.0,0.0,0.0,125.0,0.0,,10.0,45.0,0.0
2026-02-26 00:59:00,45.0,0.0,0.0,0.0,125.0,0.0,,10.0,45.0,0.0
2026-02-26 01:00:00,45.0,0.0,0.0,0.0,125.0,0.0,,10.0,45.0,0.0
2026-02-26 01:01:00,45.0,0.0,0.0,0.0,125.0,0.0,,10.0,45.0,0.0
2026-02-26 01:02:00,45.0,0.0,0.0,0.0,125.0,0.0,,10.0,45.0,0.0
2026-02-26 01:03:00,45.0,0.0,0.0,0.0,125.0,0.0,,10.0,45.0,0.0
2026-02-26 01:04:00,45.0,0.0,0.0,0.0,125.0,0.0,,10.0,45.0,0.0
2026-02-26 01:05:00,45.0,0.0,0.0,0.0,125.0,0.0,,10.0,45.0,0.0
2026-02-26 01:06:00,45.0,0.0,0.0,0.0,125.0,0.0,,10.0,45.0,0.0
2026-02-26 01:07:00,45.0,0.0,0.0,0.0,125.0,0.0,,10.0,45.0,0.0
2026-02-26 01:08:00,45.0,0.0,0.0,0.0,125.0,0.0,,10.0,45.0,0.0
2026-02-26 01:09:00,45.0,0.0,0.0,0.0,125.0,0.0,,10.0,45.0,0.0
2026-02-26 01:10:00,45.0,0.0,0.0,0.0,125.0,0.0,,10.0,45.0,0.0
2026-02-26 01:11:00,45.0,0.0,0.0,0.0,125.0,0.0,,10.0,45.0,0.0
2026-02-26 01:12:00,45.0,0.0,0.0,0.0,125.0,0.0,,10.0,45.0,0.0
2026-02-26 01:13:00,45.0,0.0,0.0,0.0,125.0,0.0,,10.0,45.0,0.0
2026-02-26 01:14:00,45.0,0.0,0.0,0.0,125.0,0.0,,10.0,45.0,0.0
2026-02-26 01:15:00,45.0,0.0,0.0,0.0,125.0,0.0,,10.0,45.0,0.0
2026-02-26 01:16:00,45.0,0.0,0.0,0.0,125.0,0.0,,10.0,45.0,0.0
2026-02-26 01:17:00,45.0,0.0,0.0,0.0,125.0,0.0,,10.0,45.0,0.0
2026-02-26 01:18:00,45.0,0.0,0.0,0.0,125.0,0.0,,10.0,45.0,0.0
2026-02-26 01:19:00,45.0,0.0,0.0,0.0,125.0,0.0,,10.0,45.0,0.0
2026-02-26 01:20:00,45.0,0.0,0.0,0.0,125.0,0.0,,10.0,45.0,0.0
2026-02-26 01:21:00,45.0,0.0,0.0,0.0,125.0,0.0,,10.0,45.0,0.0
2026-02-26 01:22:00,45.0,0.0,0.0,0.0,125.0,0.0,,10.0,45.0,0.0
2026-02-26 01:23:00,45.0,0.0,0.0,0.0,125.0,0.0,,10.0,45.0,0.0
2026-02-26 01:24:00,45.0,0.0,0.0,0.0,125.0,0.0,,10.0,45.0,0.0
2026-02-26 01:25:00,45.0,0.0,0.0,0.0,125.0,0.0,,10.0,45.0,0.0
2026-02-26 01:26:00,45.0,0.0,0.0,0.0,125.0,0.0,,10.0,45.0,0.0
2026-02-26 01:27:00,45.0,0.0,0.0,0.0,125.0,0.0,,10.0,45.0,0.0
2026-02-26 01:28:00,45.0,0.0,0.0,0.0,125.0,0.0,,10.0,45.0,0.0
2026-02-26 01:29:00,45.0,0.0,0.0,0.0,125.0,0.0,,10.0,45.0,0.0
2026-02-26 01:30:00,45.0,0.0,0.0,0.0,125.0,0.0,,10.0,45.0,0.0
2026-02-26 01:31:00,45.0,0.0,0.0,0.0,125.0,0.0,,10.0,45.0,0.0
2026-02-26 01:32:00,45.0,0.0,0.0,0.0,125.0,0.0,,10.0,45.0,0.0
2026-02-26 01:33:00,45.0,0.0,0.0,0.0,125.0,0.0,,10.0,45.0,0.0
2026-02-26 01:34:00,45.0,0.0,0.0,0.0,125.0,0.0,,10.0,45.0,0.0
2026-02-26 01:35:00,45.0,0.0,0.0,0.0,125.0,0.0,,10.0,45.0,0.0
2026-02-26 01:36:00,45.0,0.0,0.0,0.0,125.0,0.0,,10.0,45.0,0.0
2026-02-26 01:37:00,45.0,0.0,0.0,0.0,125.0,0.0,,10.0,45.0,0.0
2026-02-26 01:38:00,45.0,0.0,0.0,0.0,125.0,0.0,,10.0,45.0,0.0
2026-02-26 01:39:00,45.0,0.0,0.0,0.0,125.0,0.0,,10.0,45.0,0.0
2026-02-26 01:40:00,45.0,0.0,0.0,0.0,125.0,0.0,,10.0,45.0,0.0
2026-02-26 01:41:00,45.0,0.0,0.0,0.0,125.0,0.0,,10.0,45.0,0.0
2026-02-26 01:42:00,45.0,0.0,0.0,0.0,125.0,0.0,,10.0,45.0,0.0
2026-02-26 01:43:00,45.0,0.0,0.0,0.0,125.0,0.0,,10.0,45.0,0.0
2026-02-26 01:44:00,45.0,0.0,0.0,0.0,125.0,0.0,,10.0,45.0,0.0
2026-02-26 01:45:00,45.0,0.0,0.0,0.0,125.0,0.0,,10.0,45.0,0.0
2026-02-26 01:46:00,45.0,0.0,0.0,0.0,125.0,0.0,,10.0,45.0,0.0
2026-02-26 01:47:00,45.0,0.0,0.0,0.0,125.0,0.0,,10.0,45.0,0.0
2026-02-26 01:48:00,45.0,0.0,0.0,0.0,125.0,0.0,,10.0,45.0,0.0
2026-02-26 01:49:00,45.0,0.0,0.0,0.0,125.0,0.0,,10.0,45.0,0.0
2026-02-26 01:50:00,45.0,0.0,0.0,0.0,125.0,0.0,,10.0,45.0,0.0
2026-02-26 01:51:00,45.0,0.0,0.0,0.0,125.0,0.0,,10.0,45.0,0.0
2026-02-26 01:52:00,45.0,0.0,0.0,0.0,125.0,0.0,,10.0,45.0,0.0
2026-02-26 01:53:00,45.0,0.0,0.0,0.0,125.0,0.0,,10.0,45.0,0.0
2026-02-26 01:54:00,45.0,0.0,0.0,0.0,125.0,0.0,,10.0,45.0,0.0
2026-02-26 01:55:00,45.0,0.0,0.0,0.0,125.0,0.0,,10.0,45.0,0.0
2026-02-26 01:56:00,45.0,0.0,0.0,0.0,125.0,0.0,,10.0,45.0,0.0
2026-02-26 01:57:00,45.0,0.0,0.0,0.0,125.0,0.0,,10.0,45.0,0.0
2026-02-26 01:58:00,45.0,0.0,0.0,0.0,125.0,0.0,,10.0,45.0,0.0
2026-02-26 01:59:00,45.0,0.0,0.0,0.0,125.0,0.0,,10.0,45.0,0.0
2026-02-26 02:00:00,45.0,0.0,0.0,0.0,125.0,0.0,,10.0,45.0,0.0
2026-02-26 02:01:00,45.0,0.0,0.0,0.0,125.0,0.0,,10.0,45.0,0.0
2026-02-26 02:02:00,45.0,0.0,0.0,0.0,125.0,0.0,,10.0,45.0,0.0
2026-02-26 02:03:00,45.0,0.0,0.0,0.0,125.0,0.0,,10.0,45.0,0.0
2026-02-26 02:04:00,45.0,0.0,0.0,0.0,125.0,0.0,,10.0,45.0,0.0
2026-02-26 02:05:00,45.0,0.0,0.0,0.0,125.0,0.0,,10.0,45.0,0.0
2026-02-26 02:06:00,45.0,0.0,0.0,0.0,125.0,0.0,,10.0,45.0,0.0
2026-02-26 02:07:00,45.0,0.0,0.0,0.0,125.0,0.0,,10.0,45.0,0.0
2026-02-26 02:08:00,45.0,0.0,0.0,0.0,125.0,0.0,,10.0,45.0,0.0
2026-02-26 02:09:00,45.0,0.0,0.0,0.0,125.0,0.0,,10.0,45.0,0.0
2026-02-26 02:10:00,45.0,0.0,0.0,0.0,125.0,0.0,,10.0,45.0,0.0
2026-02-26 02:11:00,45.0,0.0,0.0,0.0,125.0,0.0,,10.0,45.0,0.0
2026-02-26 02:12:00,45.0,0.0,0.0,0.0,125.0,0.0,,10.0,45.0,0.0
2026-02-26 02:13:00,45.0,0.0,0.0,0.0,125.0,0.0,,10.0,45.0,0.0
2026-02-26 02:14:00,45.0,0.0,0.0,0.0,125.0,0.0,,10.0,45.0,0.0
2026-02-26 02:15:00,45.0,0.0,0.0,0.0,125.0,0.0,,10.0,45.0,0.0
2026-02-26 02:16:00,45.0,0.0,0.0,0.0,125.0,0.0,,10.0,45.0,0.0
2026-02-26 02:17:00,45.0,0.0,0.0,0.0,125.0,0.0,,10.0,45.0,0.0
2026-02-26 02:18:00,45.0,0.0,0.0,0.0,125.0,0.0,,10.0,45.0,0.0
2026-02-26 02:19:00,45.0,0.0,0.0,0.0,125.0,0.0,,10.0,45.0,0.0
2026-02-26 02:20:00,45.0,0.0,0.0,0.0,125.0,0.0,,10.0,45.0,0.0
2026-02-26 02:21:00,45.0,0.0,0.0,0.0,125.0,0.0,,10.0,45.0,0.0
2026-02-26 02:22:00,45.0,0.0,0.0,0.0,125.0,0.0,,10.0,45.0,0.0
2026-02-26 02:23:00,45.0,0.0,0.0,0.0,125.0,0.0,,10.0,45.0,0.0
2026-02-26 02:24:00,45.0,0.0,0.0,0.0,125.0,0.0,,10.0,45.0,0.0
2026-02-26 02:25:00,45.0,0.0,0.0,0.0,125.0,0.0,,10.0,45.0,0.0
2026-02-26 02:26:00,45.0,0.0,0.0,0.0,125.0,0.0,,10.0,45.0,0.0
2026-02-26 02:27:00,45.0,0.0,0.0,0.0,125.0,0.0,,10.0,45.0,0.0
2026-02-26 02:28:00,45.0,0.0,0.0,0.0,125.0,0.0,,10.0,45.0,0.0
2026-02-26 02:29:00,45.0,0.0,0.0,0.0,125.0,0.0,,10.0,45.0,0.0
2026-02-26 02:30:00,45.0,0.0,0.0,0.0,125.0,0.0,,10.0,45.0,0.0
2026-02-26 02:31:00,45.0,0.0,0.0,0.0,125.0,0.0,,10.0,45.0,0.0
2026-02-26 02:32:00,45.0,0.0,0.0,0.0,125.0,0.0,,10.0,45.0,0.0
2026-02-26 02:33:00,45.0,0.0,0.0,0.0,125.0,0.0,,10.0,45.0,0.0
2026-02-26 02:34:00,45.0,0.0,0.0,0.0,125.0,0.0,,10.0,45.0,0.0
2026-02-26 02:35:00,45.0,0.0,0.0,0.0,125.0,0.0,,10.0,45.0,0.0
2026-02-26 02:36:00,45.0,0.0,0.0,0.0,125.0,0.0,,10.0,45.0,0.0
2026-02-26 02:37:00,45.0,0.0,0.0,0.0,125.0,0.0,,10.0,45.0,0.0
2026-02-26 02:38:00,45.0,0.0,0.0,0.0,125.0,0.0,,10.0,45.0,0.0
2026-02-26 02:39:00,45.0,0.0,0.0,0.0,125.0,0.0,,10.0,45.0,0.0
2026-02-26 02:40:00,45.0,0.0,0.0,0.0,125.0,0.0,,10.0,45.0,0.0
2026-02-26 02:41:00,45.0,0.0,0.0,0.0,125.0,0.0,,10.0,45.0,0.0
2026-02-26 02:42:00,45.0,0.0,0.0,0.0,125.0,0.0,,10.0,45.0,0.0
2026-02-26 02:43:00,45.0,0.0,0.0,0.0,125.0,0.0,,10.0,45.0,0.0
2026-02-26 02:44:00,45.0,0.0,0.0,0.0,125.0,0.0,,10.0,45.0,0.0
2026-02-26 02:45:00,45.0,0.0,0.0,0.0,125.0,0.0,,10.0,45.0,0.0
2026-02-26 02:46:00,45.0,0.0,0.0,0.0,125.0,0.0,,10.0,45.0,0.0
2026-02-26 02:47:00,45.0,0.0,0.0,0.0,125.0,0.0,,10.0,45.0,0.0
2026-02-26 02:48:00,45.0,0.0,0.0,0.0,125.0,0.0,,10.0,45.0,0.0
2026-02-26 02:49:00,45.0,0.0,0.0,0.0,125.0,0.0,,10.0,45.0,0.0
2026-02-26 02:50:00,45.0,0.0,0.0,0.0,125.0,0.0,,10.0,45.0,0.0
2026-02-26 02:51:00,45.0,0.0,0.0,0.0,125.0,0.0,,10.0,45.0,0.0
2026-02-26 02:52:00,45.0,0.0,0.0,0.0,125.0,0.0,,10.0,45.0,0.0
2026-02-26 02:53:00,45.0,0.0,0.0,0.0,125.0,0.0,,10.0,45.0,0.0
2026-02-26 02:54:00,45.0,0.0,0.0,0.0,125.0,0.0,,10.0,45.0,0.0
2026-02-26 02:55:00,45.0,0.0,0.0,0.0,125.0,0.0,,10.0,45.0,0.0
2026-02-26 02:56:00,45.0,0.0,0.0,0.0,125.0,0.0,,10.0,45.0,0.0
2026-02-26 02:57:00,45.0,0.0,0.0,0.0,125.0,0.0,,10.0,45.0,0.0
2026-02-26 02:58:00,45.0,0.0,0.0,0.0,125.0,0.0,,10.0,45.0,0.0
2026-02-26 02:59:00,45.0,0.0,0.0,0.0,125.0,0.0,,10.0,45.0,0.0
2026-02-26 03:00:00,45.0,0.0,0.0,0.0,125.0,0.0,,10.0,45.0,0.0
2026-02-26 03:01:00,45.0,0.0,0.0,0.0,125.0,0.0,,10.0,45.0,0.0
2026-02-26 03:02:00,45.0,0.0,0.0,0.0,125.0,0.0,,10.0,45.0,0.0
2026-02-26 03:03:00,45.0,0.0,0.0,0.0,125.0,0.0,,10.0,45.0,0.0
2026-02-26 03:04:00,45.0,0.0,0.0,0.0,125.0,0.0,,10.0,45.0,0.0
2026-02-26 03:05:00,45.0,0.0,0.0,0.0,125.0,0.0,,10.0,45.0,0.0
2026-02-26 03:06:00,45.0,0.0,0.0,0.0,125.0,0.0,,10.0,45.0,0.0
2026-02-26 03:07:00,45.0,0.0,0.0,0.0,125.0,0.0,,10.0,45.0,0.0
2026-02-26 03:08:00,45.0,0.0,0.0,0.0,125.0,0.0,,10.0,45.0,0.0
2026-02-26 03:09:00,45.0,0.0,0.0,0.0,125.0,0.0,,10.0,45.0,0.0
2026-02-26 03:10:00,45.0,0.0,0.0,0.0,125.0,0.0,,10.0,45.0,0.0
2026-02-26 03:11:00,45.0,0.0,0.0,0.0,125.0,0.0,,10.0,45.0,0.0
2026-02-26 03:12:00,45.0,0.0,0.0,0.0,125.0,0.0,,10.0,45.0,0.0
2026-02-26 03:13:00,45.0,0.0,0.0,0.0,125.0,0.0,,10.0,45.0,0.0
2026-02-26 03:14:00,45.0,0.0,0.0,0.0,125.0,0.0,,10.0,45.0,0.0
2026-02-26 03:15:00,45.0,0.0,0.0,0.0,125.0,0.0,,10.0,45.0,0.0
2026-02-26 03:16:00,45.0,0.0,0.0,0.0,125.0,0.0,,10.0,45.0,0.0
2026-02-26 03:17:00,45.0,0.0,0.0,0.0,125.0,0.0,,10.0,45.0,0.0
2026-02-26 03:18:00,45.0,0.0,0.0,0.0,125.0,0.0,,10.0,45.0,0.0
2026-02-26 03:19:00,45.0,0.0,0.0,0.0,125.0,0.0,,10.0,45.0,0.0
2026-02-26 03:20:00,45.0,0.0,0.0,0.0,125.0,0.0,,10.0,45.0,0.0
2026-02-26 03:21:00,45.0,0.0,0.0,0.0,125.0,0.0,,10.0,45.0,0.0
2026-02-26 03:22:00,45.0,0.0,0.0,0.0,125.0,0.0,,10.0,45.0,0.0
2026-02-26 03:23:00,45.0,0.0,0.0,0.0,125.0,0.0,,10.0,45.0,0.0
2026-02-26 03:24:00,45.0,0.0,0.0,0.0,125.0,0.0,,10.0,45.0,0.0
2026-02-26 03:25:00,45.0,0.0,0.0,0.0,125.0,0.0,,10.0,45.0,0.0
2026-02-26 03:26:00,45.0,0.0,0.0,0.0,125.0,0.0,,10.0,45.0,0.0
2026-02-26 03:27:00,45.0,0.0,0.0,0.0,125.0,0.0,,10.0,45.0,0.0
2026-02-26 03:28:00,45.0,0.0,0.0,0.0,125.0,0.0,,10.0,45.0,0.0
2026-02-26 03:29:00,45.0,0.0,0.0,0.0,125.0,0.0,,10.0,45.0,0.0
2026-02-26 03:30:00,45.0,0.0,0.0,0.0,125.0,0.0,,10.0,45.0,0.0
2026-02-26 03:31:00,45.0,0.0,0.0,0.0,125.0,0.0,,10.0,45.0,0.0
2026-02-26 03:32:00,45.0,0.0,0.0,0.0,125.0,0.0,,10.0,45.0,0.0
2026-02-26 03:33:00,45.0,0.0,0.0,0.0,125.0,0.0,,10.0,45.0,0.0
2026-02-26 03:34:00,45.0,0.0,0.0,0.0,125.0,0.0,,10.0,45.0,0.0
2026-02-26 03:35:00,45.0,0.0,0.0,0.0,125.0,0.0,,10.0,45.0,0.0
2026-02-26 03:36:00,45.0,0.0,0.0,0.0,125.0,0.0,,10.0,45.0,0.0
2026-02-26 03:37:00,45.0,0.0,0.0,0.0,125.0,0.0,,10.0,45.0,0.0
2026-02-26 03:38:00,45.0,0.0,0.0,0.0,125.0,0.0,,10.0,45.0,0.0
2026-02-26 03:39:00,45.0,0.0,0.0,0.0,125.0,0.0,,10.0,45.0,0.0
2026-02-26 03:40:00,45.0,0.0,0.0,0.0,125.0,0.0,,10.0,45.0,0.0
2026-02-26 03:41:00,45.0,0.0,0.0,0.0,125.0,0.0,,10.0,45.0,0.0
2026-02-26 03:42:00,45.0,0.0,0.0,0.0,125.0,0.0,,10.0,45.0,0.0
2026-02-26 03:43:00,45.0,0.0,0.0,0.0,125.0,0.0,,10.0,45.0,0.0
2026-02-26 03:44:00,45.001,0.0,0.0,0.0,125.0,0.0,,10.0,45.001,0.0
2026-02-26 03:45:00,45.001,0.0,0.0,0.0,125.0,0.0,,10.0,45.001,0.0
2026-02-26 03:46:00,45.001,0.0,0.0,0.0,125.0,0.0,,10.0,45.001,0.0
2026-02-26 03:47:00,45.001,0.0,0.0,0.0,125.0,0.0,,10.0,45.001,0.0
2026-02-26 03:48:00,45.001,0.0,0.0,0.0,125.0,0.0,,10.0,45.001,0.0
2026-02-26 03:49:00,45.001,0.0,0.0,0.0,125.0,0.0,,10.0,45.001,0.0
2026-02-26 03:50:00,45.001,0.0,0.0,0.0,125.0,0.0,,10.0,45.001,0.0
2026-02-26 03:51:00,45.001,0.0,0.0,0.0,125.0,0.0,,10.0,45.001,0.0
2026-02-26 03:52:00,45.001,0.0,0.0,0.0,125.0,0.0,,10.0,45.001,0.0
2026-02-26 03:53:00,45.001,0.0,0.0,0.0,125.0,0.0,,10.0,45.001,0.0
2026-02-26 03:54:00,45.001,0.0,0.0,0.0,125.0,0.0,,10.0,45.001,0.0
2026-02-26 03:55:00,45.001,0.0,0.0,0.0,125.0,0.0,,10.0,45.001,0.0
2026-02-26 03:56:00,45.001,0.0,0.0,0.0,125.0,0.0,,10.0,45.001,0.0
2026-02-26 03:57:00,45.001,0.0,0.0,0.0,125.0,0.0,,10.0,45.001,0.0
2026-02-26 03:58:00,45.001,0.0,0.0,0.0,125.0,0.0,,10.0,45.001,0.0
2026-02-26 03:59:00,45.001,0.0,0.0,0.0,125.0,0.0,,10.0,45.001,0.0
2026-02-26 04:00:00,45.002,0.0,0.0,0.0,125.0,0.0,,10.0,45.002,0.0
2026-02-26 04:01:00,45.002,0.0,0.0,0.0,125.0,0.0,,10.0,45.002,0.0
2026-02-26 04:02:00,45.002,0.0,0.0,0.0,125.0,0.0,,10.0,45.002,0.0
2026-02-26 04:03:00,45.002,0.0,0.0,0.0,125.0,0.0,,10.0,45.002,0.0
2026-02-26 04:04:00,45.002,0.0,0.0,0.0,125.0,0.0,,10.0,45.002,0.0
2026-02-26 04:05:00,45.002,0.0,0.0,0.0,125.0,0.0,,10.0,45.002,0.0
2026-02-26 04:06:00,45.002,0.0,0.0,0.0,125.0,0.0,,10.0,45.002,0.0
2026-02-26 04:07:00,45.002,0.0,0.0,0.0,125.0,0.0,,10.0,45.002,0.0
2026-02-26 04:08:00,45.002,0.0,0.0,0.0,125.0,0.0,,10.0,45.002,0.0
2026-02-26 04:09:00,45.003,0.0,0.0,0.0,125.0,0.0,,10.0,45.003,0.0
2026-02-26 04:10:00,45.003,0.0,0.0,0.0,125.0,0.0,,10.0,45.003,0.0
2026-02-26 04:11:00,45.003,0.0,0.0,0.0,125.0,0.0,,10.0,45.003,0.0
2026-02-26 04:12:00,45.003,0.0,0.0,0.0,125.0,0.0,,10.0,45.003,0.0
2026-02-26 04:13:00,45.003,0.0,0.0,0.0,125.0,0.0,,10.0,45.003,0.0
2026-02-26 04:14:00,45.004,0.0,0.0,0.0,125.0,0.0,,10.0,45.004,0.0
2026-02-26 04:15:00,45.004,0.0,0.0,0.0,125.0,0.0,,10.0,45.004,0.0
2026-02-26 04:16:00,45.004,0.0,0.0,0.0,125.0,0.0,,10.0,45.004,0.0
2026-02-26 04:17:00,45.004,0.0,0.0,0.0,125.0,0.0,,10.0,45.004,0.0
2026-02-26 04:18:00,45.005,0.0,0.0,0.0,125.0,0.0,,10.0,45.005,0.0
2026-02-26 04:19:00,45.005,0.0,0.0,0.0,125.0,0.0,,10.0,45.005,0.0
2026-02-26 04:20:00,45.005,0.0,0.0,0.0,125.0,0.0,,10.0,45.005,0.0
2026-02-26 04:21:00,45.006,0.0,0.0,0.0,125.0,0.0,,10.0,45.006,0.0
2026-02-26 04:22:00,45.006,0.0,0.0,0.0,125.0,0.0,,10.0,45.006,0.0
2026-02-26 04:23:00,45.006,0.0,0.0,0.0,125.0,0.0,,10.0,45.006,0.0
2026-02-26 04:24:00,45.007,0.0,0.0,0.0,125.0,0.0,,10.0,45.007,0.0
2026-02-26 04:25:00,45.007,0.0,0.0,0.0,125.0,0.0,,10.0,45.007,0.0
2026-02-26 04:26:00,45.007,0.0,0.0,0.0,125.0,0.0,,10.0,45.007,0.0
2026-02-26 04:27:00,45.008,0.0,0.0,0.0,125.0,0.0,,10.0,45.008,0.0
2026-02-26 04:28:00,45.008,0.0,0.0,0.0,125.0,0.0,,10.0,45.008,0.0
2026-02-26 04:29:00,45.009,0.0,0.0,0.0,125.0,0.0,,10.0,45.009,0.0
2026-02-26 04:30:00,45.009,0.0,0.0,0.0,125.0,0.0,,10.0,45.009,0.0
2026-02-26 04:31:00,45.01,0.0,0.0,0.0,125.0,0.0,,10.0,45.01,0.0
2026-02-26 04:32:00,45.01,0.0,0.0,0.0,125.0,0.0,,10.0,45.01,0.0
2026-02-26 04:33:00,45.011,0.0,0.0,0.0,125.0,0.0,,10.0,45.011,0.0
2026-02-26 04:34:00,45.012,0.0,0.0,0.0,125.0,0.0,,10.0,45.012,0.0
2026-02-26 04:35:00,45.012,0.0,0.0,0.0,125.0,0.0,,10.0,45.012,0.0
2026-02-26 04:36:00,45.013,0.0,0.0,0.0,125.0,0.0,,10.0,45.013,0.0
2026-02-26 04:37:00,45.014,0.0,0.0,0.0,125.0,0.0,,10.0,45.014,0.0
2026-02-26 04:38:00,45.015,0.0,0.0,0.0,125.0,0.0,,10.0,45.015,0.0
2026-02-26 04:39:00,45.016,0.0,0.0,0.0,125.0,0.0,,10.0,45.016,0.0
2026-02-26 04:40:00,45.017,0.0,0.0,0.0,125.0,0.0,,10.0,45.017,0.0
2026-02-26 04:41:00,45.017,0.0,0.0,0.0,125.0,0.0,,10.0,45.017,0.0
2026-02-26 04:42:00,45.018,0.0,0.0,0.0,125.0,0.0,,10.0,45.018,0.0
2026-02-26 04:43:00,45.02,0.0,0.0,0.0,125.0,0.0,,10.0,45.02,0.0
2026-02-26 04:44:00,45.021,0.0,0.0,0.0,125.0,0.0,,10.0,45.021,0.0
2026-02-26 04:45:00,45.022,0.0,0.0,0.0,125.0,0.0,,10.0,45.022,0.0
2026-02-26 04:46:00,45.023,0.0,0.0,0.0,125.0,0.0,,10.0,45.023,0.0
2026-02-26 04:47:00,45.024,0.0,0.0,0.0,125.0,0.0,,10.0,45.024,0.0
2026-02-26 04:48:00,45.026,0.0,0.0,0.0,125.0,0.0,,10.0,45.026,0.0
2026-02-26 04:49:00,45.027,0.0,0.0,0.0,125.0,0.0,,10.0,45.027,0.0
2026-02-26 04:50:00,45.029,0.0,0.0,0.0,125.0,0.0,,10.0,45.029,0.0
2026-02-26 04:51:00,45.03,0.0,0.0,0.0,125.0,0.0,,10.0,45.03,0.0
2026-02-26 04:52:00,45.032,0.0,0.0,0.0,125.0,0.0,,10.0,45.032,0.0
2026-02-26 04:53:00,45.034,0.0,0.0,0.0,125.0,0.0,,10.0,45.034,0.0
2026-02-26 04:54:00,45.035,0.0,0.0,0.0,125.0,0.0,,10.0,45.035,0.0
2026-02-26 04:55:00,45.037,0.0,0.0,0.0,125.0,0.0,,10.0,45.037,0.0
2026-02-26 04:56:00,45.039,0.0,0.0,0.0,125.0,0.0,,10.0,45.039,0.0
2026-02-26 04:57:00,45.042,0.0,0.0,0.0,125.0,0.0,,10.0,45.042,0.0
2026-02-26 04:58:00,45.044,0.0,0.0,0.0,125.0,0.0,,10.0,45.044,0.0
2026-02-26 04:59:00,45.046,0.0,0.0,0.0,125.0,0.0,,10.0,45.046,0.0
2026-02-26 05:00:00,45.049,-100.0,-100.0,-100.0,125.0,-100.0,,10.64,145.049,0.0
2026-02-26 05:01:00,45.051,-100.0,-100.0,-100.0,125.0,-100.0,,11.28,145.051,0.0
2026-02-26 05:02:00,45.054,-100.0,-100.0,-100.0,125.0,-100.0,,11.92,145.054,0.0
2026-02-26 05:03:00,45.057,-100.0,-100.0,-100.0,125.0,-100.0,,12.56,145.057,0.0
2026-02-26 05:04:00,45.06,-100.0,-100.0,-100.0,125.0,-100.0,,13.21,145.06,0.0
2026-02-26 05:05:00,45.063,-100.0,-100.0,-100.0,125.0,-100.0,,13.85,145.063,0.0
2026-02-26 05:06:00,45.066,-100.0,-100.0,-100.0,125.0,-100.0,,14.49,145.066,0.0
2026-02-26 05:07:00,45.07,-100.0,-100.0,-100.0,125.0,-100.0,,15.13,145.07,0.0
2026-02-26 05:08:00,45.073,-100.0,-100.0,-100.0,125.0,-100.0,,15.77,145.073,0.0
2026-02-26 05:09:00,45.077,-100.0,-100.0,-100.0,125.0,-100.0,,16.41,145.077,0.0
2026-02-26 05:10:00,45.081,-100.0,-100.0,-100.0,125.0,-100.0,,17.05,145.081,0.0
2026-02-26 05:11:00,45.085,-100.0,-100.0,-100.0,125.0,-100.0,,17.69,145.085,0.0
2026-02-26 05:12:00,45.09,-100.0,-100.0,-100.0,125.0,-100.0,,18.33,145.09,0.0
2026-02-26 05:13:00,45.094,-100.0,-100.0,-100.0,125.0,-100.0,,18.97,145.094,0.0
2026-02-26 05:14:00,45.099,-100.0,-100.0,-100.0,125.0,-100.0,,19.62,145.099,0.0
2026-02-26 05:15:00,45.104,-100.0,-100.0,-100.0,125.0,-100.0,,20.26,145.104,0.0
2026-02-26 05:16:00,45.109,-100.0,-100.0,-100.0,125.0,-100.0,,20.9,145.109,0.0
2026-02-26 05:17:00,45.115,-100.0,-100.0,-100.0,125.0,-100.0,,21.54,145.115,0.0
2026-02-26 05:18:00,45.12,-100.0,-100.0,-100.0,125.0,-100.0,,22.18,145.12,0.0
2026-02-26 05:19:00,45.126,-100.0,-100.0,-100.0,125.0,-100.0,,22.82,145.126,0.0
2026-02-26 05:20:00,45.133,-100.0,-100.0,-100.0,125.0,-100.0,,23.46,145.133,0.0
2026-02-26 05:21:00,45.139,-100.0,-100.0,-100.0,125.0,-100.0,,24.1,145.139,0.0
2026-02-26 05:22:00,45.146,-100.0,-100.0,-100.0,125.0,-100.0,,24.74,145.146,0.0
2026-02-26 05:23:00,45.153,-100.0,-100.0,-100.0,125.0,-100.0,,25.38,145.153,0.0
2026-02-26 05:24:00,45.16,-100.0,-100.0,-100.0,125.0,-100.0,,26.03,145.16,0.0
2026-02-26 05:25:00,45.168,-100.0,-100.0,-100.0,125.0,-100.0,,26.67,145.168,0.0
2026-02-26 05:26:00,45.176,-100.0,-100.0,-100.0,125.0,-100.0,,27.31,145.176,0.0
2026-02-26 05:27:00,45.185,-100.0,-100.0,-100.0,125.0,-100.0,,27.95,145.185,0.0
2026-02-26 05:28:00,45.194,-100.0,-100.0,-100.0,125.0,-100.0,,28.59,145.194,0.0
2026-02-26 05:29:00,45.203,-100.0,-100.0,-100.0,125.0,-100.0,,29.23,145.203,0.0
2026-02-26 05:30:00,45.213,-100.0,-100.0,-100.0,125.0,-100.0,,29.87,145.213,0.0
2026-02-26 05:31:00,45.223,-100.0,-100.0,-100.0,125.0,-100.0,,30.51,145.223,0.0
2026-02-26 05:32:00,45.233,-100.0,-100.0,-100.0,125.0,-100.0,,31.15,145.233,0.0
2026-02-26 05:33:00,45.244,-100.0,-100.0,-100.0,125.0,-100.0,,31.79,145.244,0.0
2026-02-26 05:34:00,45.255,-100.0,-100.0,-100.0,125.0,-100.0,,32.44,145.255,0.0
2026-02-26 05:35:00,45.267,-100.0,-100.0,-100.0,125.0,-100.0,,33.08,145.267,0.0
2026-02-26 05:36:00,45.28,-100.0,-100.0,-100.0,125.0,-100.0,,33.72,145.28,0.0
2026-02-26 05:37:00,45.293,-100.0,-100.0,-100.0,125.0,-100.0,,34.36,145.293,0.0
2026-02-26 05:38:00,45.306,-100.0,-100.0,-100.0,125.0,-100.0,,35.0,145.306,0.0
2026-02-26 05:39:00,45.32,-100.0,-100.0,-100.0,125.0,-100.0,,35.64,145.32,0.0
2026-02-26 05:40:00,45.335,-100.0,-100.0,-100.0,125.0,-100.0,,36.28,145.335,0.0
2026-02-26 05:41:00,45.35,-100.0,-100.0,-100.0,125.0,-100.0,,36.92,145.35,0.0
2026-02-26 05:42:00,45.365,-100.0,-100.0,-100.0,125.0,-100.0,,37.56,145.365,0.0
2026-02-26 05:43:00,45.382,-100.0,-100.0,-100.0,125.0,-100.0,,38.21,145.382,0.0
2026-02-26 05:44:00,45.399,-100.0,-100.0,-100.0,125.0,-100.0,,38.85,145.399,0.0
2026-02-26 05:45:00,45.417,-100.0,-100.0,-100.0,125.0,-100.0,,39.49,145.417,0.0
2026-02-26 05:46:00,45.435,-100.0,-100.0,-100.0,125.0,-100.0,,40.13,145.435,0.0
2026-02-26 05:47:00,45.454,-100.0,-100.0,-100.0,125.0,-100.0,,40.77,145.454,0.0
2026-02-26 05:48:00,45.474,-100.0,-100.0,-100.0,125.0,-100.0,,41.41,145.474,0.0
2026-02-26 05:49:00,45.495,-100.0,-100.0,-100.0,125.0,-100.0,,42.05,145.495,0.0
2026-02-26 05:50:00,45.516,-100.0,-100.0,-100.0,125.0,-100.0,,42.69,145.516,0.0
2026-02-26 05:51:00,45.539,-100.0,-100.0,-100.0,125.0,-100.0,,43.33,145.539,0.0
2026-02-26 05:52:00,45.562,-100.0,-100.0,-100.0,125.0,-100.0,,43.97,145.562,0.0
2026-02-26 05:53:00,45.586,-100.0,-100.0,-100.0,125.0,-100.0,,44.62,145.586,0.0
2026-02-26 05:54:00,45.611,-100.0,-100.0,-100.0,125.0,-100.0,,45.26,145.611,0.0
2026-02-26 05:55:00,45.637,-100.0,-100.0,-100.0,125.0,-100.0,,45.9,145.637,0.0
2026-02-26 05:56:00,45.664,-100.0,-100.0,-100.0,125.0,-100.0,,46.54,145.664,0.0
2026-02-26 05:57:00,45.692,-100.0,-100.0,-100.0,125.0,-100.0,,47.18,145.692,0.0
2026-02-26 05:58:00,45.721,-100.0,-100.0,-100.0,125.0,-100.0,,47.82,145.721,0.0
2026-02-26 05:59:00,45.751,-100.0,-100.0,-100.0,125.0,-100.0,,48.46,145.751,0.0
2026-02-26 06:00:00,45.782,-100.0,-100.0,-100.0,125.0,-100.0,,49.1,145.782,0.0
2026-02-26 06:01:00,45.814,-100.0,-99.695,-99.695,125.0,-100.0,,49.74,145.509,0.305
2026-02-26 06:02:00,45.847,-100.0,-99.389,-99.389,125.0,-100.0,,50.38,145.237,0.611
2026-02-26 06:03:00,45.882,-100.0,-99.084,-99.084,125.0,-100.0,,51.03,144.966,0.916
2026-02-26 06:04:00,45.918,-100.0,-98.778,-98.778,125.0,-100.0,,51.67,144.696,1.222
2026-02-26 06:05:00,45.955,-100.0,-98.473,-98.473,125.0,-100.0,,52.31,144.428,1.527
2026-02-26 06:06:00,45.993,-100.0,-98.168,-98.168,125.0,-100.0,,52.95,144.161,1.832
2026-02-26 06:07:00,46.033,-100.0,-97.862,-97.862,125.0,-100.0,,53.59,143.896,2.138
2026-02-26 06:08:00,46.074,-100.0,-97.557,-97.557,125.0,-100.0,,54.23,143.631,2.443
2026-02-26 06:09:00,46.117,-100.0,-97.252,-97.252,125.0,-100.0,,54.87,143.369,2.748
2026-02-26 06:10:00,46.161,-100.0,-96.947,-96.947,125.0,-100.0,,55.51,143.108,3.053
2026-02-26 06:11:00,46.207,-100.0,-96.642,-96.642,125.0,-100.0,,56.15,142.848,3.358
2026-02-26 06:12:00,46.254,-100.0,-96.336,-96.336,125.0,-100.0,,56.79,142.59,3.664
2026-02-26 06:13:00,46.302,-100.0,-96.032,-96.032,125.0,-100.0,,57.44,142.334,3.968
2026-02-26 06:14:00,46.353,-100.0,-95.727,-95.727,125.0,-100.0,,58.08,142.079,4.273
2026-02-26 06:15:00,46.405,-100.0,-95.422,-95.422,125.0,-100.0,,58.72,141.826,4.578
2026-02-26 06:16:00,46.458,-100.0,-95.117,-95.117,125.0,-100.0,,59.36,141.575,4.883
2026-02-26 06:17:00,46.514,-100.0,-94.812,-94.812,125.0,-100.0,,60.0,141.326,5.188
2026-02-26 06:18:00,46.571,-100.0,-94.508,-94.508,125.0,-100.0,,60.64,141.079,5.492
2026-02-26 06:19:00,46.63,-100.0,-94.203,-94.203,125.0,-100.0,,61.28,140.834,5.797
2026-02-26 06:20:00,46.691,-100.0,-93.899,-93.899,125.0,-100.0,,61.92,140.59,6.101
2026-02-26 06:21:00,46.754,-100.0,-93.595,-93.595,125.0,-100.0,,62.56,140.349,6.405
2026-02-26 06:22:00,46.819,-100.0,-93.291,-93.291,125.0,-100.0,,63.21,140.11,6.709
2026-02-26 06:23:00,46.886,-100.0,-92.987,-92.987,125.0,-100.0,,63.85,139.873,7.013
2026-02-26 06:24:00,46.955,-100.0,-92.683,-92.683,125.0,-100.0,,64.49,139.638,7.317
2026-02-26 06:25:00,47.027,-100.0,-92.379,-92.379,125.0,-100.0,,65.13,139.406,7.621
2026-02-26 06:26:00,47.1,-100.0,-92.076,-92.076,125.0,-100.0,,65.77,139.176,7.924
2026-02-26 06:27:00,47.176,-100.0,-91.772,-91.772,125.0,-100.0,,66.41,138.948,8.228
2026-02-26 06:28:00,47.254,-100.0,-91.469,-91.469,125.0,-100.0,,67.05,138.723,8.531
2026-02-26 06:29:00,47.334,-100.0,-91.166,-91.166,125.0,-100.0,,67.69,138.5,8.834
2026-02-26 06:30:00,47.417,-100.0,-90.863,-90.863,125.0,-100.0,,68.33,138.28,9.137
2026-02-26 06:31:00,47.502,-100.0,-90.56,-90.56,125.0,-100.0,,68.97,138.062,9.44
2026-02-26 06:32:00,47.589,-100.0,-90.258,-90.258,125.0,-100.0,,69.62,137.847,9.742
2026-02-26 06:33:00,47.68,-100.0,-89.956,-89.956,125.0,-100.0,,70.26,137.635,10.044
2026-02-26 06:34:00,47.772,-100.0,-89.653,-89.653,125.0,-100.0,,70.9,137.426,10.347
2026-02-26 06:35:00,47.868,-100.0,-89.351,-89.351,125.0,-100.0,,71.54,137.219,10.649
2026-02-26 06:36:00,47.966,-100.0,-89.05,-89.05,125.0,-100.0,,72.18,137.016,10.95
2026-02-26 06:37:00,48.067,-100.0,-88.748,-88.748,125.0,-100.0,,72.82,136.815,11.252
2026-02-26 06:38:00,48.171,-100.0,-88.447,-88.447,125.0,-100.0,,73.46,136.617,11.553
2026-02-26 06:39:00,48.277,-100.0,-88.146,-88.146,125.0,-100.0,,74.1,136.423,11.854
2026-02-26 06:40:00,48.387,-100.0,-87.845,-87.845,125.0,-100.0,,74.74,136.232,12.155
2026-02-26 06:41:00,48.499,-100.0,-87.544,-87.544,125.0,-100.0,,75.38,136.043,12.456
2026-02-26 06:42:00,48.615,-100.0,-87.244,-87.244,125.0,-100.0,,76.03,135.859,12.756
2026-02-26 06:43:00,48.734,-100.0,-86.943,-86.943,125.0,-100.0,,76.67,135.677,13.057
2026-02-26 06:44:00,48.856,-100.0,-86.643,-86.643,125.0,-100.0,,77.31,135.499,13.357
2026-02-26 06:45:00,48.981,-100.0,-86.344,-86.344,125.0,-100.0,,77.95,135.324,13.656
2026-02-26 06:46:00,49.109,-100.0,-86.044,-86.044,125.0,-100.0,,78.59,135.153,13.956
2026-02-26 06:47:00,49.241,-100.0,-85.745,-85.745,125.0,-100.0,,79.23,134.986,14.255
2026-02-26 06:48:00,49.376,-100.0,-85.446,-85.446,125.0,-100.0,,79.87,134.822,14.554
2026-02-26 06:49:00,49.514,-100.0,-85.148,-85.148,125.0,-100.0,,80.51,134.662,14.852
2026-02-26 06:50:00,49.656,-100.0,-84.849,-84.849,125.0,-100.0,,81.15,134.505,15.151
2026-02-26 06:51:00,49.802,-100.0,-84.551,-84.551,125.0,-100.0,,81.79,134.353,15.449
2026-02-26 06:52:00,49.951,-100.0,-84.253,-84.253,125.0,-100.0,,82.44,134.204,15.747
2026-02-26 06:53:00,50.103,-100.0,-83.956,-83.956,125.0,-100.0,,83.08,134.059,16.044
2026-02-26 06:54:00,50.26,-100.0,-83.659,-83.659,125.0,-100.0,,83.72,133.919,16.341
2026-02-26 06:55:00,50.42,-100.0,-83.362,-83.362,125.0,-100.0,,84.36,133.782,16.638
2026-02-26 06:56:00,50.584,-100.0,-83.065,-83.065,125.0,-100.0,,85.0,133.649,16.935
2026-02-26 06:57:00,50.752,-100.0,-82.769,-82.769,125.0,-100.0,,85.64,133.521,17.231
2026-02-26 06:58:00,50.924,-100.0,-82.473,-82.473,125.0,-100.0,,86.28,133.397,17.527
2026-02-26 06:59:00,51.099,-100.0,-82.178,-82.178,125.0,-100.0,,86.92,133.277,17.822
2026-02-26 07:00:00,51.279,-100.0,-81.883,-81.883,125.0,-100.0,,87.56,133.162,18.117
2026-02-26 07:01:00,51.463,-100.0,-81.588,-81.588,125.0,-100.0,,88.21,133.05,18.412
2026-02-26 07:02:00,51.65,-100.0,-81.293,-81.293,125.0,-100.0,,88.85,132.944,18.707
2026-02-26 07:03:00,51.842,-100.0,-80.999,-80.999,125.0,-100.0,,89.49,132.842,19.001
2026-02-26 07:04:00,52.038,-100.0,-80.705,-80.705,125.0,-100.0,,90.0,132.744,19.295
2026-02-26 07:05:00,52.239,-100.0,19.588,19.588,125.0,0.0,,90.0,32.651,19.588
2026-02-26 07:06:00,52.443,-100.0,19.881,19.881,125.0,0.0,,90.0,32.562,19.881
2026-02-26 07:07:00,52.652,-100.0,20.174,20.174,125.0,0.0,,90.0,32.479,20.174
2026-02-26 07:08:00,52.866,-100.0,20.466,20.466,125.0,0.0,,90.0,32.4,20.466
2026-02-26 07:09:00,53.083,-100.0,20.758,20.758,125.0,0.0,,90.0,32.325,20.758
2026-02-26 07:10:00,53.305,-100.0,21.049,21.049,125.0,0.0,,90.0,32.256,21.049
2026-02-26 07:11:00,53.532,-100.0,21.341,21.341,125.0,0.0,,90.0,32.191,21.341
2026-02-26 07:12:00,53.763,-100.0,21.631,21.631,125.0,0.0,,90.0,32.132,21.631
2026-02-26 07:13:00,53.998,-100.0,21.921,21.921,125.0,0.0,,90.0,32.077,21.921
2026-02-26 07:14:00,54.239,-100.0,22.211,22.211,125.0,0.0,,90.0,32.027,22.211
2026-02-26 07:15:00,54.483,-100.0,22.501,22.501,125.0,0.0,,90.0,31.982,22.501
2026-02-26 07:16:00,54.732,-100.0,22.79,22.79,125.0,0.0,,90.0,31.943,22.79
2026-02-26 07:17:00,54.986,-100.0,23.078,23.078,125.0,0.0,,90.0,31.908,23.078
2026-02-26 07:18:00,55.245,-100.0,23.366,23.366,125.0,0.0,,90.0,31.878,23.366
2026-02-26 07:19:00,55.508,-100.0,23.654,23.654,125.0,0.0,,90.0,31.854,23.654
2026-02-26 07:20:00,55.776,-100.0,23.941,23.941,125.0,0.0,,90.0,31.835,23.941
2026-02-26 07:21:00,56.049,-100.0,24.228,24.228,125.0,0.0,,90.0,31.82,24.228
2026-02-26 07:22:00,56.326,-100.0,24.515,24.515,125.0,0.0,,90.0,31.811,24.515
2026-02-26 07:23:00,56.608,-100.0,24.8,24.8,125.0,0.0,,90.0,31.807,24.8
2026-02-26 07:24:00,56.895,-100.0,25.086,25.086,125.0,0.0,,90.0,31.809,25.086
2026-02-26 07:25:00,57.186,-100.0,25.371,25.371,125.0,0.0,,90.0,31.815,25.371
2026-02-26 07:26:00,57.482,-100.0,25.655,25.655,125.0,0.0,,90.0,31.827,25.655
2026-02-26 07:27:00,57.783,-100.0,25.939,25.939,125.0,0.0,,90.0,31.844,25.939
2026-02-26 07:28:00,58.089,-100.0,26.222,26.222,125.0,0.0,,90.0,31.866,26.222
2026-02-26 07:29:00,58.399,-100.0,26.505,26.505,125.0,0.0,,90.0,31.894,26.505
2026-02-26 07:30:00,58.714,-100.0,26.788,26.788,125.0,0.0,,90.0,31.927,26.788
2026-02-26 07:31:00,59.034,-100.0,27.07,27.07,125.0,0.0,,90.0,31.964,27.07
2026-02-26 07:32:00,59.359,-100.0,27.351,27.351,125.0,0.0,,90.0,32.008,27.351
2026-02-26 07:33:00,59.688,-100.0,27.632,27.632,125.0,0.0,,90.0,32.056,27.632
2026-02-26 07:34:00,60.022,-100.0,27.912,27.912,125.0,0.0,,90.0,32.109,27.912
2026-02-26 07:35:00,60.36,-100.0,28.192,28.192,125.0,0.0,,90.0,32.168,28.192
2026-02-26 07:36:00,60.703,-100.0,28.472,28.472,125.0,0.0,,90.0,32.232,28.472
2026-02-26 07:37:00,61.051,-100.0,28.75,28.75,125.0,0.0,,90.0,32.3,28.75
2026-02-26 07:38:00,61.403,-100.0,29.029,29.029,125.0,0.0,,90.0,32.374,29.029
2026-02-26 07:39:00,61.759,-100.0,29.306,29.306,125.0,0.0,,90.0,32.453,29.306
2026-02-26 07:40:00,62.121,-100.0,29.583,29.583,125.0,0.0,,90.0,32.537,29.583
2026-02-26 07:41:00,62.486,-100.0,29.86,29.86,125.0,0.0,,90.0,32.626,29.86
2026-02-26 07:42:00,62.856,-100.0,30.136,30.136,125.0,0.0,,90.0,32.72,30.136
2026-02-26 07:43:00,63.23,-100.0,30.411,30.411,125.0,0.0,,90.0,32.819,30.411
2026-02-26 07:44:00,63.608,-100.0,30.686,30.686,125.0,0.0,,90.0,32.922,30.686
2026-02-26 07:45:00,63.991,-100.0,30.96,30.96,125.0,0.0,,90.0,33.031,30.96
2026-02-26 07:46:00,64.378,-100.0,31.234,31.234,125.0,0.0,,90.0,33.144,31.234
2026-02-26 07:47:00,64.768,-100.0,31.507,31.507,125.0,0.0,,90.0,33.262,31.507
2026-02-26 07:48:00,65.163,-100.0,31.779,31.779,125.0,0.0,,90.0,33.384,31.779
2026-02-26 07:49:00,65.562,-100.0,32.051,32.051,125.0,0.0,,90.0,33.511,32.051
2026-02-26 07:50:00,65.964,-100.0,32.322,32.322,125.0,0.0,,90.0,33.642,32.322
2026-02-26 07:51:00,66.371,-100.0,32.593,32.593,125.0,0.0,,90.0,33.778,32.593
2026-02-26 07:52:00,66.781,-100.0,32.863,32.863,125.0,0.0,,90.0,33.918,32.863
2026-02-26 07:53:00,67.194,-100.0,33.132,33.132,125.0,0.0,,90.0,34.062,33.132
2026-02-26 07:54:00,67.611,-100.0,33.401,33.401,125.0,0.0,,90.0,34.21,33.401
2026-02-26 07:55:00,68.032,-100.0,33.669,33.669,125.0,0.0,,90.0,34.362,33.669
2026-02-26 07:56:00,68.455,-100.0,33.937,33.937,125.0,0.0,,90.0,34.519,33.937
2026-02-26 07:57:00,68.882,-100.0,34.203,34.203,125.0,0.0,,90.0,34.679,34.203
2026-02-26 07:58:00,69.312,-100.0,34.47,34.47,125.0,0.0,,90.0,34.842,34.47
2026-02-26 07:59:00,69.745,-100.0,34.735,34.735,125.0,0.0,,90.0,35.01,34.735
2026-02-26 08:00:00,70.181,0.0,35.0,35.0,125.0,0.0,,90.0,35.181,35.0
2026-02-26 08:01:00,70.619,0.0,35.264,35.264,125.0,0.0,,90.0,35.355,35.264
2026-02-26 08:02:00,71.06,0.0,35.528,35.528,125.0,0.0,,90.0,35.533,35.528
2026-02-26 08:03:00,71.504,0.0,35.791,35.791,125.0,0.0,,90.0,35.714,35.791
2026-02-26 08:04:00,71.95,0.0,36.053,36.053,125.0,0.0,,90.0,35.897,36.053
2026-02-26 08:05:00,72.398,0.0,36.314,36.314,125.0,0.0,,90.0,36.084,36.314
2026-02-26 08:06:00,72.848,0.0,36.575,36.575,125.0,0.0,,90.0,36.274,36.575
2026-02-26 08:07:00,73.301,0.0,36.835,36.835,125.0,0.0,,90.0,36.466,36.835
2026-02-26 08:08:00,73.755,0.0,37.094,37.094,125.0,0.0,,90.0,36.66,37.094
2026-02-26 08:09:00,74.21,0.0,37.353,37.353,125.0,0.0,,90.0,36.857,37.353
2026-02-26 08:10:00,74.667,0.0,37.611,37.611,125.0,0.0,,90.0,37.056,37.611
2026-02-26 08:11:00,75.126,0.0,37.868,37.868,125.0,0.0,,90.0,37.258,37.868
2026-02-26 08:12:00,75.586,0.0,38.125,38.125,125.0,0.0,,90.0,37.461,38.125
2026-02-26 08:13:00,76.046,0.0,38.381,38.381,125.0,0.0,,90.0,37.666,38.381
2026-02-26 08:14:00,76.508,0.0,38.636,38.636,125.0,0.0,,90.0,37.872,38.636
2026-02-26 08:15:00,76.97,0.0,38.89,38.89,125.0,0.0,,90.0,38.08,38.89
2026-02-26 08:16:00,77.433,0.0,39.144,39.144,125.0,0.0,,90.0,38.289,39.144
2026-02-26 08:17:00,77.896,0.0,39.396,39.396,125.0,0.0,,90.0,38.5,39.396
2026-02-26 08:18:00,78.359,0.0,39.648,39.648,125.0,0.0,,90.0,38.711,39.648
2026-02-26 08:19:00,78.822,0.0,39.9,39.9,125.0,0.0,,90.0,38.923,39.9
2026-02-26 08:20:00,79.286,0.0,40.15,40.15,125.0,0.0,,90.0,39.135,40.15
2026-02-26 08:21:00,79.748,0.0,40.4,40.4,125.0,0.0,,90.0,39.348,40.4
2026-02-26 08:22:00,80.211,0.0,40.649,40.649,125.0,0.0,,90.0,39.561,40.649
2026-02-26 08:23:00,80.672,0.0,40.897,40.897,125.0,0.0,,90.0,39.775,40.897
2026-02-26 08:24:00,81.133,0.0,41.145,41.145,125.0,0.0,,90.0,39.988,41.145
2026-02-26 08:25:00,81.592,0.0,41.392,41.392,125.0,0.0,,90.0,40.2,41.392
2026-02-26 08:26:00,82.05,0.0,41.638,41.638,125.0,0.0,,90.0,40.413,41.638
2026-02-26 08:27:00,82.507,0.0,41.883,41.883,125.0,0.0,,90.0,40.624,41.883
2026-02-26 08:28:00,82.962,0.0,42.127,42.127,125.0,0.0,,90.0,40.835,42.127
2026-02-26 08:29:00,83.415,0.0,42.371,42.371,125.0,0.0,,90.0,41.044,42.371
2026-02-26 08:30:00,83.866,0.0,42.613,42.613,125.0,0.0,,90.0,41.252,42.613
2026-02-26 08:31:00,84.314,0.0,42.855,42.855,125.0,0.0,,90.0,41.459,42.855
2026-02-26 08:32:00,84.76,0.0,43.096,43.096,125.0,0.0,,90.0,41.664,43.096
2026-02-26 08:33:00,85.204,0.0,43.337,43.337,125.0,0.0,,90.0,41.867,43.337
2026-02-26 08:34:00,85.645,0.0,43.576,43.576,125.0,0.0,,90.0,42.068,43.576
2026-02-26 08:35:00,86.082,0.0,43.815,43.815,125.0,0.0,,90.0,42.267,43.815
2026-02-26 08:36:00,86.516,0.0,44.052,44.052,125.0,0.0,,90.0,42.464,44.052
2026-02-26 08:37:00,86.947,0.0,44.289,44.289,125.0,0.0,,90.0,42.657,44.289
2026-02-26 08:38:00,87.374,0.0,44.525,44.525,125.0,0.0,,90.0,42.848,44.525
2026-02-26 08:39:00,87.797,0.0,44.761,44.761,125.0,0.0,,90.0,43.036,44.761
2026-02-26 08:40:00,88.216,0.0,44.995,44.995,125.0,0.0,,90.0,43.221,44.995
2026-02-26 08:41:00,88.63,0.0,45.229,45.229,125.0,0.0,,90.0,43.402,45.229
2026-02-26 08:42:00,89.041,0.0,45.461,45.461,125.0,0.0,,90.0,43.579,45.461
2026-02-26 08:43:00,89.446,0.0,45.693,45.693,125.0,0.0,,90.0,43.753,45.693
2026-02-26 08:44:00,89.846,0.0,45.924,45.924,125.0,0.0,,90.0,43.922,45.924
2026-02-26 08:45:00,90.242,0.0,46.154,46.154,125.0,0.0,,90.0,44.088,46.154
2026-02-26 08:46:00,90.632,0.0,46.383,46.383,125.0,0.0,,90.0,44.248,46.383
2026-02-26 08:47:00,91.016,0.0,46.612,46.612,125.0,0.0,,90.0,44.405,46.612
2026-02-26 08:48:00,91.395,0.0,46.839,46.839,125.0,0.0,,90.0,44.556,46.839
2026-02-26 08:49:00,91.768,0.0,47.066,47.066,125.0,0.0,,90.0,44.702,47.066
2026-02-26 08:50:00,92.135,0.0,47.291,47.291,125.0,0.0,,90.0,44.844,47.291
2026-02-26 08:51:00,92.495,0.0,47.516,47.516,125.0,0.0,,90.0,44.979,47.516
2026-02-26 08:52:00,92.849,0.0,47.74,47.74,125.0,0.0,,90.0,45.11,47.74
2026-02-26 08:53:00,93.197,0.0,47.963,47.963,125.0,0.0,,90.0,45.234,47.963
2026-02-26 08:54:00,93.537,0.0,48.185,48.185,125.0,0.0,,90.0,45.353,48.185
2026-02-26 08:55:00,93.871,0.0,48.406,48.406,125.0,0.0,,90.0,45.465,48.406
2026-02-26 08:56:00,94.197,0.0,48.626,48.626,125.0,0.0,,90.0,45.571,48.626
2026-02-26 08:57:00,94.516,0.0,48.845,48.845,125.0,0.0,,90.0,45.671,48.845
2026-02-26 08:58:00,94.828,0.0,49.064,49.064,125.0,0.0,,90.0,45.764,49.064
2026-02-26 08:59:00,95.131,0.0,49.281,49.281,125.0,0.0,,90.0,45.85,49.281
2026-02-26 09:00:00,95.427,100.0,115.427,115.427,125.0,65.93,100.0,89.58,-20.0,49.497
2026-02-26 09:01:00,95.715,100.0,115.715,115.715,125.0,66.002,100.0,89.15,-20.0,49.713
2026-02-26 09:02:00,95.994,100.0,115.994,115.994,125.0,66.067,100.0,88.73,-20.0,49.928
2026-02-26 09:03:00,96.266,100.0,116.266,116.266,125.0,66.125,100.0,88.31,-20.0,50.141
2026-02-26 09:04:00,96.528,100.0,116.528,116.528,125.0,66.175,100.0,87.88,-20.0,50.354
2026-02-26 09:05:00,96.782,100.0,116.782,116.782,125.0,66.217,100.0,87.46,-20.0,50.565
2026-02-26 09:06:00,97.028,100.0,117.028,117.028,125.0,66.252,100.0,87.03,-20.0,50.776
2026-02-26 09:07:00,97.264,100.0,117.264,117.264,125.0,66.278,100.0,86.61,-20.0,50.986
2026-02-26 09:08:00,97.491,100.0,117.491,117.491,125.0,66.297,100.0,86.18,-20.0,51.195
2026-02-26 09:09:00,97.71,100.0,117.71,117.71,125.0,66.307,100.0,85.76,-20.0,51.403
2026-02-26 09:10:00,97.918,100.0,117.918,117.918,125.0,66.309,100.0,85.33,-20.0,51.609
2026-02-26 09:11:00,98.118,100.0,118.118,118.118,125.0,66.303,100.0,84.91,-20.0,51.815
2026-02-26 09:12:00,98.308,100.0,118.308,118.308,125.0,66.288,100.0,84.48,-20.0,52.02
2026-02-26 09:13:00,98.488,100.0,118.488,118.488,125.0,66.264,100.0,84.06,-20.0,52.224
2026-02-26 09:14:00,98.659,100.0,118.659,118.659,125.0,66.232,100.0,83.63,-20.0,52.427
2026-02-26 09:15:00,98.819,100.0,118.819,118.819,125.0,66.19,100.0,83.21,-20.0,52.629
2026-02-26 09:16:00,98.97,100.0,118.97,118.97,125.0,66.14,100.0,82.79,-20.0,52.83
2026-02-26 09:17:00,99.111,100.0,119.111,119.111,125.0,66.081,100.0,82.36,-20.0,53.03
2026-02-26 09:18:00,99.241,100.0,119.241,119.241,125.0,66.013,100.0,81.94,-20.0,53.228
2026-02-26 09:19:00,99.362,100.0,119.362,119.362,125.0,65.936,100.0,81.52,-20.0,53.426
2026-02-26 09:20:00,99.472,100.0,119.472,119.472,125.0,65.849,100.0,81.09,-20.0,53.623
2026-02-26 09:21:00,99.572,100.0,119.572,119.572,125.0,65.753,100.0,80.67,-20.0,53.819
2026-02-26 09:22:00,99.662,100.0,119.662,119.662,125.0,65.648,100.0,80.25,-20.0,54.014
2026-02-26 09:23:00,99.741,100.0,119.741,119.741,125.0,65.533,100.0,79.83,-20.0,54.207
2026-02-26 09:24:00,99.809,100.0,119.809,119.809,125.0,65.409,100.0,79.41,-20.0,54.4
2026-02-26 09:25:00,99.868,100.0,119.868,119.868,125.0,65.276,100.0,78.99,-20.0,54.592
2026-02-26 09:26:00,99.915,100.0,119.915,119.915,125.0,65.133,100.0,78.58,-20.0,54.783
2026-02-26 09:27:00,99.952,100.0,119.952,119.952,125.0,64.98,100.0,78.16,-20.0,54.972
2026-02-26 09:28:00,99.979,100.0,119.979,119.979,125.0,64.818,100.0,77.74,-20.0,55.161
2026-02-26 09:29:00,99.995,100.0,119.995,119.995,125.0,64.646,100.0,77.33,-20.0,55.348
2026-02-26 09:30:00,100.0,100.0,120.0,120.0,125.0,64.465,100.0,76.92,-20.0,55.535
2026-02-26 09:31:00,99.995,100.0,119.995,119.995,125.0,64.275,100.0,76.51,-20.0,55.72
2026-02-26 09:32:00,99.979,100.0,119.979,119.979,125.0,64.074,100.0,76.09,-20.0,55.904
2026-02-26 09:33:00,99.952,100.0,119.952,119.952,125.0,63.865,100.0,75.69,-20.0,56.088
2026-02-26 09:34:00,99.915,100.0,119.915,119.915,125.0,63.645,100.0,75.28,-20.0,56.27
2026-02-26 09:35:00,99.868,100.0,119.868,119.868,125.0,63.416,100.0,74.87,-20.0,56.451
2026-02-26 09:36:00,99.809,100.0,119.809,119.809,125.0,63.178,100.0,74.47,-20.0,56.631
2026-02-26 09:37:00,99.741,100.0,119.741,119.741,125.0,62.931,100.0,74.06,-20.0,56.81
2026-02-26 09:38:00,99.662,100.0,119.662,119.662,125.0,62.673,100.0,73.66,-20.0,56.988
2026-02-26 09:39:00,99.572,100.0,119.572,119.572,125.0,62.407,100.0,73.26,-20.0,57.165
2026-02-26 09:40:00,99.472,100.0,119.472,119.472,125.0,62.131,100.0,72.86,-20.0,57.341
2026-02-26 09:41:00,99.362,100.0,119.362,119.362,125.0,61.847,100.0,72.47,-20.0,57.515
2026-02-26 09:42:00,99.241,100.0,119.241,119.241,125.0,61.553,100.0,72.07,-20.0,57.689
2026-02-26 09:43:00,99.111,100.0,119.111,119.111,125.0,61.249,100.0,71.68,-20.0,57.861
2026-02-26 09:44:00,98.97,100.0,118.97,118.97,125.0,60.937,100.0,71.29,-20.0,58.033
2026-02-26 09:45:00,98.819,100.0,118.819,118.819,125.0,60.616,100.0,70.9,-20.0,58.203
2026-02-26 09:46:00,98.659,100.0,118.659,118.659,125.0,60.287,100.0,70.51,-20.0,58.372
2026-02-26 09:47:00,98.488,100.0,118.488,118.488,125.0,59.948,100.0,70.13,-20.0,58.54
2026-02-26 09:48:00,98.308,100.0,118.308,118.308,125.0,59.601,100.0,69.75,-20.0,58.707
2026-02-26 09:49:00,98.118,100.0,118.118,118.118,125.0,59.245,100.0,69.37,-20.0,58.873
2026-02-26 09:50:00,97.918,100.0,117.918,117.918,125.0,58.881,100.0,68.99,-20.0,59.037
2026-02-26 09:51:00,97.71,100.0,117.71,117.71,125.0,58.509,100.0,68.61,-20.0,59.201
2026-02-26 09:52:00,97.491,100.0,117.491,117.491,125.0,58.128,100.0,68.24,-20.0,59.363
2026-02-26 09:53:00,97.264,100.0,117.264,117.264,125.0,57.74,100.0,67.87,-20.0,59.525
2026-02-26 09:54:00,97.028,100.0,117.028,117.028,125.0,57.343,100.0,67.5,-20.0,59.685
2026-02-26 09:55:00,96.782,100.0,116.782,116.782,125.0,56.939,100.0,67.14,-20.0,59.844
2026-02-26 09:56:00,96.528,100.0,116.528,116.528,125.0,56.527,100.0,66.78,-20.0,60.002
2026-02-26 09:57:00,96.266,100.0,116.266,116.266,125.0,56.107,100.0,66.42,-20.0,60.158
2026-02-26 09:58:00,95.994,100.0,115.994,115.994,125.0,55.68,100.0,66.06,-20.0,60.314
2026-02-26 09:59:00,95.715,100.0,115.715,115.715,125.0,55.246,100.0,65.71,-20.0,60.468
2026-02-26 10:00:00,95.427,100.0,115.427,115.427,125.0,54.805,100.0,65.35,-20.0,60.622
2026-02-26 10:01:00,95.131,100.0,115.131,115.131,125.0,54.357,100.0,65.01,-20.0,60.774
2026-02-26 10:02:00,94.828,100.0,114.828,114.828,125.0,53.903,100.0,64.66,-20.0,60.925
2026-02-26 10:03:00,94.516,100.0,114.516,114.516,125.0,53.441,100.0,64.32,-20.0,61.075
2026-02-26 10:04:00,94.197,100.0,114.197,114.197,125.0,52.974,100.0,63.98,-20.0,61.223
2026-02-26 10:05:00,93.871,100.0,113.871,113.871,125.0,52.5,100.0,63.64,-20.0,61.371
2026-02-26 10:06:00,93.537,100.0,113.537,113.537,125.0,52.02,100.0,63.31,-20.0,61.517
2026-02-26 10:07:00,93.197,100.0,113.197,113.197,125.0,51.534,100.0,62.98,-20.0,61.662
2026-02-26 10:08:00,92.849,100.0,112.849,112.849,125.0,51.043,100.0,62.65,-20.0,61.806
2026-02-26 10:09:00,92.495,100.0,112.495,112.495,125.0,50.546,100.0,62.33,-20.0,61.949
2026-02-26 10:10:00,92.135,100.0,112.135,112.135,125.0,50.044,100.0,62.01,-20.0,62.091
2026-02-26 10:11:00,91.768,100.0,111.768,111.768,125.0,49.537,100.0,61.69,-20.0,62.231
2026-02-26 10:12:00,91.395,100.0,111.395,111.395,125.0,49.025,100.0,61.37,-20.0,62.37
2026-02-26 10:13:00,91.016,100.0,111.016,111.016,125.0,48.508,100.0,61.06,-20.0,62.509
2026-02-26 10:14:00,90.632,100.0,110.632,110.632,125.0,47.986,100.0,60.76,-20.0,62.645
2026-02-26 10:15:00,90.242,100.0,110.242,110.242,125.0,47.461,100.0,60.45,-20.0,62.781
2026-02-26 10:16:00,89.846,100.0,109.846,109.846,125.0,46.931,100.0,60.15,-20.0,62.916
2026-02-26 10:17:00,89.446,100.0,109.446,109.446,125.0,46.397,100.0,59.85,-20.0,63.049
2026-02-26 10:18:00,89.041,100.0,109.041,109.041,125.0,45.86,100.0,59.56,-20.0,63.181
2026-02-26 10:19:00,88.63,100.0,108.63,108.63,125.0,45.319,100.0,59.27,-20.0,63.312
2026-02-26 10:20:00,88.216,100.0,108.216,108.216,125.0,44.774,100.0,58.98,-20.0,63.442
2026-02-26 10:21:00,87.797,100.0,107.797,107.797,125.0,44.227,100.0,58.7,-20.0,63.57
2026-02-26 10:22:00,87.374,100.0,107.374,107.374,125.0,43.677,100.0,58.42,-20.0,63.697
2026-02-26 10:23:00,86.947,100.0,106.947,106.947,125.0,43.124,100.0,58.14,-20.0,63.823
2026-02-26 10:24:00,86.516,100.0,106.516,106.516,125.0,42.568,100.0,57.87,-20.0,63.948
2026-02-26 10:25:00,86.082,100.0,106.082,106.082,125.0,42.01,100.0,57.6,-20.0,64.072
2026-02-26 10:26:00,85.645,100.0,105.645,105.645,125.0,41.45,100.0,57.33,-20.0,64.194
2026-02-26 10:27:00,85.204,100.0,105.204,105.204,125.0,40.889,100.0,57.07,-20.0,64.315
2026-02-26 10:28:00,84.76,100.0,104.76,104.76,125.0,40.325,100.0,56.81,-20.0,64.435
2026-02-26 10:29:00,84.314,100.0,104.314,104.314,125.0,39.76,100.0,56.56,-20.0,64.554
2026-02-26 10:30:00,83.866,100.0,103.866,103.866,125.0,39.194,100.0,56.31,-20.0,64.672
2026-02-26 10:31:00,83.415,100.0,103.415,103.415,125.0,38.627,100.0,56.06,-20.0,64.788
2026-02-26 10:32:00,82.962,100.0,102.962,102.962,125.0,38.059,100.0,55.82,-20.0,64.903
2026-02-26 10:33:00,82.507,100.0,102.507,102.507,125.0,37.49,100.0,55.58,-20.0,65.017
2026-02-26 10:34:00,82.05,100.0,102.05,102.05,125.0,36.921,100.0,55.34,-20.0,65.129
2026-02-26 10:35:00,81.592,100.0,101.592,101.592,125.0,36.351,100.0,55.11,-20.0,65.241
2026-02-26 10:36:00,81.133,100.0,101.133,101.133,125.0,35.782,100.0,54.88,-20.0,65.351
2026-02-26 10:37:00,80.672,100.0,100.672,100.672,125.0,35.213,100.0,54.65,-20.0,65.459
2026-02-26 10:38:00,80.211,100.0,100.211,100.211,125.0,34.644,100.0,54.43,-20.0,65.567
2026-02-26 10:39:00,79.748,100.0,99.748,99.748,125.0,34.075,100.0,54.21,-20.0,65.673
2026-02-26 10:40:00,79.286,100.0,99.286,99.286,125.0,33.507,100.0,54.0,-20.0,65.778
2026-02-26 10:41:00,78.822,100.0,98.822,98.822,125.0,32.94,100.0,53.78,-20.0,65.882
2026-02-26 10:42:00,78.359,100.0,98.359,98.359,125.0,32.374,100.0,53.58,-20.0,65.985
2026-02-26 10:43:00,77.896,100.0,97.896,97.896,125.0,31.81,100.0,53.37,-20.0,66.086
2026-02-26 10:44:00,77.433,100.0,97.433,97.433,125.0,31.246,100.0,53.17,-20.0,66.186
2026-02-26 10:45:00,76.97,100.0,96.97,96.97,125.0,30.685,100.0,52.98,-20.0,66.285
2026-02-26 10:46:00,76.508,100.0,96.508,96.508,125.0,30.125,100.0,52.78,-20.0,66.383
2026-02-26 10:47:00,76.046,100.0,96.046,96.046,125.0,29.567,100.0,52.59,-20.0,66.479
2026-02-26 10:48:00,75.586,100.0,95.586,95.586,125.0,29.012,100.0,52.41,-20.0,66.574
2026-02-26 10:49:00,75.126,100.0,95.126,95.126,125.0,28.458,100.0,52.22,-20.0,66.668
2026-02-26 10:50:00,74.667,100.0,94.667,94.667,125.0,27.907,100.0,52.05,-20.0,66.76
2026-02-26 10:51:00,74.21,100.0,94.21,94.21,125.0,27.359,100.0,51.87,-20.0,66.851
2026-02-26 10:52:00,73.755,100.0,93.755,93.755,125.0,26.813,100.0,51.7,-20.0,66.941
2026-02-26 10:53:00,73.301,100.0,93.301,93.301,125.0,26.271,100.0,51.53,-20.0,67.03
2026-02-26 10:54:00,72.848,100.0,92.848,92.848,125.0,25.731,100.0,51.37,-20.0,67.117
2026-02-26 10:55:00,72.398,100.0,92.398,92.398,125.0,25.195,100.0,51.2,-20.0,67.203
2026-02-26 10:56:00,71.95,100.0,91.95,91.95,125.0,24.662,100.0,51.05,-20.0,67.288
2026-02-26 10:57:00,71.504,100.0,91.504,91.504,125.0,24.132,100.0,50.89,-20.0,67.372
2026-02-26 10:58:00,71.061,100.0,91.061,91.061,125.0,23.606,100.0,50.74,-20.0,67.454
2026-02-26 10:59:00,70.619,100.0,90.619,90.619,125.0,23.084,100.0,50.59,-20.0,67.535
2026-02-26 11:00:00,70.181,0.0,67.615,67.615,125.0,0.0,,50.59,2.566,67.615
2026-02-26 11:01:00,69.745,0.0,67.693,67.693,125.0,0.0,,50.59,2.052,67.693
2026-02-26 11:02:00,69.312,0.0,67.77,67.77,125.0,0.0,,50.59,1.542,67.77
2026-02-26 11:03:00,68.882,0.0,67.846,67.846,125.0,0.0,,50.59,1.036,67.846
2026-02-26 11:04:00,68.455,0.0,67.921,67.921,125.0,0.0,,50.59,0.535,67.921
2026-02-26 11:05:00,68.032,0.0,67.994,67.994,125.0,0.0,,50.59,0.038,67.994
2026-02-26 11:06:00,67.611,0.0,68.066,68.066,125.0,0.0,,50.59,-0.455,68.066
2026-02-26 11:07:00,67.194,0.0,68.137,68.137,125.0,0.0,,50.59,-0.942,68.137
2026-02-26 11:08:00,66.781,0.0,68.206,68.206,125.0,0.0,,50.59,-1.425,68.206
2026-02-26 11:09:00,66.371,0.0,68.274,68.274,125.0,0.0,,50.59,-1.903,68.274
2026-02-26 11:10:00,65.965,0.0,68.341,68.341,125.0,0.0,,50.59,-2.376,68.341
2026-02-26 11:11:00,65.562,0.0,68.406,68.406,125.0,0.0,,50.59,-2.844,68.406
2026-02-26 11:12:00,65.163,0.0,68.47,68.47,125.0,0.0,,50.59,-3.307,68.47
2026-02-26 11:13:00,64.769,0.0,68.533,68.533,125.0,0.0,,50.59,-3.765,68.533
2026-02-26 11:14:00,64.378,0.0,68.595,68.595,125.0,0.0,,50.59,-4.217,68.595
2026-02-26 11:15:00,63.991,0.0,68.655,68.655,125.0,0.0,,50.59,-4.664,68.655
2026-02-26 11:16:00,63.609,0.0,68.714,68.714,125.0,0.0,,50.59,-5.105,68.714
2026-02-26 11:17:00,63.23,0.0,68.772,68.772,125.0,0.0,,50.59,-5.541,68.772
2026-02-26 11:18:00,62.856,0.0,68.828,68.828,125.0,0.0,,50.59,-5.972,68.828
2026-02-26 11:19:00,62.486,0.0,68.883,68.883,125.0,0.0,,50.59,-6.397,68.883
2026-02-26 11:20:00,62.121,0.0,68.937,68.937,125.0,0.0,,50.59,-6.816,68.937
2026-02-26 11:21:00,61.76,0.0,68.989,68.989,125.0,0.0,,50.59,-7.229,68.989
2026-02-26 11:22:00,61.403,0.0,69.04,69.04,125.0,0.0,,50.59,-7.637,69.04
2026-02-26 11:23:00,61.051,0.0,69.09,69.09,125.0,0.0,,50.59,-8.039,69.09
2026-02-26 11:24:00,60.703,0.0,69.138,69.138,125.0,0.0,,50.59,-8.435,69.138
2026-02-26 11:25:00,60.36,0.0,69.185,69.185,125.0,0.0,,50.59,-8.825,69.185
2026-02-26 11:26:00,60.022,0.0,69.231,69.231,125.0,0.0,,50.59,-9.209,69.231
2026-02-26 11:27:00,59.688,0.0,69.276,69.276,125.0,0.0,,50.59,-9.588,69.276
2026-02-26 11:28:00,59.359,0.0,69.319,69.319,125.0,0.0,,50.59,-9.96,69.319
2026-02-26 11:29:00,59.034,0.0,69.361,69.361,125.0,0.0,,50.59,-10.326,69.361
2026-02-26 11:30:00,58.715,0.0,69.401,69.401,125.0,0.0,,50.59,-10.687,69.401
2026-02-26 11:31:00,58.399,0.0,69.44,69.44,125.0,0.0,,50.59,-11.041,69.44
2026-02-26 11:32:00,58.089,0.0,69.478,69.478,125.0,0.0,,50.59,-11.389,69.478
2026-02-26 11:33:00,57.783,0.0,69.515,69.515,125.0,0.0,,50.59,-11.731,69.515
2026-02-26 11:34:00,57.483,0.0,69.55,69.55,125.0,0.0,,50.59,-12.067,69.55
2026-02-26 11:35:00,57.186,0.0,69.584,69.584,125.0,0.0,,50.59,-12.398,69.584
2026-02-26 11:36:00,56.895,0.0,69.617,69.617,125.0,0.0,,50.59,-12.722,69.617
2026-02-26 11:37:00,56.608,0.0,69.648,69.648,125.0,0.0,,50.59,-13.04,69.648
2026-02-26 11:38:00,56.326,0.0,69.678,69.678,125.0,0.0,,50.59,-13.352,69.678
2026-02-26 11:39:00,56.049,0.0,69.706,69.706,125.0,0.0,,50.59,-13.657,69.706
2026-02-26 11:40:00,55.776,0.0,69.734,69.734,125.0,0.0,,50.59,-13.957,69.734
2026-02-26 11:41:00,55.508,0.0,69.76,69.76,125.0,0.0,,50.59,-14.251,69.76
2026-02-26 11:42:00,55.245,0.0,69.784,69.784,125.0,0.0,,50.59,-14.539,69.784
2026-02-26 11:43:00,54.987,0.0,69.808,69.808,125.0,0.0,,50.59,-14.821,69.808
2026-02-26 11:44:00,54.733,0.0,69.829,69.829,125.0,0.0,,50.59,-15.097,69.829
2026-02-26 11:45:00,54.484,0.0,69.85,69.85,125.0,0.0,,50.59,-15.366,69.85
2026-02-26 11:46:00,54.239,0.0,69.869,69.869,125.0,0.0,,50.59,-15.63,69.869
2026-02-26 11:47:00,53.999,0.0,69.887,69.887,125.0,0.0,,50.59,-15.888,69.887
2026-02-26 11:48:00,53.763,0.0,69.904,69.904,125.0,0.0,,50.59,-16.141,69.904
2026-02-26 11:49:00,53.532,0.0,69.919,69.919,125.0,0.0,,50.59,-16.387,69.919
2026-02-26 11:50:00,53.306,0.0,69.933,69.933,125.0,0.0,,50.59,-16.627,69.933
2026-02-26 11:51:00,53.084,0.0,69.946,69.946,125.0,0.0,,50.59,-16.862,69.946
2026-02-26 11:52:00,52.866,0.0,69.957,69.957,125.0,0.0,,50.59,-17.091,69.957
2026-02-26 11:53:00,52.653,0.0,69.967,69.967,125.0,0.0,,50.59,-17.314,69.967
2026-02-26 11:54:00,52.444,0.0,69.976,69.976,125.0,0.0,,50.59,-17.532,69.976
2026-02-26 11:55:00,52.24,0.0,69.983,69.983,125.0,0.0,,50.59,-17.744,69.983
2026-02-26 11:56:00,52.039,0.0,69.989,69.989,125.0,0.0,,50.59,-17.95,69.989
2026-02-26 11:57:00,51.843,0.0,69.994,69.994,125.0,0.0,,50.59,-18.151,69.994
2026-02-26 11:58:00,51.651,0.0,69.997,69.997,125.0,0.0,,50.59,-18.346,69.997
2026-02-26 11:59:00,51.464,0.0,69.999,69.999,125.0,0.0,,50.59,-18.536,69.999
2026-02-26 12:00:00,51.28,-100.0,-30.0,-30.0,125.0,-100.0,,51.23,81.28,70.0
2026-02-26 12:01:00,51.1,-100.0,-30.001,-30.001,125.0,-100.0,,51.87,81.101,69.999
2026-02-26 12:02:00,50.925,-100.0,-30.003,-30.003,125.0,-100.0,,52.51,80.927,69.997
2026-02-26 12:03:00,50.753,-100.0,-30.006,-30.006,125.0,-100.0,,53.16,80.759,69.994
2026-02-26 12:04:00,50.585,-100.0,-30.011,-30.011,125.0,-100.0,,53.8,80.596,69.989
2026-02-26 12:05:00,50.421,-100.0,-30.017,-30.017,125.0,-100.0,,54.44,80.438,69.983
2026-02-26 12:06:00,50.261,-100.0,-30.024,-30.024,125.0,-100.0,,55.08,80.285,69.976
2026-02-26 12:07:00,50.105,-100.0,-30.033,-30.033,125.0,-100.0,,55.72,80.138,69.967
2026-02-26 12:08:00,49.952,-100.0,-30.043,-30.043,125.0,-100.0,,56.36,79.995,69.957
2026-02-26 12:09:00,49.803,-100.0,-30.054,-30.054,125.0,-100.0,,57.0,79.857,69.946
2026-02-26 12:10:00,49.658,-100.0,-30.067,-30.067,125.0,-100.0,,57.64,79.724,69.933
2026-02-26 12:11:00,49.516,-100.0,-30.081,-30.081,125.0,-100.0,,58.28,79.597,69.919
2026-02-26 12:12:00,49.378,-100.0,-30.096,-30.096,125.0,-100.0,,58.92,79.474,69.904
2026-02-26 12:13:00,49.243,-100.0,-30.113,-30.113,125.0,-100.0,,59.57,79.355,69.887
2026-02-26 12:14:00,49.111,-100.0,-30.131,-30.131,125.0,-100.0,,60.21,79.242,69.869
2026-02-26 12:15:00,48.983,-100.0,-30.15,-30.15,125.0,-100.0,,60.85,79.133,69.85
2026-02-26 12:16:00,48.858,-100.0,-30.171,-30.171,125.0,-100.0,,61.49,79.028,69.829
2026-02-26 12:17:00,48.736,-100.0,-30.192,-30.192,125.0,-100.0,,62.13,78.929,69.808
2026-02-26 12:18:00,48.617,-100.0,-30.216,-30.216,125.0,-100.0,,62.77,78.833,69.784
2026-02-26 12:19:00,48.502,-100.0,-30.24,-30.24,125.0,-100.0,,63.41,78.742,69.76
2026-02-26 12:20:00,48.39,-100.0,-30.266,-30.266,125.0,-100.0,,64.05,78.656,69.734
2026-02-26 12:21:00,48.28,-100.0,-30.294,-30.294,125.0,-100.0,,64.69,78.574,69.706
2026-02-26 12:22:00,48.174,-100.0,-30.322,-30.322,125.0,-100.0,,65.34,78.496,69.678
2026-02-26 12:23:00,48.07,-100.0,-30.352,-30.352,125.0,-100.0,,65.98,78.422,69.648
2026-02-26 12:24:00,47.969,-100.0,-30.383,-30.383,125.0,-100.0,,66.62,78.353,69.617
2026-02-26 12:25:00,47.871,-100.0,-30.416,-30.416,125.0,-100.0,,67.26,78.287,69.584
2026-02-26 12:26:00,47.776,-100.0,-30.45,-30.45,125.0,-100.0,,67.9,78.226,69.55
2026-02-26 12:27:00,47.683,-100.0,-30.485,-30.485,125.0,-100.0,,68.54,78.168,69.515
2026-02-26 12:28:00,47.593,-100.0,-30.522,-30.522,125.0,-100.0,,69.18,78.115,69.478
2026-02-26 12:29:00,47.506,-100.0,-30.56,-30.56,125.0,-100.0,,69.82,78.065,69.44
2026-02-26 12:30:00,47.421,-100.0,-30.599,-30.599,125.0,-100.0,,70.46,78.02,69.401
2026-02-26 12:31:00,47.338,-100.0,-30.639,-30.639,125.0,-100.0,,71.1,77.978,69.361
2026-02-26 12:32:00,47.258,-100.0,-30.681,-30.681,125.0,-100.0,,71.75,77.939,69.319
2026-02-26 12:33:00,47.18,-100.0,-30.724,-30.724,125.0,-100.0,,72.39,77.905,69.276
2026-02-26 12:34:00,47.105,-100.0,-30.769,-30.769,125.0,-100.0,,73.03,77.874,69.231
2026-02-26 12:35:00,47.032,-100.0,-30.815,-30.815,125.0,-100.0,,73.67,77.846,69.185
2026-02-26 12:36:00,46.961,-100.0,-30.862,-30.862,125.0,-100.0,,74.31,77.823,69.138
2026-02-26 12:37:00,46.892,-100.0,-30.91,-30.91,125.0,-100.0,,74.95,77.802,69.09
2026-02-26 12:38:00,46.825,-100.0,-30.96,-30.96,125.0,-100.0,,75.59,77.785,69.04
2026-02-26 12:39:00,46.76,-100.0,-31.011,-31.011,125.0,-100.0,,76.23,77.772,68.989
2026-02-26 12:40:00,46.698,-100.0,-31.063,-31.063,125.0,-100.0,,76.87,77.761,68.937
2026-02-26 12:41:00,46.637,-100.0,-31.117,-31.117,125.0,-100.0,,77.51,77.754,68.883
2026-02-26 12:42:00,46.578,-100.0,-31.172,-31.172,125.0,-100.0,,78.16,77.75,68.828
2026-02-26 12:43:00,46.521,-100.0,-31.228,-31.228,125.0,-100.0,,78.8,77.75,68.772
2026-02-26 12:44:00,46.466,-100.0,-31.286,-31.286,125.0,-100.0,,79.44,77.752,68.714
2026-02-26 12:45:00,46.413,-100.0,-31.345,-31.345,125.0,-100.0,,80.08,77.758,68.655
2026-02-26 12:46:00,46.361,-100.0,-31.405,-31.405,125.0,-100.0,,80.72,77.767,68.595
2026-02-26 12:47:00,46.311,-100.0,-31.467,-31.467,125.0,-100.0,,81.36,77.778,68.533
2026-02-26 12:48:00,46.263,-100.0,-31.53,-31.53,125.0,-100.0,,82.0,77.793,68.47
2026-02-26 12:49:00,46.216,-100.0,-31.594,-31.594,125.0,-100.0,,82.64,77.81,68.406
2026-02-26 12:50:00,46.171,-100.0,-31.659,-31.659,125.0,-100.0,,83.28,77.831,68.341
2026-02-26 12:51:00,46.128,-100.0,-31.726,-31.726,125.0,-100.0,,83.92,77.854,68.274
2026-02-26 12:52:00,46.086,-100.0,-31.794,-31.794,125.0,-100.0,,84.57,77.88,68.206
2026-02-26 12:53:00,46.045,-100.0,-31.863,-31.863,125.0,-100.0,,85.21,77.908,68.137
2026-02-26 12:54:00,46.006,-100.0,-31.934,-31.934,125.0,-100.0,,85.85,77.94,68.066
2026-02-26 12:55:00,45.968,-100.0,-32.006,-32.006,125.0,-100.0,,86.49,77.974,67.994
2026-02-26 12:56:00,45.931,-100.0,-32.079,-32.079,125.0,-100.0,,87.13,78.01,67.921
2026-02-26 12:57:00,45.896,-100.0,-32.154,-32.154,125.0,-100.0,,87.77,78.05,67.846
2026-02-26 12:58:00,45.862,-100.0,-32.23,-32.23,125.0,-100.0,,88.41,78.092,67.77
2026-02-26 12:59:00,45.829,-100.0,-32.307,-32.307,125.0,-100.0,,89.05,78.136,67.693
2026-02-26 13:00:00,45.797,-100.0,-32.385,-32.385,125.0,-100.0,,89.69,78.183,67.615
2026-02-26 13:01:00,45.767,-100.0,-32.465,-32.465,125.0,-100.0,,90.0,78.232,67.535
2026-02-26 13:02:00,45.738,-100.0,65.738,65.738,125.0,0.0,,90.0,-20.0,65.738
2026-02-26 13:03:00,45.71,-100.0,65.71,65.71,125.0,0.0,,90.0,-20.0,65.71
2026-02-26 13:04:00,45.682,-100.0,65.682,65.682,125.0,0.0,,90.0,-20.0,65.682
2026-02-26 13:05:00,45.656,-100.0,65.656,65.656,125.0,0.0,,90.0,-20.0,65.656
2026-02-26 13:06:00,45.631,-100.0,65.631,65.631,125.0,0.0,,90.0,-20.0,65.631
2026-02-26 13:07:00,45.607,-100.0,65.607,65.607,125.0,0.0,,90.0,-20.0,65.607
2026-02-26 13:08:00,45.584,-100.0,65.584,65.584,125.0,0.0,,90.0,-20.0,65.584
2026-02-26 13:09:00,45.562,-100.0,65.562,65.562,125.0,0.0,,90.0,-20.0,65.562
2026-02-26 13:10:00,45.54,-100.0,65.54,65.54,125.0,0.0,,90.0,-20.0,65.54
2026-02-26 13:11:00,45.52,-100.0,65.52,65.52,125.0,0.0,,90.0,-20.0,65.52
2026-02-26 13:12:00,45.5,-100.0,65.5,65.5,125.0,0.0,,90.0,-20.0,65.5
2026-02-26 13:13:00,45.481,-100.0,65.481,65.481,125.0,0.0,,90.0,-20.0,65.481
2026-02-26 13:14:00,45.463,-100.0,65.463,65.463,125.0,0.0,,90.0,-20.0,65.463
2026-02-26 13:15:00,45.446,-100.0,65.446,65.446,125.0,0.0,,90.0,-20.0,65.446
2026-02-26 13:16:00,45.429,-100.0,65.429,65.429,125.0,0.0,,90.0,-20.0,65.429
2026-02-26 13:17:00,45.413,-100.0,65.413,65.413,125.0,0.0,,90.0,-20.0,65.413
2026-02-26 13:18:00,45.398,-100.0,65.398,65.398,125.0,0.0,,90.0,-20.0,65.398
2026-02-26 13:19:00,45.384,-100.0,65.384,65.384,125.0,0.0,,90.0,-20.0,65.384
2026-02-26 13:20:00,45.37,-100.0,65.37,65.37,125.0,0.0,,90.0,-20.0,65.37
2026-02-26 13:21:00,45.357,-100.0,65.357,65.357,125.0,0.0,,90.0,-20.0,65.357
2026-02-26 13:22:00,45.345,-100.0,65.345,65.345,125.0,0.0,,90.0,-20.0,65.345
2026-02-26 13:23:00,45.333,-100.0,65.333,65.333,125.0,0.0,,90.0,-20.0,65.333
2026-02-26 13:24:00,45.322,-100.0,65.322,65.322,125.0,0.0,,90.0,-20.0,65.322
2026-02-26 13:25:00,45.311,-100.0,65.241,65.241,125.0,0.0,,90.0,-19.93,65.241
2026-02-26 13:26:00,45.301,-100.0,65.129,65.129,125.0,0.0,,90.0,-19.828,65.129
2026-02-26 13:27:00,45.291,-100.0,65.017,65.017,125.0,0.0,,90.0,-19.725,65.017
2026-02-26 13:28:00,45.282,-100.0,64.903,64.903,125.0,0.0,,90.0,-19.621,64.903
2026-02-26 13:29:00,45.274,-100.0,64.788,64.788,125.0,0.0,,90.0,-19.514,64.788
2026-02-26 13:30:00,45.266,-100.0,64.672,64.672,125.0,0.0,,90.0,-19.406,64.672
2026-02-26 13:31:00,45.258,-100.0,64.554,64.554,125.0,0.0,,90.0,-19.296,64.554
2026-02-26 13:32:00,45.251,-100.0,64.435,64.435,125.0,0.0,,90.0,-19.184,64.435
2026-02-26 13:33:00,45.244,-100.0,64.315,64.315,125.0,0.0,,90.0,-19.071,64.315
2026-02-26 13:34:00,45.238,-100.0,64.194,64.194,125.0,0.0,,90.0,-18.956,64.194
2026-02-26 13:35:00,45.233,-100.0,64.072,64.072,125.0,0.0,,90.0,-18.839,64.072
2026-02-26 13:36:00,45.227,-100.0,63.948,63.948,125.0,0.0,,90.0,-18.721,63.948
2026-02-26 13:37:00,45.223,-100.0,63.823,63.823,125.0,0.0,,90.0,-18.601,63.823
2026-02-26 13:38:00,45.218,-100.0,63.697,63.697,125.0,0.0,,90.0,-18.479,63.697
2026-02-26 13:39:00,45.214,-100.0,63.57,63.57,125.0,0.0,,90.0,-18.356,63.57
2026-02-26 13:40:00,45.21,-100.0,63.442,63.442,125.0,0.0,,90.0,-18.231,63.442
2026-02-26 13:41:00,45.207,-100.0,63.312,63.312,125.0,0.0,,90.0,-18.105,63.312
2026-02-26 13:42:00,45.204,-100.0,63.181,63.181,125.0,0.0,,90.0,-17.977,63.181
2026-02-26 13:43:00,45.202,-100.0,63.049,63.049,125.0,0.0,,90.0,-17.847,63.049
2026-02-26 13:44:00,45.2,-100.0,62.916,62.916,125.0,0.0,,90.0,-17.716,62.916
2026-02-26 13:45:00,45.198,-100.0,62.781,62.781,125.0,0.0,,90.0,-17.583,62.781
2026-02-26 13:46:00,45.197,-100.0,62.645,62.645,125.0,0.0,,90.0,-17.449,62.645
2026-02-26 13:47:00,45.196,-100.0,62.509,62.509,125.0,0.0,,90.0,-17.313,62.509
2026-02-26 13:48:00,45.195,-100.0,62.37,62.37,125.0,0.0,,90.0,-17.176,62.37
2026-02-26 13:49:00,45.194,-100.0,62.231,62.231,125.0,0.0,,90.0,-17.037,62.231
2026-02-26 13:50:00,45.194,-100.0,62.091,62.091,125.0,0.0,,90.0,-16.896,62.091
2026-02-26 13:51:00,45.195,-100.0,61.949,61.949,125.0,0.0,,90.0,-16.754,61.949
2026-02-26 13:52:00,45.195,-100.0,61.806,61.806,125.0,0.0,,90.0,-16.611,61.806
2026-02-26 13:53:00,45.196,-100.0,61.662,61.662,125.0,0.0,,90.0,-16.466,61.662
2026-02-26 13:54:00,45.197,-100.0,61.517,61.517,125.0,0.0,,90.0,-16.32,61.517
2026-02-26 13:55:00,45.199,-100.0,61.371,61.371,125.0,0.0,,90.0,-16.172,61.371
2026-02-26 13:56:00,45.201,-100.0,61.223,61.223,125.0,0.0,,90.0,-16.022,61.223
2026-02-26 13:57:00,45.203,-100.0,61.075,61.075,125.0,0.0,,90.0,-15.872,61.075
2026-02-26 13:58:00,45.206,-100.0,60.925,60.925,125.0,0.0,,90.0,-15.719,60.925
2026-02-26 13:59:00,45.208,-100.0,60.774,60.774,125.0,0.0,,90.0,-15.565,60.774
2026-02-26 14:00:00,45.212,0.0,60.622,60.622,125.0,0.0,,90.0,-15.41,60.622
2026-02-26 14:01:00,45.215,0.0,60.468,60.468,125.0,0.0,,90.0,-15.253,60.468
2026-02-26 14:02:00,45.219,0.0,60.314,60.314,125.0,0.0,,90.0,-15.095,60.314
2026-02-26 14:03:00,45.223,0.0,60.158,60.158,125.0,0.0,,90.0,-14.935,60.158
2026-02-26 14:04:00,45.227,0.0,60.002,60.002,125.0,0.0,,90.0,-14.774,60.002
2026-02-26 14:05:00,45.232,0.0,59.844,59.844,125.0,0.0,,90.0,-14.612,59.844
2026-02-26 14:06:00,45.237,0.0,59.685,59.685,125.0,0.0,,90.0,-14.448,59.685
2026-02-26 14:07:00,45.243,0.0,59.525,59.525,125.0,0.0,,90.0,-14.282,59.525
2026-02-26 14:08:00,45.248,0.0,59.363,59.363,125.0,0.0,,90.0,-14.115,59.363
2026-02-26 14:09:00,45.254,0.0,59.201,59.201,125.0,0.0,,90.0,-13.947,59.201
2026-02-26 14:10:00,45.261,0.0,59.037,59.037,125.0,0.0,,90.0,-13.777,59.037
2026-02-26 14:11:00,45.267,0.0,58.873,58.873,125.0,0.0,,90.0,-13.606,58.873
2026-02-26 14:12:00,45.274,0.0,58.707,58.707,125.0,0.0,,90.0,-13.433,58.707
2026-02-26 14:13:00,45.282,0.0,58.54,58.54,125.0,0.0,,90.0,-13.258,58.54
2026-02-26 14:14:00,45.289,0.0,58.372,58.372,125.0,0.0,,90.0,-13.083,58.372
2026-02-26 14:15:00,45.297,0.0,58.203,58.203,125.0,0.0,,90.0,-12.906,58.203
2026-02-26 14:16:00,45.306,0.0,58.033,58.033,125.0,0.0,,90.0,-12.727,58.033
2026-02-26 14:17:00,45.314,0.0,57.861,57.861,125.0,0.0,,90.0,-12.547,57.861
2026-02-26 14:18:00,45.324,0.0,57.689,57.689,125.0,0.0,,90.0,-12.365,57.689
2026-02-26 14:19:00,45.333,0.0,57.515,57.515,125.0,0.0,,90.0,-12.182,57.515
2026-02-26 14:20:00,45.343,0.0,57.341,57.341,125.0,0.0,,90.0,-11.998,57.341
2026-02-26 14:21:00,45.353,0.0,57.165,57.165,125.0,0.0,,90.0,-11.812,57.165
2026-02-26 14:22:00,45.364,0.0,56.988,56.988,125.0,0.0,,90.0,-11.624,56.988
2026-02-26 14:23:00,45.375,0.0,56.81,56.81,125.0,0.0,,90.0,-11.435,56.81
2026-02-26 14:24:00,45.386,0.0,56.631,56.631,125.0,0.0,,90.0,-11.245,56.631
2026-02-26 14:25:00,45.398,0.0,56.451,56.451,125.0,0.0,,90.0,-11.053,56.451
2026-02-26 14:26:00,45.41,0.0,56.27,56.27,125.0,0.0,,90.0,-10.86,56.27
2026-02-26 14:27:00,45.423,0.0,56.088,56.088,125.0,0.0,,90.0,-10.665,56.088
2026-02-26 14:28:00,45.436,0.0,55.904,55.904,125.0,0.0,,90.0,-10.468,55.904
2026-02-26 14:29:00,45.45,0.0,55.72,55.72,125.0,0.0,,90.0,-10.27,55.72
2026-02-26 14:30:00,45.464,0.0,55.535,55.535,125.0,0.0,,90.0,-10.071,55.535
2026-02-26 14:31:00,45.478,0.0,55.348,55.348,125.0,0.0,,90.0,-9.87,55.348
2026-02-26 14:32:00,45.493,0.0,55.161,55.161,125.0,0.0,,90.0,-9.667,55.161
2026-02-26 14:33:00,45.509,0.0,54.972,54.972,125.0,0.0,,90.0,-9.463,54.972
2026-02-26 14:34:00,45.525,0.0,54.783,54.783,125.0,0.0,,90.0,-9.258,54.783
2026-02-26 14:35:00,45.541,0.0,54.592,54.592,125.0,0.0,,90.0,-9.051,54.592
2026-02-26 14:36:00,45.558,0.0,54.4,54.4,125.0,0.0,,90.0,-8.842,54.4
2026-02-26 14:37:00,45.576,0.0,54.207,54.207,125.0,0.0,,90.0,-8.632,54.207
2026-02-26 14:38:00,45.594,0.0,54.014,54.014,125.0,0.0,,90.0,-8.42,54.014
2026-02-26 14:39:00,45.612,0.0,53.819,53.819,125.0,0.0,,90.0,-8.207,53.819
2026-02-26 14:40:00,45.631,0.0,53.623,53.623,125.0,0.0,,90.0,-7.992,53.623
2026-02-26 14:41:00,45.651,0.0,53.426,53.426,125.0,0.0,,90.0,-7.775,53.426
2026-02-26 14:42:00,45.671,0.0,53.228,53.228,125.0,0.0,,90.0,-7.557,53.228
2026-02-26 14:43:00,45.692,0.0,53.03,53.03,125.0,0.0,,90.0,-7.338,53.03
2026-02-26 14:44:00,45.713,0.0,52.83,52.83,125.0,0.0,,90.0,-7.116,52.83
2026-02-26 14:45:00,45.736,0.0,52.629,52.629,125.0,0.0,,90.0,-6.893,52.629
2026-02-26 14:46:00,45.758,0.0,52.427,52.427,125.0,0.0,,90.0,-6.669,52.427
2026-02-26 14:47:00,45.782,0.0,52.224,52.224,125.0,0.0,,90.0,-6.442,52.224
2026-02-26 14:48:00,45.806,0.0,52.02,52.02,125.0,0.0,,90.0,-6.215,52.02
2026-02-26 14:49:00,45.83,0.0,51.815,51.815,125.0,0.0,,90.0,-5.985,51.815
2026-02-26 14:50:00,45.856,0.0,51.609,51.609,125.0,0.0,,90.0,-5.754,51.609
2026-02-26 14:51:00,45.882,0.0,51.403,51.403,125.0,0.0,,90.0,-5.521,51.403
2026-02-26 14:52:00,45.909,0.0,51.195,51.195,125.0,0.0,,90.0,-5.286,51.195
2026-02-26 14:53:00,45.936,0.0,50.986,50.986,125.0,0.0,,90.0,-5.05,50.986
2026-02-26 14:54:00,45.964,0.0,50.776,50.776,125.0,0.0,,90.0,-4.812,50.776
2026-02-26 14:55:00,45.994,0.0,50.565,50.565,125.0,0.0,,90.0,-4.572,50.565
2026-02-26 14:56:00,46.023,0.0,50.354,50.354,125.0,0.0,,90.0,-4.33,50.354
2026-02-26 14:57:00,46.054,0.0,50.141,50.141,125.0,0.0,,90.0,-4.087,50.141
2026-02-26 14:58:00,46.085,0.0,49.928,49.928,125.0,0.0,,90.0,-3.842,49.928
2026-02-26 14:59:00,46.118,0.0,49.713,49.713,125.0,0.0,,90.0,-3.595,49.713
2026-02-26 15:00:00,46.151,0.0,49.497,49.497,125.0,0.0,,90.0,-3.347,49.497
2026-02-26 15:01:00,46.185,0.0,49.281,49.281,125.0,0.0,,90.0,-3.096,49.281
2026-02-26 15:02:00,46.22,0.0,49.064,49.064,125.0,0.0,,90.0,-2.844,49.064
2026-02-26 15:03:00,46.256,0.0,48.845,48.845,125.0,0.0,,90.0,-2.59,48.845
2026-02-26 15:04:00,46.292,0.0,48.626,48.626,125.0,0.0,,90.0,-2.334,48.626
2026-02-26 15:05:00,46.33,0.0,48.406,48.406,125.0,0.0,,90.0,-2.076,48.406
2026-02-26 15:06:00,46.369,0.0,48.185,48.185,125.0,0.0,,90.0,-1.816,48.185
2026-02-26 15:07:00,46.408,0.0,47.963,47.963,125.0,0.0,,90.0,-1.555,47.963
2026-02-26 15:08:00,46.449,0.0,47.74,47.74,125.0,0.0,,90.0,-1.291,47.74
2026-02-26 15:09:00,46.49,0.0,47.516,47.516,125.0,0.0,,90.0,-1.026,47.516
2026-02-26 15:10:00,46.533,0.0,47.291,47.291,125.0,0.0,,90.0,-0.758,47.291
2026-02-26 15:11:00,46.577,0.0,47.066,47.066,125.0,0.0,,90.0,-0.489,47.066
2026-02-26 15:12:00,46.622,0.0,46.839,46.839,125.0,0.0,,90.0,-0.217,46.839
2026-02-26 15:13:00,46.668,0.0,46.612,46.612,125.0,0.0,,90.0,0.056,46.612
2026-02-26 15:14:00,46.715,0.0,46.383,46.383,125.0,0.0,,90.0,0.331,46.383
2026-02-26 15:15:00,46.763,0.0,46.154,46.154,125.0,0.0,,90.0,0.608,46.154
2026-02-26 15:16:00,46.812,0.0,45.924,45.924,125.0,0.0,,90.0,0.888,45.924
2026-02-26 15:17:00,46.862,0.0,45.693,45.693,125.0,0.0,,90.0,1.169,45.693
2026-02-26 15:18:00,46.914,0.0,45.461,45.461,125.0,0.0,,90.0,1.453,45.461
2026-02-26 15:19:00,46.967,0.0,45.229,45.229,125.0,0.0,,90.0,1.738,45.229
2026-02-26 15:20:00,47.021,0.0,44.995,44.995,125.0,0.0,,90.0,2.026,44.995
2026-02-26 15:21:00,47.077,0.0,44.761,44.761,125.0,0.0,,90.0,2.316,44.761
2026-02-26 15:22:00,47.133,0.0,44.525,44.525,125.0,0.0,,90.0,2.608,44.525
2026-02-26 15:23:00,47.191,0.0,44.289,44.289,125.0,0.0,,90.0,2.902,44.289
2026-02-26 15:24:00,47.251,0.0,44.052,44.052,125.0,0.0,,90.0,3.198,44.052
2026-02-26 15:25:00,47.312,0.0,43.815,43.815,125.0,0.0,,90.0,3.497,43.815
2026-02-26 15:26:00,47.374,0.0,43.576,43.576,125.0,0.0,,90.0,3.798,43.576
2026-02-26 15:27:00,47.437,0.0,43.337,43.337,125.0,0.0,,90.0,4.101,43.337
2026-02-26 15:28:00,47.502,0.0,43.096,43.096,125.0,0.0,,90.0,4.406,43.096
2026-02-26 15:29:00,47.569,0.0,42.855,42.855,125.0,0.0,,90.0,4.713,42.855
2026-02-26 15:30:00,47.636,0.0,42.613,42.613,125.0,0.0,,90.0,5.023,42.613
2026-02-26 15:31:00,47.706,0.0,42.371,42.371,125.0,0.0,,90.0,5.335,42.371
2026-02-26 15:32:00,47.777,0.0,42.127,42.127,125.0,0.0,,90.0,5.65,42.127
2026-02-26 15:33:00,47.849,0.0,41.883,41.883,125.0,0.0,,90.0,5.966,41.883
2026-02-26 15:34:00,47.923,0.0,41.638,41.638,125.0,0.0,,90.0,6.286,41.638
2026-02-26 15:35:00,47.999,0.0,41.392,41.392,125.0,0.0,,90.0,6.607,41.392
2026-02-26 15:36:00,48.076,0.0,41.145,41.145,125.0,0.0,,90.0,6.931,41.145
2026-02-26 15:37:00,48.155,0.0,40.897,40.897,125.0,0.0,,90.0,7.258,40.897
2026-02-26 15:38:00,48.236,0.0,40.649,40.649,125.0,0.0,,90.0,7.586,40.649
2026-02-26 15:39:00,48.318,0.0,40.4,40.4,125.0,0.0,,90.0,7.918,40.4
2026-02-26 15:40:00,48.402,0.0,40.15,40.15,125.0,0.0,,90.0,8.252,40.15
2026-02-26 15:41:00,48.488,0.0,39.9,39.9,125.0,0.0,,90.0,8.588,39.9
2026-02-26 15:42:00,48.575,0.0,39.648,39.648,125.0,0.0,,90.0,8.927,39.648
2026-02-26 15:43:00,48.665,0.0,39.396,39.396,125.0,0.0,,90.0,9.268,39.396
2026-02-26 15:44:00,48.756,0.0,39.144,39.144,125.0,0.0,,90.0,9.612,39.144
2026-02-26 15:45:00,48.849,0.0,38.89,38.89,125.0,0.0,,90.0,9.959,38.89
2026-02-26 15:46:00,48.944,0.0,38.636,38.636,125.0,0.0,,90.0,10.308,38.636
2026-02-26 15:47:00,49.041,0.0,38.381,38.381,125.0,0.0,,90.0,10.66,38.381
2026-02-26 15:48:00,49.139,0.0,38.125,38.125,125.0,0.0,,90.0,11.015,38.125
2026-02-26 15:49:00,49.24,0.0,37.868,37.868,125.0,0.0,,90.0,11.372,37.868
2026-02-26 15:50:00,49.343,0.0,37.611,37.611,125.0,0.0,,90.0,11.732,37.611
2026-02-26 15:51:00,49.447,0.0,37.353,37.353,125.0,0.0,,90.0,12.094,37.353
2026-02-26 15:52:00,49.554,0.0,37.094,37.094,125.0,0.0,,90.0,12.46,37.094
2026-02-26 15:53:00,49.663,0.0,36.835,36.835,125.0,0.0,,90.0,12.828,36.835
2026-02-26 15:54:00,49.774,0.0,36.575,36.575,125.0,0.0,,90.0,13.199,36.575
2026-02-26 15:55:00,49.887,0.0,36.314,36.314,125.0,0.0,,90.0,13.572,36.314
2026-02-26 15:56:00,50.002,0.0,36.053,36.053,125.0,0.0,,90.0,13.949,36.053
2026-02-26 15:57:00,50.119,0.0,35.791,35.791,125.0,0.0,,90.0,14.328,35.791
2026-02-26 15:58:00,50.238,0.0,35.528,35.528,125.0,0.0,,90.0,14.711,35.528
2026-02-26 15:59:00,50.36,0.0,35.264,35.264,125.0,0.0,,90.0,15.096,35.264
2026-02-26 16:00:00,50.484,0.0,35.0,35.0,125.0,0.0,,90.0,15.484,35.0
2026-02-26 16:01:00,50.61,0.0,34.735,34.735,125.0,0.0,,90.0,15.875,34.735
2026-02-26 16:02:00,50.738,0.0,34.47,34.47,125.0,0.0,,90.0,16.268,34.47
2026-02-26 16:03:00,50.869,0.0,34.203,34.203,125.0,0.0,,90.0,16.665,34.203
2026-02-26 16:04:00,51.002,0.0,33.937,33.937,125.0,0.0,,90.0,17.065,33.937
2026-02-26 16:05:00,51.137,0.0,33.669,33.669,125.0,0.0,,90.0,17.468,33.669
2026-02-26 16:06:00,51.275,0.0,33.401,33.401,125.0,0.0,,90.0,17.874,33.401
2026-02-26 16:07:00,51.415,0.0,33.132,33.132,125.0,0.0,,90.0,18.282,33.132
2026-02-26 16:08:00,51.557,0.0,32.863,32.863,125.0,0.0,,90.0,18.694,32.863
2026-02-26 16:09:00,51.702,0.0,32.593,32.593,125.0,0.0,,90.0,19.109,32.593
2026-02-26 16:10:00,51.85,0.0,32.322,32.322,125.0,0.0,,90.0,19.527,32.322
2026-02-26 16:11:00,52.0,0.0,32.051,32.051,125.0,0.0,,90.0,19.948,32.051
2026-02-26 16:12:00,52.152,0.0,31.779,31.779,125.0,0.0,,90.0,20.373,31.779
2026-02-26 16:13:00,52.307,0.0,31.507,31.507,125.0,0.0,,90.0,20.8,31.507
2026-02-26 16:14:00,52.464,0.0,31.234,31.234,125.0,0.0,,90.0,21.231,31.234
2026-02-26 16:15:00,52.624,0.0,30.96,30.96,125.0,0.0,,90.0,21.664,30.96
2026-02-26 16:16:00,52.787,0.0,30.686,30.686,125.0,0.0,,90.0,22.101,30.686
2026-02-26 16:17:00,52.952,0.0,30.411,30.411,125.0,0.0,,90.0,22.541,30.411
2026-02-26 16:18:00,53.12,0.0,30.136,30.136,125.0,0.0,,90.0,22.984,30.136
2026-02-26 16:19:00,53.291,0.0,29.86,29.86,125.0,0.0,,90.0,23.431,29.86
2026-02-26 16:20:00,53.464,0.0,29.583,29.583,125.0,0.0,,90.0,23.88,29.583
2026-02-26 16:21:00,53.64,0.0,29.306,29.306,125.0,0.0,,90.0,24.333,29.306
2026-02-26 16:22:00,53.818,0.0,29.029,29.029,125.0,0.0,,90.0,24.79,29.029
2026-02-26 16:23:00,53.999,0.0,28.75,28.75,125.0,0.0,,90.0,25.249,28.75
2026-02-26 16:24:00,54.183,0.0,28.472,28.472,125.0,0.0,,90.0,25.712,28.472
2026-02-26 16:25:00,54.37,0.0,28.192,28.192,125.0,0.0,,90.0,26.178,28.192
2026-02-26 16:26:00,54.56,0.0,27.912,27.912,125.0,0.0,,90.0,26.647,27.912
2026-02-26 16:27:00,54.752,0.0,27.632,27.632,125.0,0.0,,90.0,27.12,27.632
2026-02-26 16:28:00,54.947,0.0,27.351,27.351,125.0,0.0,,90.0,27.596,27.351
2026-02-26 16:29:00,55.145,0.0,27.07,27.07,125.0,0.0,,90.0,28.075,27.07
2026-02-26 16:30:00,55.345,0.0,26.788,26.788,125.0,0.0,,90.0,28.557,26.788
2026-02-26 16:31:00,55.549,0.0,26.505,26.505,125.0,0.0,,90.0,29.043,26.505
2026-02-26 16:32:00,55.755,0.0,26.222,26.222,125.0,0.0,,90.0,29.533,26.222
2026-02-26 16:33:00,55.964,0.0,25.939,25.939,125.0,0.0,,90.0,30.025,25.939
2026-02-26 16:34:00,56.176,0.0,25.655,25.655,125.0,0.0,,90.0,30.521,25.655
2026-02-26 16:35:00,56.391,0.0,25.371,25.371,125.0,0.0,,90.0,31.02,25.371
2026-02-26 16:36:00,56.609,0.0,25.086,25.086,125.0,0.0,,90.0,31.523,25.086
2026-02-26 16:37:00,56.829,0.0,24.8,24.8,125.0,0.0,,90.0,32.029,24.8
2026-02-26 16:38:00,57.053,0.0,24.515,24.515,125.0,0.0,,90.0,32.538,24.515
2026-02-26 16:39:00,57.279,0.0,24.228,24.228,125.0,0.0,,90.0,33.051,24.228
2026-02-26 16:40:00,57.509,0.0,23.941,23.941,125.0,0.0,,90.0,33.567,23.941
2026-02-26 16:41:00,57.741,0.0,23.654,23.654,125.0,0.0,,90.0,34.087,23.654
2026-02-26 16:42:00,57.976,0.0,23.366,23.366,125.0,0.0,,90.0,34.609,23.366
2026-02-26 16:43:00,58.214,0.0,23.078,23.078,125.0,0.0,,90.0,35.136,23.078
2026-02-26 16:44:00,58.455,0.0,22.79,22.79,125.0,0.0,,90.0,35.665,22.79
2026-02-26 16:45:00,58.699,0.0,22.501,22.501,125.0,0.0,,90.0,36.198,22.501
2026-02-26 16:46:00,58.945,0.0,22.211,22.211,125.0,0.0,,90.0,36.734,22.211
2026-02-26 16:47:00,59.195,0.0,21.921,21.921,125.0,0.0,,90.0,37.273,21.921
2026-02-26 16:48:00,59.447,0.0,21.631,21.631,125.0,0.0,,90.0,37.816,21.631
2026-02-26 16:49:00,59.703,0.0,21.341,21.341,125.0,0.0,,90.0,38.362,21.341
2026-02-26 16:50:00,59.961,0.0,21.049,21.049,125.0,0.0,,90.0,38.912,21.049
2026-02-26 16:51:00,60.222,0.0,20.758,20.758,125.0,0.0,,90.0,39.464,20.758
2026-02-26 16:52:00,60.486,0.0,20.466,20.466,125.0,0.0,,90.0,40.02,20.466
2026-02-26 16:53:00,60.753,0.0,20.174,20.174,125.0,0.0,,90.0,40.58,20.174
2026-02-26 16:54:00,61.023,0.0,19.881,19.881,125.0,0.0,,90.0,41.142,19.881
2026-02-26 16:55:00,61.296,0.0,19.588,19.588,125.0,0.0,,90.0,41.708,19.588
2026-02-26 16:56:00,61.571,0.0,19.295,19.295,125.0,0.0,,90.0,42.277,19.295
2026-02-26 16:57:00,61.85,0.0,19.001,19.001,125.0,0.0,,90.0,42.849,19.001
2026-02-26 16:58:00,62.131,0.0,18.707,18.707,125.0,0.0,,90.0,43.424,18.707
2026-02-26 16:59:00,62.415,0.0,18.412,18.412,125.0,0.0,,90.0,44.002,18.412
2026-02-26 17:00:00,62.701,0.0,18.117,18.117,125.0,0.0,,90.0,44.584,18.117
2026-02-26 17:01:00,62.991,0.0,17.822,17.822,125.0,0.0,,90.0,45.169,17.822
2026-02-26 17:02:00,63.283,0.0,17.527,17.527,125.0,0.0,,90.0,45.756,17.527
2026-02-26 17:03:00,63.578,0.0,17.231,17.231,125.0,0.0,,90.0,46.347,17.231
2026-02-26 17:04:00,63.876,0.0,16.935,16.935,125.0,0.0,,90.0,46.941,16.935
2026-02-26 17:05:00,64.176,0.0,16.638,16.638,125.0,0.0,,90.0,47.538,16.638
2026-02-26 17:06:00,64.479,0.0,16.341,16.341,125.0,0.0,,90.0,48.138,16.341
2026-02-26 17:07:00,64.785,0.0,16.044,16.044,125.0,0.0,,90.0,48.741,16.044
2026-02-26 17:08:00,65.093,0.0,15.747,15.747,125.0,0.0,,90.0,49.347,15.747
2026-02-26 17:09:00,65.404,0.0,15.449,15.449,125.0,0.0,,90.0,49.955,15.449
2026-02-26 17:10:00,65.717,0.0,15.151,15.151,125.0,0.0,,90.0,50.567,15.151
2026-02-26 17:11:00,66.033,0.0,14.852,14.852,125.0,0.0,,90.0,51.181,14.852
2026-02-26 17:12:00,66.352,0.0,14.554,14.554,125.0,0.0,,90.0,51.798,14.554
2026-02-26 17:13:00,66.673,0.0,14.255,14.255,125.0,0.0,,90.0,52.418,14.255
2026-02-26 17:14:00,66.996,0.0,13.956,13.956,125.0,0.0,,90.0,53.041,13.956
2026-02-26 17:15:00,67.322,0.0,13.656,13.656,125.0,0.0,,90.0,53.666,13.656
2026-02-26 17:16:00,67.65,0.0,13.357,13.357,125.0,0.0,,90.0,54.294,13.357
2026-02-26 17:17:00,67.981,0.0,13.057,13.057,125.0,0.0,,90.0,54.924,13.057
2026-02-26 17:18:00,68.313,0.0,12.756,12.756,125.0,0.0,,90.0,55.557,12.756
2026-02-26 17:19:00,68.649,0.0,12.456,12.456,125.0,0.0,,90.0,56.192,12.456
2026-02-26 17:20:00,68.986,0.0,12.155,12.155,125.0,0.0,,90.0,56.83,12.155
2026-02-26 17:21:00,69.325,0.0,11.854,11.854,125.0,0.0,,90.0,57.471,11.854
2026-02-26 17:22:00,69.667,0.0,11.553,11.553,125.0,0.0,,90.0,58.113,11.553
2026-02-26 17:23:00,70.01,0.0,11.252,11.252,125.0,0.0,,90.0,58.758,11.252
2026-02-26 17:24:00,70.356,0.0,10.95,10.95,125.0,0.0,,90.0,59.406,10.95
2026-02-26 17:25:00,70.704,0.0,10.649,10.649,125.0,0.0,,90.0,60.055,10.649
2026-02-26 17:26:00,71.053,0.0,10.347,10.347,125.0,0.0,,90.0,60.707,10.347
2026-02-26 17:27:00,71.405,0.0,10.044,10.044,125.0,0.0,,90.0,61.36,10.044
2026-02-26 17:28:00,71.758,0.0,9.742,9.742,125.0,0.0,,90.0,62.016,9.742
2026-02-26 17:29:00,72.113,0.0,9.44,9.44,125.0,0.0,,90.0,62.674,9.44
2026-02-26 17:30:00,72.47,0.0,9.137,9.137,125.0,0.0,,90.0,63.333,9.137
2026-02-26 17:31:00,72.829,0.0,8.834,8.834,125.0,0.0,,90.0,63.995,8.834
2026-02-26 17:32:00,73.189,0.0,8.531,8.531,125.0,0.0,,90.0,64.658,8.531
2026-02-26 17:33:00,73.55,0.0,8.228,8.228,125.0,0.0,,90.0,65.323,8.228
2026-02-26 17:34:00,73.914,0.0,7.924,7.924,125.0,0.0,,90.0,65.989,7.924
2026-02-26 17:35:00,74.278,0.0,7.621,7.621,125.0,0.0,,90.0,66.657,7.621
2026-02-26 17:36:00,74.644,0.0,7.317,7.317,125.0,0.0,,90.0,67.327,7.317
2026-02-26 17:37:00,75.012,0.0,7.013,7.013,125.0,0.0,,90.0,67.998,7.013
2026-02-26 17:38:00,75.38,0.0,6.709,6.709,125.0,0.0,,90.0,68.671,6.709
2026-02-26 17:39:00,75.75,0.0,6.405,6.405,125.0,0.0,,90.0,69.345,6.405
2026-02-26 17:40:00,76.121,0.0,6.101,6.101,125.0,0.0,,90.0,70.02,6.101
2026-02-26 17:41:00,76.493,0.0,5.797,5.797,125.0,0.0,,90.0,70.696,5.797
2026-02-26 17:42:00,76.866,0.0,5.492,5.492,125.0,0.0,,90.0,71.374,5.492
2026-02-26 17:43:00,77.24,0.0,5.188,5.188,125.0,0.0,,90.0,72.052,5.188
2026-02-26 17:44:00,77.614,0.0,4.883,4.883,125.0,0.0,,90.0,72.731,4.883
2026-02-26 17:45:00,77.99,0.0,4.578,4.578,125.0,0.0,,90.0,73.412,4.578
2026-02-26 17:46:00,78.366,0.0,4.273,4.273,125.0,0.0,,90.0,74.093,4.273
2026-02-26 17:47:00,78.743,0.0,3.968,3.968,125.0,0.0,,90.0,74.774,3.968
2026-02-26 17:48:00,79.12,0.0,3.664,3.664,125.0,0.0,,90.0,75.457,3.664
2026-02-26 17:49:00,79.498,0.0,3.358,3.358,125.0,0.0,,90.0,76.14,3.358
2026-02-26 17:50:00,79.876,0.0,3.053,3.053,125.0,0.0,,90.0,76.823,3.053
2026-02-26 17:51:00,80.255,0.0,2.748,2.748,125.0,0.0,,90.0,77.507,2.748
2026-02-26 17:52:00,80.634,0.0,2.443,2.443,125.0,0.0,,90.0,78.191,2.443
2026-02-26 17:53:00,81.013,0.0,2.138,2.138,125.0,0.0,,90.0,78.875,2.138
2026-02-26 17:54:00,81.392,0.0,1.832,1.832,125.0,0.0,,90.0,79.559,1.832
2026-02-26 17:55:00,81.771,0.0,1.527,1.527,125.0,0.0,,90.0,80.244,1.527
2026-02-26 17:56:00,82.15,0.0,1.222,1.222,125.0,0.0,,90.0,80.928,1.222
2026-02-26 17:57:00,82.529,0.0,0.916,0.916,125.0,0.0,,90.0,81.612,0.916
2026-02-26 17:58:00,82.907,0.0,0.611,0.611,125.0,0.0,,90.0,82.296,0.611
2026-02-26 17:59:00,83.286,0.0,0.305,0.305,125.0,0.0,,90.0,82.98,0.305
2026-02-26 18:00:00,83.663,100.0,100.0,100.0,125.0,100.0,100.0,89.36,-16.337,0.0
2026-02-26 18:01:00,84.041,100.0,100.0,100.0,125.0,100.0,100.0,88.72,-15.959,0.0
2026-02-26 18:02:00,84.417,100.0,100.0,100.0,125.0,100.0,100.0,88.08,-15.583,0.0
2026-02-26 18:03:00,84.793,100.0,100.0,100.0,125.0,100.0,100.0,87.44,-15.207,0.0
2026-02-26 18:04:00,85.169,100.0,100.0,100.0,125.0,100.0,100.0,86.79,-14.831,0.0
2026-02-26 18:05:00,85.543,100.0,100.0,100.0,125.0,100.0,100.0,86.15,-14.457,0.0
2026-02-26 18:06:00,85.916,100.0,100.0,100.0,125.0,100.0,100.0,85.51,-14.084,0.0
2026-02-26 18:07:00,86.289,100.0,100.0,100.0,125.0,100.0,100.0,84.87,-13.711,0.0
2026-02-26 18:08:00,86.66,100.0,100.0,100.0,125.0,100.0,100.0,84.23,-13.34,0.0
2026-02-26 18:09:00,87.03,100.0,100.0,100.0,125.0,100.0,100.0,83.59,-12.97,0.0
2026-02-26 18:10:00,87.399,100.0,100.0,100.0,125.0,100.0,100.0,82.95,-12.601,0.0
2026-02-26 18:11:00,87.766,100.0,100.0,100.0,125.0,100.0,100.0,82.31,-12.234,0.0
2026-02-26 18:12:00,88.132,100.0,100.0,100.0,125.0,100.0,100.0,81.67,-11.868,0.0
2026-02-26 18:13:00,88.496,100.0,100.0,100.0,125.0,100.0,100.0,81.03,-11.504,0.0
2026-02-26 18:14:00,88.859,100.0,100.0,100.0,125.0,100.0,100.0,80.38,-11.141,0.0
2026-02-26 18:15:00,89.22,100.0,100.0,100.0,125.0,100.0,100.0,79.74,-10.78,0.0
2026-02-26 18:16:00,89.579,100.0,100.0,100.0,125.0,100.0,100.0,79.1,-10.421,0.0
2026-02-26 18:17:00,89.935,100.0,100.0,100.0,125.0,100.0,100.0,78.46,-10.065,0.0
2026-02-26 18:18:00,90.29,100.0,100.0,100.0,125.0,100.0,100.0,77.82,-9.71,0.0
2026-02-26 18:19:00,90.643,100.0,100.0,100.0,125.0,100.0,100.0,77.18,-9.357,0.0
2026-02-26 18:20:00,90.994,100.0,100.0,100.0,125.0,100.0,100.0,76.54,-9.006,0.0
2026-02-26 18:21:00,91.342,100.0,100.0,100.0,125.0,100.0,100.0,75.9,-8.658,0.0
2026-02-26 18:22:00,91.688,100.0,100.0,100.0,125.0,100.0,100.0,75.26,-8.312,0.0
2026-02-26 18:23:00,92.031,100.0,100.0,100.0,125.0,100.0,100.0,74.62,-7.969,0.0
2026-02-26 18:24:00,92.371,100.0,100.0,100.0,125.0,100.0,100.0,73.97,-7.629,0.0
2026-02-26 18:25:00,92.709,100.0,100.0,100.0,125.0,100.0,100.0,73.33,-7.291,0.0
2026-02-26 18:26:00,93.044,100.0,100.0,100.0,125.0,100.0,100.0,72.69,-6.956,0.0
2026-02-26 18:27:00,93.376,100.0,100.0,100.0,125.0,100.0,100.0,72.05,-6.624,0.0
2026-02-26 18:28:00,93.706,100.0,100.0,100.0,125.0,100.0,100.0,71.41,-6.294,0.0
2026-02-26 18:29:00,94.032,100.0,100.0,100.0,125.0,100.0,100.0,70.77,-5.968,0.0
2026-02-26 18:30:00,94.355,100.0,100.0,100.0,125.0,100.0,100.0,70.13,-5.645,0.0
2026-02-26 18:31:00,94.674,100.0,100.0,100.0,125.0,100.0,100.0,69.49,-5.326,0.0
2026-02-26 18:32:00,94.991,100.0,100.0,100.0,125.0,100.0,100.0,68.85,-5.009,0.0
2026-02-26 18:33:00,95.304,100.0,100.0,100.0,125.0,100.0,100.0,68.21,-4.696,0.0
2026-02-26 18:34:00,95.613,100.0,100.0,100.0,125.0,100.0,100.0,67.56,-4.387,0.0
2026-02-26 18:35:00,95.919,100.0,100.0,100.0,125.0,100.0,100.0,66.92,-4.081,0.0
2026-02-26 18:36:00,96.221,100.0,100.0,100.0,125.0,100.0,100.0,66.28,-3.779,0.0
2026-02-26 18:37:00,96.519,100.0,100.0,100.0,125.0,100.0,100.0,65.64,-3.481,0.0
2026-02-26 18:38:00,96.813,100.0,100.0,100.0,125.0,100.0,100.0,65.0,-3.187,0.0
2026-02-26 18:39:00,97.103,100.0,100.0,100.0,125.0,100.0,100.0,64.36,-2.897,0.0
2026-02-26 18:40:00,97.39,100.0,100.0,100.0,125.0,100.0,100.0,63.72,-2.61,0.0
2026-02-26 18:41:00,97.672,100.0,100.0,100.0,125.0,100.0,100.0,63.08,-2.328,0.0
2026-02-26 18:42:00,97.95,100.0,100.0,100.0,125.0,100.0,100.0,62.44,-2.05,0.0
2026-02-26 18:43:00,98.223,100.0,100.0,100.0,125.0,100.0,100.0,61.79,-1.777,0.0
2026-02-26 18:44:00,98.493,100.0,100.0,100.0,125.0,100.0,100.0,61.15,-1.507,0.0
2026-02-26 18:45:00,98.757,100.0,100.0,100.0,125.0,100.0,100.0,60.51,-1.243,0.0
2026-02-26 18:46:00,99.018,100.0,100.0,100.0,125.0,100.0,100.0,59.87,-0.982,0.0
2026-02-26 18:47:00,99.273,100.0,100.0,100.0,125.0,100.0,100.0,59.23,-0.727,0.0
2026-02-26 18:48:00,99.524,100.0,100.0,100.0,125.0,100.0,100.0,58.59,-0.476,0.0
2026-02-26 18:49:00,99.77,100.0,100.0,100.0,125.0,100.0,100.0,57.95,-0.23,0.0
2026-02-26 18:50:00,100.011,100.0,100.0,100.0,125.0,100.0,100.0,57.31,0.011,0.0
2026-02-26 18:51:00,100.248,100.0,100.0,100.0,125.0,100.0,100.0,56.67,0.248,0.0
2026-02-26 18:52:00,100.479,100.0,100.0,100.0,125.0,100.0,100.0,56.03,0.479,0.0
2026-02-26 18:53:00,100.705,100.0,100.0,100.0,125.0,100.0,100.0,55.38,0.705,0.0
2026-02-26 18:54:00,100.926,100.0,100.0,100.0,125.0,100.0,100.0,54.74,0.926,0.0
2026-02-26 18:55:00,101.142,100.0,100.0,100.0,125.0,100.0,100.0,54.1,1.142,0.0
2026-02-26 18:56:00,101.353,100.0,100.0,100.0,125.0,100.0,100.0,53.46,1.353,0.0
2026-02-26 18:57:00,101.558,100.0,100.0,100.0,125.0,100.0,100.0,52.82,1.558,0.0
2026-02-26 18:58:00,101.758,100.0,100.0,100.0,125.0,100.0,100.0,52.18,1.758,0.0
2026-02-26 18:59:00,101.952,100.0,100.0,100.0,125.0,100.0,100.0,51.54,1.952,0.0
2026-02-26 19:00:00,102.141,100.0,100.0,100.0,125.0,100.0,100.0,50.9,2.141,0.0
2026-02-26 19:01:00,102.324,100.0,100.0,100.0,125.0,100.0,100.0,50.26,2.324,0.0
2026-02-26 19:02:00,102.501,100.0,100.0,100.0,125.0,100.0,100.0,49.62,2.501,0.0
2026-02-26 19:03:00,102.673,100.0,100.0,100.0,125.0,100.0,100.0,48.97,2.673,0.0
2026-02-26 19:04:00,102.839,100.0,100.0,100.0,125.0,100.0,100.0,48.33,2.839,0.0
2026-02-26 19:05:00,103.0,100.0,100.0,100.0,125.0,100.0,100.0,47.69,3.0,0.0
2026-02-26 19:06:00,103.154,100.0,100.0,100.0,125.0,100.0,100.0,47.05,3.154,0.0
2026-02-26 19:07:00,103.302,100.0,100.0,100.0,125.0,100.0,100.0,46.41,3.302,0.0
2026-02-26 19:08:00,103.445,100.0,100.0,100.0,125.0,100.0,100.0,45.77,3.445,0.0
2026-02-26 19:09:00,103.581,100.0,100.0,100.0,125.0,100.0,100.0,45.13,3.581,0.0
2026-02-26 19:10:00,103.712,100.0,100.0,100.0,125.0,100.0,100.0,44.49,3.712,0.0
2026-02-26 19:11:00,103.836,100.0,100.0,100.0,125.0,100.0,100.0,43.85,3.836,0.0
2026-02-26 19:12:00,103.955,100.0,100.0,100.0,125.0,100.0,100.0,43.21,3.955,0.0
2026-02-26 19:13:00,104.067,100.0,100.0,100.0,125.0,100.0,100.0,42.56,4.067,0.0
2026-02-26 19:14:00,104.172,100.0,100.0,100.0,125.0,100.0,100.0,41.92,4.172,0.0
2026-02-26 19:15:00,104.272,100.0,100.0,100.0,125.0,100.0,100.0,41.28,4.272,0.0
2026-02-26 19:16:00,104.365,100.0,100.0,100.0,125.0,100.0,100.0,40.64,4.365,0.0
2026-02-26 19:17:00,104.452,100.0,100.0,100.0,125.0,100.0,100.0,40.0,4.452,0.0
2026-02-26 19:18:00,104.533,100.0,100.0,100.0,125.0,100.0,100.0,39.36,4.533,0.0
2026-02-26 19:19:00,104.607,100.0,100.0,100.0,125.0,100.0,100.0,38.72,4.607,0.0
2026-02-26 19:20:00,104.675,100.0,100.0,100.0,125.0,100.0,100.0,38.08,4.675,0.0
2026-02-26 19:21:00,104.737,100.0,100.0,100.0,125.0,100.0,100.0,37.44,4.737,0.0
2026-02-26 19:22:00,104.792,100.0,100.0,100.0,125.0,100.0,100.0,36.79,4.792,0.0
2026-02-26 19:23:00,104.841,100.0,100.0,100.0,125.0,100.0,100.0,36.15,4.841,0.0
2026-02-26 19:24:00,104.883,100.0,100.0,100.0,125.0,100.0,100.0,35.51,4.883,0.0
2026-02-26 19:25:00,104.919,100.0,100.0,100.0,125.0,100.0,100.0,34.87,4.919,0.0
2026-02-26 19:26:00,104.948,100.0,100.0,100.0,125.0,100.0,100.0,34.23,4.948,0.0
2026-02-26 19:27:00,104.971,100.0,100.0,100.0,125.0,100.0,100.0,33.59,4.971,0.0
2026-02-26 19:28:00,104.987,100.0,100.0,100.0,125.0,100.0,100.0,32.95,4.987,0.0
2026-02-26 19:29:00,104.997,100.0,100.0,100.0,125.0,100.0,100.0,32.31,4.997,0.0
2026-02-26 19:30:00,105.0,100.0,100.0,100.0,125.0,100.0,100.0,31.67,5.0,0.0
2026-02-26 19:31:00,104.997,100.0,100.0,100.0,125.0,100.0,100.0,31.03,4.997,0.0
2026-02-26 19:32:00,104.987,100.0,100.0,100.0,125.0,100.0,100.0,30.38,4.987,0.0
2026-02-26 19:33:00,104.971,100.0,100.0,100.0,125.0,100.0,100.0,29.74,4.971,0.0
2026-02-26 19:34:00,104.948,100.0,100.0,100.0,125.0,100.0,100.0,29.1,4.948,0.0
2026-02-26 19:35:00,104.919,100.0,100.0,100.0,125.0,100.0,100.0,28.46,4.919,0.0
2026-02-26 19:36:00,104.883,100.0,100.0,100.0,125.0,100.0,100.0,27.82,4.883,0.0
2026-02-26 19:37:00,104.841,100.0,100.0,100.0,125.0,100.0,100.0,27.18,4.841,0.0
2026-02-26 19:38:00,104.792,100.0,100.0,100.0,125.0,100.0,100.0,26.54,4.792,0.0
2026-02-26 19:39:00,104.737,100.0,100.0,100.0,125.0,100.0,100.0,25.9,4.737,0.0
2026-02-26 19:40:00,104.675,100.0,100.0,100.0,125.0,100.0,100.0,25.26,4.675,0.0
2026-02-26 19:41:00,104.607,100.0,100.0,100.0,125.0,100.0,100.0,24.62,4.607,0.0
2026-02-26 19:42:00,104.533,100.0,100.0,100.0,125.0,100.0,100.0,23.97,4.533,0.0
2026-02-26 19:43:00,104.452,100.0,100.0,100.0,125.0,100.0,100.0,23.33,4.452,0.0
2026-02-26 19:44:00,104.365,100.0,100.0,100.0,125.0,100.0,100.0,22.69,4.365,0.0
2026-02-26 19:45:00,104.272,100.0,100.0,100.0,125.0,100.0,100.0,22.05,4.272,0.0
2026-02-26 19:46:00,104.172,100.0,100.0,100.0,125.0,100.0,100.0,21.41,4.172,0.0
2026-02-26 19:47:00,104.067,100.0,100.0,100.0,125.0,100.0,100.0,20.77,4.067,0.0
2026-02-26 19:48:00,103.955,100.0,100.0,100.0,125.0,100.0,100.0,20.13,3.955,0.0
2026-02-26 19:49:00,103.836,100.0,100.0,100.0,125.0,100.0,100.0,19.49,3.836,0.0
2026-02-26 19:50:00,103.712,100.0,100.0,100.0,125.0,100.0,100.0,18.85,3.712,0.0
2026-02-26 19:51:00,103.581,100.0,100.0,100.0,125.0,100.0,100.0,18.21,3.581,0.0
2026-02-26 19:52:00,103.445,100.0,100.0,100.0,125.0,100.0,100.0,17.56,3.445,0.0
2026-02-26 19:53:00,103.302,100.0,100.0,100.0,125.0,100.0,100.0,16.92,3.302,0.0
2026-02-26 19:54:00,103.154,100.0,100.0,100.0,125.0,100.0,100.0,16.28,3.154,0.0
2026-02-26 19:55:00,103.0,100.0,100.0,100.0,125.0,100.0,100.0,15.64,3.0,0.0
2026-02-26 19:56:00,102.839,100.0,100.0,100.0,125.0,100.0,100.0,15.0,2.839,0.0
2026-02-26 19:57:00,102.673,100.0,100.0,100.0,125.0,100.0,100.0,14.36,2.673,0.0
2026-02-26 19:58:00,102.501,100.0,100.0,100.0,125.0,100.0,100.0,13.72,2.501,0.0
2026-02-26 19:59:00,102.324,100.0,100.0,100.0,125.0,100.0,100.0,13.08,2.324,0.0
2026-02-26 20:00:00,102.141,0.0,0.0,0.0,125.0,0.0,,13.08,102.141,0.0
2026-02-26 20:01:00,101.952,0.0,0.0,0.0,125.0,0.0,,13.08,101.952,0.0
2026-02-26 20:02:00,101.758,0.0,0.0,0.0,125.0,0.0,,13.08,101.758,0.0
2026-02-26 20:03:00,101.558,0.0,0.0,0.0,125.0,0.0,,13.08,101.558,0.0
2026-02-26 20:04:00,101.353,0.0,0.0,0.0,125.0,0.0,,13.08,101.353,0.0
2026-02-26 20:05:00,101.142,0.0,0.0,0.0,125.0,0.0,,13.08,101.142,0.0
2026-02-26 20:06:00,100.926,0.0,0.0,0.0,125.0,0.0,,13.08,100.926,0.0
2026-02-26 20:07:00,100.705,0.0,0.0,0.0,125.0,0.0,,13.08,100.705,0.0
2026-02-26 20:08:00,100.479,0.0,0.0,0.0,125.0,0.0,,13.08,100.479,0.0
2026-02-26 20:09:00,100.248,0.0,0.0,0.0,125.0,0.0,,13.08,100.248,0.0
2026-02-26 20:10:00,100.011,0.0,0.0,0.0,125.0,0.0,,13.08,100.011,0.0
2026-02-26 20:11:00,99.77,0.0,0.0,0.0,125.0,0.0,,13.08,99.77,0.0
2026-02-26 20:12:00,99.524,0.0,0.0,0.0,125.0,0.0,,13.08,99.524,0.0
2026-02-26 20:13:00,99.273,0.0,0.0,0.0,125.0,0.0,,13.08,99.273,0.0
2026-02-26 20:14:00,99.018,0.0,0.0,0.0,125.0,0.0,,13.08,99.018,0.0
2026-02-26 20:15:00,98.757,0.0,0.0,0.0,125.0,0.0,,13.08,98.757,0.0
2026-02-26 20:16:00,98.493,0.0,0.0,0.0,125.0,0.0,,13.08,98.493,0.0
2026-02-26 20:17:00,98.223,0.0,0.0,0.0,125.0,0.0,,13.08,98.223,0.0
2026-02-26 20:18:00,97.95,0.0,0.0,0.0,125.0,0.0,,13.08,97.95,0.0
2026-02-26 20:19:00,97.672,0.0,0.0,0.0,125.0,0.0,,13.08,97.672,0.0
2026-02-26 20:20:00,97.39,0.0,0.0,0.0,125.0,0.0,,13.08,97.39,0.0
2026-02-26 20:21:00,97.103,0.0,0.0,0.0,125.0,0.0,,13.08,97.103,0.0
2026-02-26 20:22:00,96.813,0.0,0.0,0.0,125.0,0.0,,13.08,96.813,0.0
2026-02-26 20:23:00,96.519,0.0,0.0,0.0,125.0,0.0,,13.08,96.519,0.0
2026-02-26 20:24:00,96.221,0.0,0.0,0.0,125.0,0.0,,13.08,96.221,0.0
2026-02-26 20:25:00,95.919,0.0,0.0,0.0,125.0,0.0,,13.08,95.919,0.0
2026-02-26 20:26:00,95.613,0.0,0.0,0.0,125.0,0.0,,13.08,95.613,0.0
2026-02-26 20:27:00,95.304,0.0,0.0,0.0,125.0,0.0,,13.08,95.304,0.0
2026-02-26 20:28:00,94.991,0.0,0.0,0.0,125.0,0.0,,13.08,94.991,0.0
2026-02-26 20:29:00,94.674,0.0,0.0,0.0,125.0,0.0,,13.08,94.674,0.0
2026-02-26 20:30:00,94.355,0.0,0.0,0.0,125.0,0.0,,13.08,94.355,0.0
2026-02-26 20:31:00,94.032,0.0,0.0,0.0,125.0,0.0,,13.08,94.032,0.0
2026-02-26 20:32:00,93.706,0.0,0.0,0.0,125.0,0.0,,13.08,93.706,0.0
2026-02-26 20:33:00,93.376,0.0,0.0,0.0,125.0,0.0,,13.08,93.376,0.0
2026-02-26 20:34:00,93.044,0.0,0.0,0.0,125.0,0.0,,13.08,93.044,0.0
2026-02-26 20:35:00,92.709,0.0,0.0,0.0,125.0,0.0,,13.08,92.709,0.0
2026-02-26 20:36:00,92.371,0.0,0.0,0.0,125.0,0.0,,13.08,92.371,0.0
2026-02-26 20:37:00,92.031,0.0,0.0,0.0,125.0,0.0,,13.08,92.031,0.0
2026-02-26 20:38:00,91.688,0.0,0.0,0.0,125.0,0.0,,13.08,91.688,0.0
2026-02-26 20:39:00,91.342,0.0,0.0,0.0,125.0,0.0,,13.08,91.342,0.0
2026-02-26 20:40:00,90.994,0.0,0.0,0.0,125.0,0.0,,13.08,90.994,0.0
2026-02-26 20:41:00,90.643,0.0,0.0,0.0,125.0,0.0,,13.08,90.643,0.0
2026-02-26 20:42:00,90.29,0.0,0.0,0.0,125.0,0.0,,13.08,90.29,0.0
2026-02-26 20:43:00,89.935,0.0,0.0,0.0,125.0,0.0,,13.08,89.935,0.0
2026-02-26 20:44:00,89.579,0.0,0.0,0.0,125.0,0.0,,13.08,89.579,0.0
2026-02-26 20:45:00,89.22,0.0,0.0,0.0,125.0,0.0,,13.08,89.22,0.0
2026-02-26 20:46:00,88.859,0.0,0.0,0.0,125.0,0.0,,13.08,88.859,0.0
2026-02-26 20:47:00,88.496,0.0,0.0,0.0,125.0,0.0,,13.08,88.496,0.0
2026-02-26 20:48:00,88.132,0.0,0.0,0.0,125.0,0.0,,13.08,88.132,0.0
2026-02-26 20:49:00,87.766,0.0,0.0,0.0,125.0,0.0,,13.08,87.766,0.0
2026-02-26 20:50:00,87.399,0.0,0.0,0.0,125.0,0.0,,13.08,87.399,0.0
2026-02-26 20:51:00,87.03,0.0,0.0,0.0,125.0,0.0,,13.08,87.03,0.0
2026-02-26 20:52:00,86.66,0.0,0.0,0.0,125.0,0.0,,13.08,86.66,0.0
2026-02-26 20:53:00,86.289,0.0,0.0,0.0,125.0,0.0,,13.08,86.289,0.0
2026-02-26 20:54:00,85.916,0.0,0.0,0.0,125.0,0.0,,13.08,85.916,0.0
2026-02-26 20:55:00,85.543,0.0,0.0,0.0,125.0,0.0,,13.08,85.543,0.0
2026-02-26 20:56:00,85.169,0.0,0.0,0.0,125.0,0.0,,13.08,85.169,0.0
2026-02-26 20:57:00,84.793,0.0,0.0,0.0,125.0,0.0,,13.08,84.793,0.0
2026-02-26 20:58:00,84.417,0.0,0.0,0.0,125.0,0.0,,13.08,84.417,0.0
2026-02-26 20:59:00,84.041,0.0,0.0,0.0,125.0,0.0,,13.08,84.041,0.0
2026-02-26 21:00:00,83.663,0.0,0.0,0.0,125.0,0.0,,13.08,83.663,0.0
2026-02-26 21:01:00,83.286,0.0,0.0,0.0,125.0,0.0,,13.08,83.286,0.0
2026-02-26 21:02:00,82.907,0.0,0.0,0.0,125.0,0.0,,13.08,82.907,0.0
2026-02-26 21:03:00,82.529,0.0,0.0,0.0,125.0,0.0,,13.08,82.529,0.0
2026-02-26 21:04:00,82.15,0.0,0.0,0.0,125.0,0.0,,13.08,82.15,0.0
2026-02-26 21:05:00,81.771,0.0,0.0,0.0,125.0,0.0,,13.08,81.771,0.0
2026-02-26 21:06:00,81.392,0.0,0.0,0.0,125.0,0.0,,13.08,81.392,0.0
2026-02-26 21:07:00,81.013,0.0,0.0,0.0,125.0,0.0,,13.08,81.013,0.0
2026-02-26 21:08:00,80.634,0.0,0.0,0.0,125.0,0.0,,13.08,80.634,0.0
2026-02-26 21:09:00,80.255,0.0,0.0,0.0,125.0,0.0,,13.08,80.255,0.0
2026-02-26 21:10:00,79.876,0.0,0.0,0.0,125.0,0.0,,13.08,79.876,0.0
2026-02-26 21:11:00,79.498,0.0,0.0,0.0,125.0,0.0,,13.08,79.498,0.0
2026-02-26 21:12:00,79.12,0.0,0.0,0.0,125.0,0.0,,13.08,79.12,0.0
2026-02-26 21:13:00,78.743,0.0,0.0,0.0,125.0,0.0,,13.08,78.743,0.0
2026-02-26 21:14:00,78.366,0.0,0.0,0.0,125.0,0.0,,13.08,78.366,0.0
2026-02-26 21:15:00,77.99,0.0,0.0,0.0,125.0,0.0,,13.08,77.99,0.0
2026-02-26 21:16:00,77.614,0.0,0.0,0.0,125.0,0.0,,13.08,77.614,0.0
2026-02-26 21:17:00,77.24,0.0,0.0,0.0,125.0,0.0,,13.08,77.24,0.0
2026-02-26 21:18:00,76.866,0.0,0.0,0.0,125.0,0.0,,13.08,76.866,0.0
2026-02-26 21:19:00,76.493,0.0,0.0,0.0,125.0,0.0,,13.08,76.493,0.0
2026-02-26 21:20:00,76.121,0.0,0.0,0.0,125.0,0.0,,13.08,76.121,0.0
2026-02-26 21:21:00,75.75,0.0,0.0,0.0,125.0,0.0,,13.08,75.75,0.0
2026-02-26 21:22:00,75.38,0.0,0.0,0.0,125.0,0.0,,13.08,75.38,0.0
2026-02-26 21:23:00,75.012,0.0,0.0,0.0,125.0,0.0,,13.08,75.012,0.0
2026-02-26 21:24:00,74.644,0.0,0.0,0.0,125.0,0.0,,13.08,74.644,0.0
2026-02-26 21:25:00,74.278,0.0,0.0,0.0,125.0,0.0,,13.08,74.278,0.0
2026-02-26 21:26:00,73.914,0.0,0.0,0.0,125.0,0.0,,13.08,73.914,0.0
2026-02-26 21:27:00,73.55,0.0,0.0,0.0,125.0,0.0,,13.08,73.55,0.0
2026-02-26 21:28:00,73.189,0.0,0.0,0.0,125.0,0.0,,13.08,73.189,0.0
2026-02-26 21:29:00,72.829,0.0,0.0,0.0,125.0,0.0,,13.08,72.829,0.0
2026-02-26 21:30:00,72.47,0.0,0.0,0.0,125.0,0.0,,13.08,72.47,0.0
2026-02-26 21:31:00,72.113,0.0,0.0,0.0,125.0,0.0,,13.08,72.113,0.0
2026-02-26 21:32:00,71.758,0.0,0.0,0.0,125.0,0.0,,13.08,71.758,0.0
2026-02-26 21:33:00,71.405,0.0,0.0,0.0,125.0,0.0,,13.08,71.405,0.0
2026-02-26 21:34:00,71.053,0.0,0.0,0.0,125.0,0.0,,13.08,71.053,0.0
2026-02-26 21:35:00,70.704,0.0,0.0,0.0,125.0,0.0,,13.08,70.704,0.0
2026-02-26 21:36:00,70.356,0.0,0.0,0.0,125.0,0.0,,13.08,70.356,0.0
2026-02-26 21:37:00,70.01,0.0,0.0,0.0,125.0,0.0,,13.08,70.01,0.0
2026-02-26 21:38:00,69.667,0.0,0.0,0.0,125.0,0.0,,13.08,69.667,0.0
2026-02-26 21:39:00,69.325,0.0,0.0,0.0,125.0,0.0,,13.08,69.325,0.0
2026-02-26 21:40:00,68.986,0.0,0.0,0.0,125.0,0.0,,13.08,68.986,0.0
2026-02-26 21:41:00,68.649,0.0,0.0,0.0,125.0,0.0,,13.08,68.649,0.0
2026-02-26 21:42:00,68.313,0.0,0.0,0.0,125.0,0.0,,13.08,68.313,0.0
2026-02-26 21:43:00,67.981,0.0,0.0,0.0,125.0,0.0,,13.08,67.981,0.0
2026-02-26 21:44:00,67.65,0.0,0.0,0.0,125.0,0.0,,13.08,67.65,0.0
2026-02-26 21:45:00,67.322,0.0,0.0,0.0,125.0,0.0,,13.08,67.322,0.0
2026-02-26 21:46:00,66.996,0.0,0.0,0.0,125.0,0.0,,13.08,66.996,0.0
2026-02-26 21:47:00,66.673,0.0,0.0,0.0,125.0,0.0,,13.08,66.673,0.0
2026-02-26 21:48:00,66.352,0.0,0.0,0.0,125.0,0.0,,13.08,66.352,0.0
2026-02-26 21:49:00,66.033,0.0,0.0,0.0,125.0,0.0,,13.08,66.033,0.0
2026-02-26 21:50:00,65.717,0.0,0.0,0.0,125.0,0.0,,13.08,65.717,0.0
2026-02-26 21:51:00,65.404,0.0,0.0,0.0,125.0,0.0,,13.08,65.404,0.0
2026-02-26 21:52:00,65.093,0.0,0.0,0.0,125.0,0.0,,13.08,65.093,0.0
2026-02-26 21:53:00,64.785,0.0,0.0,0.0,125.0,0.0,,13.08,64.785,0.0
2026-02-26 21:54:00,64.479,0.0,0.0,0.0,125.0,0.0,,13.08,64.479,0.0
2026-02-26 21:55:00,64.176,0.0,0.0,0.0,125.0,0.0,,13.08,64.176,0.0
2026-02-26 21:56:00,63.876,0.0,0.0,0.0,125.0,0.0,,13.08,63.876,0.0
2026-02-26 21:57:00,63.578,0.0,0.0,0.0,125.0,0.0,,13.08,63.578,0.0
2026-02-26 21:58:00,63.283,0.0,0.0,0.0,125.0,0.0,,13.08,63.283,0.0
2026-02-26 21:59:00,62.991,0.0,0.0,0.0,125.0,0.0,,13.08,62.991,0.0
2026-02-26 22:00:00,62.701,0.0,0.0,0.0,125.0,0.0,,13.08,62.701,0.0
2026-02-26 22:01:00,62.415,0.0,0.0,0.0,125.0,0.0,,13.08,62.415,0.0
2026-02-26 22:02:00,62.131,0.0,0.0,0.0,125.0,0.0,,13.08,62.131,0.0
2026-02-26 22:03:00,61.85,0.0,0.0,0.0,125.0,0.0,,13.08,61.85,0.0
2026-02-26 22:04:00,61.571,0.0,0.0,0.0,125.0,0.0,,13.08,61.571,0.0
2026-02-26 22:05:00,61.296,0.0,0.0,0.0,125.0,0.0,,13.08,61.296,0.0
2026-02-26 22:06:00,61.023,0.0,0.0,0.0,125.0,0.0,,13.08,61.023,0.0
2026-02-26 22:07:00,60.753,0.0,0.0,0.0,125.0,0.0,,13.08,60.753,0.0
2026-02-26 22:08:00,60.486,0.0,0.0,0.0,125.0,0.0,,13.08,60.486,0.0
2026-02-26 22:09:00,60.222,0.0,0.0,0.0,125.0,0.0,,13.08,60.222,0.0
2026-02-26 22:10:00,59.961,0.0,0.0,0.0,125.0,0.0,,13.08,59.961,0.0
2026-02-26 22:11:00,59.703,0.0,0.0,0.0,125.0,0.0,,13.08,59.703,0.0
2026-02-26 22:12:00,59.447,0.0,0.0,0.0,125.0,0.0,,13.08,59.447,0.0
2026-02-26 22:13:00,59.195,0.0,0.0,0.0,125.0,0.0,,13.08,59.195,0.0
2026-02-26 22:14:00,58.945,0.0,0.0,0.0,125.0,0.0,,13.08,58.945,0.0
2026-02-26 22:15:00,58.699,0.0,0.0,0.0,125.0,0.0,,13.08,58.699,0.0
2026-02-26 22:16:00,58.455,0.0,0.0,0.0,125.0,0.0,,13.08,58.455,0.0
2026-02-26 22:17:00,58.214,0.0,0.0,0.0,125.0,0.0,,13.08,58.214,0.0
2026-02-26 22:18:00,57.976,0.0,0.0,0.0,125.0,0.0,,13.08,57.976,0.0
2026-02-26 22:19:00,57.741,0.0,0.0,0.0,125.0,0.0,,13.08,57.741,0.0
2026-02-26 22:20:00,57.509,0.0,0.0,0.0,125.0,0.0,,13.08,57.509,0.0
2026-02-26 22:21:00,57.279,0.0,0.0,0.0,125.0,0.0,,13.08,57.279,0.0
2026-02-26 22:22:00,57.053,0.0,0.0,0.0,125.0,0.0,,13.08,57.053,0.0
2026-02-26 22:23:00,56.829,0.0,0.0,0.0,125.0,0.0,,13.08,56.829,0.0
2026-02-26 22:24:00,56.609,0.0,0.0,0.0,125.0,0.0,,13.08,56.609,0.0
2026-02-26 22:25:00,56.391,0.0,0.0,0.0,125.0,0.0,,13.08,56.391,0.0
2026-02-26 22:26:00,56.176,0.0,0.0,0.0,125.0,0.0,,13.08,56.176,0.0
2026-02-26 22:27:00,55.964,0.0,0.0,0.0,125.0,0.0,,13.08,55.964,0.0
2026-02-26 22:28:00,55.755,0.0,0.0,0.0,125.0,0.0,,13.08,55.755,0.0
2026-02-26 22:29:00,55.549,0.0,0.0,0.0,125.0,0.0,,13.08,55.549,0.0
2026-02-26 22:30:00,55.345,0.0,0.0,0.0,125.0,0.0,,13.08,55.345,0.0
2026-02-26 22:31:00,55.145,0.0,0.0,0.0,125.0,0.0,,13.08,55.145,0.0
2026-02-26 22:32:00,54.947,0.0,0.0,0.0,125.0,0.0,,13.08,54.947,0.0
2026-02-26 22:33:00,54.752,0.0,0.0,0.0,125.0,0.0,,13.08,54.752,0.0
2026-02-26 22:34:00,54.56,0.0,0.0,0.0,125.0,0.0,,13.08,54.56,0.0
2026-02-26 22:35:00,54.37,0.0,0.0,0.0,125.0,0.0,,13.08,54.37,0.0
2026-02-26 22:36:00,54.183,0.0,0.0,0.0,125.0,0.0,,13.08,54.183,0.0
2026-02-26 22:37:00,53.999,0.0,0.0,0.0,125.0,0.0,,13.08,53.999,0.0
2026-02-26 22:38:00,53.818,0.0,0.0,0.0,125.0,0.0,,13.08,53.818,0.0
2026-02-26 22:39:00,53.64,0.0,0.0,0.0,125.0,0.0,,13.08,53.64,0.0
2026-02-26 22:40:00,53.464,0.0,0.0,0.0,125.0,0.0,,13.08,53.464,0.0
2026-02-26 22:41:00,53.291,0.0,0.0,0.0,125.0,0.0,,13.08,53.291,0.0
2026-02-26 22:42:00,53.12,0.0,0.0,0.0,125.0,0.0,,13.08,53.12,0.0
2026-02-26 22:43:00,52.952,0.0,0.0,0.0,125.0,0.0,,13.08,52.952,0.0
2026-02-26 22:44:00,52.787,0.0,0.0,0.0,125.0,0.0,,13.08,52.787,0.0
2026-02-26 22:45:00,52.624,0.0,0.0,0.0,125.0,0.0,,13.08,52.624,0.0
2026-02-26 22:46:00,52.464,0.0,0.0,0.0,125.0,0.0,,13.08,52.464,0.0
2026-02-26 22:47:00,52.307,0.0,0.0,0.0,125.0,0.0,,13.08,52.307,0.0
2026-02-26 22:48:00,52.152,0.0,0.0,0.0,125.0,0.0,,13.08,52.152,0.0
2026-02-26 22:49:00,52.0,0.0,0.0,0.0,125.0,0.0,,13.08,52.0,0.0
2026-02-26 22:50:00,51.85,0.0,0.0,0.0,125.0,0.0,,13.08,51.85,0.0
2026-02-26 22:51:00,51.702,0.0,0.0,0.0,125.0,0.0,,13.08,51.702,0.0
2026-02-26 22:52:00,51.557,0.0,0.0,0.0,125.0,0.0,,13.08,51.557,0.0
2026-02-26 22:53:00,51.415,0.0,0.0,0.0,125.0,0.0,,13.08,51.415,0.0
2026-02-26 22:54:00,51.275,0.0,0.0,0.0,125.0,0.0,,13.08,51.275,0.0
2026-02-26 22:55:00,51.137,0.0,0.0,0.0,125.0,0.0,,13.08,51.137,0.0
2026-02-26 22:56:00,51.002,0.0,0.0,0.0,125.0,0.0,,13.08,51.002,0.0
2026-02-26 22:57:00,50.869,0.0,0.0,0.0,125.0,0.0,,13.08,50.869,0.0
2026-02-26 22:58:00,50.738,0.0,0.0,0.0,125.0,0.0,,13.08,50.738,0.0
2026-02-26 22:59:00,50.61,0.0,0.0,0.0,125.0,0.0,,13.08,50.61,0.0
2026-02-26 23:00:00,50.484,0.0,0.0,0.0,125.0,0.0,,13.08,50.484,0.0
2026-02-26 23:01:00,50.36,0.0,0.0,0.0,125.0,0.0,,13.08,50.36,0.0
2026-02-26 23:02:00,50.238,0.0,0.0,0.0,125.0,0.0,,13.08,50.238,0.0
2026-02-26 23:03:00,50.119,0.0,0.0,0.0,125.0,0.0,,13.08,50.119,0.0
2026-02-26 23:04:00,50.002,0.0,0.0,0.0,125.0,0.0,,13.08,50.002,0.0
2026-02-26 23:05:00,49.887,0.0,0.0,0.0,125.0,0.0,,13.08,49.887,0.0
2026-02-26 23:06:00,49.774,0.0,0.0,0.0,125.0,0.0,,13.08,49.774,0.0
2026-02-26 23:07:00,49.663,0.0,0.0,0.0,125.0,0.0,,13.08,49.663,0.0
2026-02-26 23:08:00,49.554,0.0,0.0,0.0,125.0,0.0,,13.08,49.554,0.0
2026-02-26 23:09:00,49.447,0.0,0.0,0.0,125.0,0.0,,13.08,49.447,0.0
2026-02-26 23:10:00,49.343,0.0,0.0,0.0,125.0,0.0,,13.08,49.343,0.0
2026-02-26 23:11:00,49.24,0.0,0.0,0.0,125.0,0.0,,13.08,49.24,0.0
2026-02-26 23:12:00,49.139,0.0,0.0,0.0,125.0,0.0,,13.08,49.139,0.0
2026-02-26 23:13:00,49.041,0.0,0.0,0.0,125.0,0.0,,13.08,49.041,0.0
2026-02-26 23:14:00,48.944,0.0,0.0,0.0,125.0,0.0,,13.08,48.944,0.0
2026-02-26 23:15:00,48.849,0.0,0.0,0.0,125.0,0.0,,13.08,48.849,0.0
2026-02-26 23:16:00,48.756,0.0,0.0,0.0,125.0,0.0,,13.08,48.756,0.0
2026-02-26 23:17:00,48.665,0.0,0.0,0.0,125.0,0.0,,13.08,48.665,0.0
2026-02-26 23:18:00,48.575,0.0,0.0,0.0,125.0,0.0,,13.08,48.575,0.0
2026-02-26 23:19:00,48.488,0.0,0.0,0.0,125.0,0.0,,13.08,48.488,0.0
2026-02-26 23:20:00,48.402,0.0,0.0,0.0,125.0,0.0,,13.08,48.402,0.0
2026-02-26 23:21:00,48.318,0.0,0.0,0.0,125.0,0.0,,13.08,48.318,0.0
2026-02-26 23:22:00,48.236,0.0,0.0,0.0,125.0,0.0,,13.08,48.236,0.0
2026-02-26 23:23:00,48.155,0.0,0.0,0.0,125.0,0.0,,13.08,48.155,0.0
2026-02-26 23:24:00,48.076,0.0,0.0,0.0,125.0,0.0,,13.08,48.076,0.0
2026-02-26 23:25:00,47.999,0.0,0.0,0.0,125.0,0.0,,13.08,47.999,0.0
2026-02-26 23:26:00,47.923,0.0,0.0,0.0,125.0,0.0,,13.08,47.923,0.0
2026-02-26 23:27:00,47.849,0.0,0.0,0.0,125.0,0.0,,13.08,47.849,0.0
2026-02-26 23:28:00,47.777,0.0,0.0,0.0,125.0,0.0,,13.08,47.777,0.0
2026-02-26 23:29:00,47.706,0.0,0.0,0.0,125.0,0.0,,13.08,47.706,0.0
2026-02-26 23:30:00,47.636,0.0,0.0,0.0,125.0,0.0,,13.08,47.636,0.0
2026-02-26 23:31:00,47.568,0.0,0.0,0.0,125.0,0.0,,13.08,47.568,0.0
2026-02-26 23:32:00,47.502,0.0,0.0,0.0,125.0,0.0,,13.08,47.502,0.0
2026-02-26 23:33:00,47.437,0.0,0.0,0.0,125.0,0.0,,13.08,47.437,0.0
2026-02-26 23:34:00,47.373,0.0,0.0,0.0,125.0,0.0,,13.08,47.373,0.0
2026-02-26 23:35:00,47.311,0.0,0.0,0.0,125.0,0.0,,13.08,47.311,0.0
2026-02-26 23:36:00,47.25,0.0,0.0,0.0,125.0,0.0,,13.08,47.25,0.0
2026-02-26 23:37:00,47.191,0.0,0.0,0.0,125.0,0.0,,13.08,47.191,0.0
2026-02-26 23:38:00,47.133,0.0,0.0,0.0,125.0,0.0,,13.08,47.133,0.0
2026-02-26 23:39:00,47.076,0.0,0.0,0.0,125.0,0.0,,13.08,47.076,0.0
2026-02-26 23:40:00,47.021,0.0,0.0,0.0,125.0,0.0,,13.08,47.021,0.0
2026-02-26 23:41:00,46.967,0.0,0.0,0.0,125.0,0.0,,13.08,46.967,0.0
2026-02-26 23:42:00,46.914,0.0,0.0,0.0,125.0,0.0,,13.08,46.914,0.0
2026-02-26 23:43:00,46.862,0.0,0.0,0.0,125.0,0.0,,13.08,46.862,0.0
2026-02-26 23:44:00,46.811,0.0,0.0,0.0,125.0,0.0,,13.08,46.811,0.0
2026-02-26 23:45:00,46.762,0.0,0.0,0.0,125.0,0.0,,13.08,46.762,0.0
2026-02-26 23:46:00,46.714,0.0,0.0,0.0,125.0,0.0,,13.08,46.714,0.0
2026-02-26 23:47:00,46.667,0.0,0.0,0.0,125.0,0.0,,13.08,46.667,0.0
2026-02-26 23:48:00,46.621,0.0,0.0,0.0,125.0,0.0,,13.08,46.621,0.0
2026-02-26 23:49:00,46.576,0.0,0.0,0.0,125.0,0.0,,13.08,46.576,0.0
2026-02-26 23:50:00,46.532,0.0,0.0,0.0,125.0,0.0,,13.08,46.532,0.0
2026-02-26 23:51:00,46.49,0.0,0.0,0.0,125.0,0.0,,13.08,46.49,0.0
2026-02-26 23:52:00,46.448,0.0,0.0,0.0,125.0,0.0,,13.08,46.448,0.0
2026-02-26 23:53:00,46.407,0.0,0.0,0.0,125.0,0.0,,13.08,46.407,0.0
2026-02-26 23:54:00,46.368,0.0,0.0,0.0,125.0,0.0,,13.08,46.368,0.0
2026-02-26 23:55:00,46.329,0.0,0.0,0.0,125.0,0.0,,13.08,46.329,0.0
2026-02-26 23:56:00,46.291,0.0,0.0,0.0,125.0,0.0,,13.08,46.291,0.0
2026-02-26 23:57:00,46.254,0.0,0.0,0.0,125.0,0.0,,13.08,46.254,0.0
2026-02-26 23:58:00,46.219,0.0,0.0,0.0,125.0,0.0,,13.08,46.219,0.0
2026-02-26 23:59:00,46.184,0.0,0.0,0.0,125.0,0.0,,13.08,46.184,0.0
